#pragma once

#include <Arduino.h>

// Background generico para a interface ES32Lab Eleicoes
// Resolucao nativa: 160 x 128 pixels
// Formato: RGB565 em PROGMEM
// Uso esperado: desenhar o frame de fundo e depois sobrepor textos, fotos e indicadores.

static constexpr uint16_t ES32LAB_UI_BG_WIDTH  = 160;
static constexpr uint16_t ES32LAB_UI_BG_HEIGHT = 128;

static const uint16_t ES32LAB_UI_BG_RGB565[] PROGMEM = {
    0x0245, 0x01A6, 0x0106, 0x010B, 0x00CB, 0x0191, 0x01F5, 0x01F4, 0x0130, 0x00CD, 0x00CD, 0x00AC,
    0x00AC, 0x00AC, 0x00AC, 0x00AC, 0x00AC, 0x00AB, 0x00AB, 0x00AB, 0x00AB, 0x00AB, 0x00AB, 0x008B,
    0x00AB, 0x00AB, 0x00AB, 0x00AB, 0x00AC, 0x00AC, 0x00AC, 0x00AC, 0x00AD, 0x00AC, 0x00AD, 0x00AD,
    0x00AD, 0x00AD, 0x00AE, 0x00CE, 0x00CE, 0x00CE, 0x00CE, 0x00CE, 0x00CF, 0x00CF, 0x00CF, 0x00CF,
    0x00CF, 0x00CF, 0x00CF, 0x00D0, 0x00D0, 0x00D0, 0x00F0, 0x00F1, 0x00F1, 0x00F1, 0x00F1, 0x00D1,
    0x00D1, 0x00F2, 0x00F2, 0x00F2, 0x00F2, 0x00F2, 0x00F2, 0x00F2, 0x00F3, 0x0113, 0x0114, 0x0114,
    0x0114, 0x0134, 0x0134, 0x0114, 0x0114, 0x0134, 0x0134, 0x0134, 0x0134, 0x0134, 0x0135, 0x0155,
    0x0155, 0x0155, 0x0155, 0x0155, 0x0175, 0x0175, 0x0175, 0x0176, 0x0176, 0x0196, 0x0196, 0x0196,
    0x0196, 0x0196, 0x0196, 0x01B6, 0x01D7, 0x01D7, 0x01D7, 0x01D7, 0x01D7, 0x01D7, 0x01F7, 0x01F7,
    0x0218, 0x0218, 0x0238, 0x0238, 0x0259, 0x0259, 0x027A, 0x029A, 0x029A, 0x02BB, 0x02BB, 0x02DB,
    0x02FB, 0x02FC, 0x031C, 0x033D, 0x0B5E, 0x0BBF, 0x0C3F, 0x1CFF, 0x1D9F, 0x151F, 0x0C7F, 0x0BDF,
    0x035E, 0x031C, 0x02DB, 0x029A, 0x0279, 0x0258, 0x0237, 0x0217, 0x01F6, 0x01F5, 0x01F5, 0x01D5,
    0x01D4, 0x01B3, 0x01B3, 0x0193, 0x0192, 0x0192, 0x0192, 0x0171, 0x0171, 0x0171, 0x0151, 0x0150,
    0x0150, 0x012F, 0x012F, 0x012F, 0x01C4, 0x0286, 0x0125, 0x0108, 0x00CB, 0x010D, 0x01F5, 0x0216,
    0x01D4, 0x00EE, 0x00EE, 0x00CE, 0x00CD, 0x00CD, 0x00CD, 0x00CD, 0x00AD, 0x00AD, 0x00AC, 0x00AC,
    0x00AC, 0x00AC, 0x00AC, 0x00AC, 0x00AC, 0x00AC, 0x00AC, 0x00AC, 0x00AC, 0x00AD, 0x00AD, 0x00AD,
    0x00AD, 0x00AE, 0x00AE, 0x00AE, 0x00AE, 0x00AE, 0x00CF, 0x00CF, 0x00CF, 0x00CF, 0x00D0, 0x00D0,
    0x00D0, 0x00D0, 0x00D0, 0x00D1, 0x00D1, 0x00D1, 0x00D1, 0x00D1, 0x00D1, 0x00F2, 0x00F2, 0x00F2,
    0x00F2, 0x00F3, 0x00F3, 0x00F2, 0x00F3, 0x00F3, 0x00F3, 0x00F3, 0x00F3, 0x00F4, 0x00F4, 0x0114,
    0x0115, 0x0115, 0x0115, 0x0115, 0x0135, 0x0135, 0x0135, 0x0115, 0x0115, 0x0136, 0x0136, 0x0136,
    0x0136, 0x0136, 0x0136, 0x0136, 0x0156, 0x0157, 0x0157, 0x0177, 0x0177, 0x0177, 0x0177, 0x0177,
    0x0197, 0x0197, 0x0197, 0x0197, 0x0197, 0x0197, 0x01B7, 0x01B7, 0x01B8, 0x01D8, 0x01D8, 0x01F8,
    0x01F8, 0x01F8, 0x01F8, 0x0218, 0x0219, 0x0239, 0x0259, 0x025A, 0x027A, 0x027A, 0x029A, 0x02BB,
    0x02BB, 0x02DC, 0x02DC, 0x02FC, 0x031D, 0x033D, 0x0B5E, 0x0B9F, 0x13FF, 0x149F, 0x1D7F, 0x261F,
    0x1D1F, 0x0C1F, 0x0B9F, 0x033D, 0x02FC, 0x02BB, 0x029A, 0x0279, 0x0258, 0x0238, 0x0217, 0x0237,
    0x0237, 0x0216, 0x01D5, 0x01D4, 0x01B4, 0x01D4, 0x0193, 0x0193, 0x0172, 0x0172, 0x0171, 0x0171,
    0x0151, 0x0150, 0x0150, 0x0130, 0x012F, 0x012F, 0x010E, 0x01D2, 0x01A3, 0x02A4, 0x0247, 0x00E5,
    0x012B, 0x00CC, 0x0170, 0x0278, 0x0257, 0x01B3, 0x00F0, 0x0110, 0x00F0, 0x00EF, 0x00EF, 0x00EF,
    0x00CF, 0x00CE, 0x00CE, 0x00CE, 0x00CE, 0x00AD, 0x00AD, 0x00AD, 0x00AD, 0x00AD, 0x00AD, 0x00AE,
    0x00AE, 0x00AE, 0x00CF, 0x00CF, 0x00CF, 0x00CF, 0x00D0, 0x00D0, 0x00D0, 0x00D0, 0x00D0, 0x00D1,
    0x00D1, 0x00D1, 0x00D1, 0x00D2, 0x00F2, 0x00F2, 0x00F3, 0x00F3, 0x00F3, 0x00F3, 0x00F4, 0x00F4,
    0x00F4, 0x00F4, 0x00F4, 0x0115, 0x0115, 0x00F5, 0x0115, 0x0115, 0x0115, 0x0115, 0x0115, 0x0116,
    0x0116, 0x0116, 0x0116, 0x0137, 0x0137, 0x0137, 0x0137, 0x0138, 0x0138, 0x0138, 0x0138, 0x0138,
    0x0138, 0x0158, 0x0158, 0x0159, 0x0159, 0x0159, 0x0159, 0x0159, 0x0179, 0x0179, 0x0179, 0x0179,
    0x0199, 0x0199, 0x0199, 0x0199, 0x01B9, 0x01B9, 0x01B9, 0x01B9, 0x01B9, 0x01B9, 0x01D9, 0x01D9,
    0x01D9, 0x01F9, 0x01F9, 0x01F9, 0x0219, 0x0219, 0x021A, 0x023A, 0x023A, 0x025A, 0x025B, 0x027B,
    0x029B, 0x029B, 0x02BC, 0x02DC, 0x02DC, 0x02FD, 0x031D, 0x033E, 0x0B5E, 0x0B7F, 0x0BBF, 0x141F,
    0x149F, 0x151F, 0x14FF, 0x0C5F, 0x0BBF, 0x035E, 0x031D, 0x02DC, 0x02BB, 0x027A, 0x0279, 0x0258,
    0x0279, 0x02BA, 0x01F6, 0x0258, 0x02BB, 0x029A, 0x01B4, 0x01F5, 0x0238, 0x01F6, 0x0171, 0x0192,
    0x0172, 0x0171, 0x0151, 0x0150, 0x0150, 0x0150, 0x012F, 0x012F, 0x012F, 0x010E, 0x0170, 0x01D1,
    0x0223, 0x0223, 0x0367, 0x0187, 0x0127, 0x00EC, 0x00EC, 0x0216, 0x0258, 0x0258, 0x0152, 0x0111,
    0x0111, 0x0111, 0x00F0, 0x00F0, 0x00F0, 0x00CF, 0x00CF, 0x00CF, 0x00CF, 0x00CF, 0x00CF, 0x00CF,
    0x00AF, 0x00AF, 0x00AF, 0x00AF, 0x00D0, 0x00D0, 0x00B0, 0x00D0, 0x00D1, 0x00D1, 0x00D1, 0x00D2,
    0x00D2, 0x00D2, 0x00D2, 0x00D2, 0x00D3, 0x00D3, 0x00F3, 0x00F4, 0x00F4, 0x00F4, 0x00F5, 0x00F5,
    0x00F5, 0x00F5, 0x00F6, 0x00F6, 0x0116, 0x00F6, 0x0116, 0x0117, 0x0117, 0x0117, 0x0117, 0x0118,
    0x0118, 0x0118, 0x0118, 0x0118, 0x0118, 0x0139, 0x0139, 0x0139, 0x0139, 0x013A, 0x013A, 0x015A,
    0x013A, 0x013A, 0x015A, 0x015A, 0x015A, 0x015B, 0x015B, 0x015B, 0x015B, 0x015B, 0x015B, 0x015B,
    0x015B, 0x017B, 0x017B, 0x019B, 0x019B, 0x019B, 0x019B, 0x019B, 0x01BB, 0x01BB, 0x01BB, 0x01BB,
    0x01BB, 0x01DB, 0x01DB, 0x01DB, 0x01FB, 0x01FB, 0x01FB, 0x021B, 0x021B, 0x023B, 0x023B, 0x025B,
    0x025C, 0x027C, 0x027C, 0x027C, 0x029C, 0x02BD, 0x02DD, 0x02DD, 0x02FD, 0x031E, 0x033E, 0x0B5F,
    0x0B7F, 0x0B9F, 0x0BDF, 0x141F, 0x143F, 0x0BFF, 0x0B9F, 0x035E, 0x033D, 0x02FC, 0x02DC, 0x029B,
    0x027A, 0x0259, 0x0259, 0x0238, 0x0279, 0x02FB, 0x0299, 0x027A, 0x027A, 0x0279, 0x0237, 0x0218,
    0x0219, 0x01B5, 0x0172, 0x0171, 0x0151, 0x0151, 0x0150, 0x0130, 0x0130, 0x012F, 0x012F, 0x010E,
    0x010E, 0x010D, 0x01B2, 0x012E, 0x0263, 0x0283, 0x0323, 0x0308, 0x0126, 0x014B, 0x00ED, 0x012F,
    0x0258, 0x0238, 0x0216, 0x0112, 0x0132, 0x0112, 0x00F2, 0x00F1, 0x00F1, 0x00F1, 0x00D1, 0x00D0,
    0x00D0, 0x00D0, 0x00D0, 0x00D0, 0x00D0, 0x00D0, 0x00D1, 0x00D1, 0x00D1, 0x00D1, 0x00D2, 0x00D2,
    0x00D2, 0x00D3, 0x00D3, 0x00D3, 0x00D4, 0x00D4, 0x00D4, 0x00D4, 0x00F5, 0x00D5, 0x00F5, 0x00F6,
    0x00F6, 0x00F6, 0x00F7, 0x00F7, 0x00F7, 0x0118, 0x0118, 0x0118, 0x0118, 0x0118, 0x0119, 0x0119,
    0x0119, 0x0119, 0x011A, 0x011A, 0x013A, 0x011A, 0x011A, 0x011B, 0x013B, 0x013B, 0x013B, 0x013B,
    0x013B, 0x013C, 0x015C, 0x015C, 0x015C, 0x015C, 0x013C, 0x013C, 0x015C, 0x015D, 0x015D, 0x015D,
    0x015D, 0x015D, 0x015D, 0x015D, 0x015D, 0x017D, 0x017D, 0x017D, 0x019D, 0x019D, 0x019D, 0x019D,
    0x01BD, 0x01BD, 0x01BC, 0x01BC, 0x01BC, 0x01DC, 0x01DC, 0x01DC, 0x01FC, 0x01FC, 0x021C, 0x021C,
    0x021C, 0x023C, 0x023C, 0x025C, 0x027D, 0x027D, 0x029D, 0x029D, 0x02BD, 0x02BD, 0x02DE, 0x02FE,
    0x031E, 0x031E, 0x0B3F, 0x0B7F, 0x0B9F, 0x0BBF, 0x0BBF, 0x0B9F, 0x0B7F, 0x0B5F, 0x033E, 0x02FD,
    0x02DC, 0x02BB, 0x029B, 0x027A, 0x0259, 0x0239, 0x0238, 0x01F7, 0x0258, 0x02BB, 0x02BB, 0x029B,
    0x025A, 0x0239, 0x027A, 0x025A, 0x01D7, 0x01F7, 0x01F8, 0x0194, 0x0193, 0x0151, 0x0130, 0x012F,
    0x012F, 0x010E, 0x010E, 0x010D, 0x00ED, 0x0170, 0x014F, 0x00EC, 0x02E3, 0x0303, 0x02C3, 0x03E7,
    0x026A, 0x0147, 0x010C, 0x00CB, 0x01D3, 0x0299, 0x0299, 0x01F5, 0x0133, 0x0153, 0x0133, 0x0132,
    0x0112, 0x0112, 0x0112, 0x00F1, 0x00F1, 0x00D1, 0x00D1, 0x00D1, 0x00D2, 0x00F2, 0x00F2, 0x00F2,
    0x00F3, 0x00D3, 0x00D3, 0x00F4, 0x00F4, 0x00F4, 0x00F4, 0x00F5, 0x00F5, 0x00F5, 0x00F6, 0x00F6,
    0x00F6, 0x00F7, 0x00F7, 0x00F7, 0x0118, 0x0118, 0x0118, 0x0118, 0x0119, 0x0119, 0x0139, 0x0119,
    0x011A, 0x011A, 0x013A, 0x013B, 0x013B, 0x013B, 0x013B, 0x013C, 0x013C, 0x015C, 0x013C, 0x013C,
    0x015C, 0x015D, 0x015D, 0x015D, 0x015D, 0x015D, 0x015E, 0x015E, 0x017E, 0x017E, 0x017E, 0x017E,
    0x017E, 0x019E, 0x019E, 0x019E, 0x019E, 0x019E, 0x019E, 0x019E, 0x01BE, 0x01BE, 0x01BE, 0x01BE,
    0x01BE, 0x01DE, 0x01DE, 0x01DE, 0x01DE, 0x01DE, 0x01DE, 0x01DE, 0x01FE, 0x01FE, 0x021E, 0x021E,
    0x021E, 0x023E, 0x023E, 0x023D, 0x025D, 0x025D, 0x027E, 0x027E, 0x029E, 0x029E, 0x02BE, 0x02BE,
    0x02DE, 0x02FE, 0x02FE, 0x031E, 0x033F, 0x033F, 0x035F, 0x0B7F, 0x0B7F, 0x0B7F, 0x0B5F, 0x035F,
    0x033E, 0x031D, 0x02FD, 0x02DC, 0x029B, 0x027B, 0x027A, 0x0259, 0x0239, 0x0218, 0x0218, 0x0279,
    0x02BB, 0x02BB, 0x029A, 0x027A, 0x025A, 0x025A, 0x0239, 0x0239, 0x01F9, 0x01F8, 0x01F8, 0x01F8,
    0x01D7, 0x0195, 0x0130, 0x010F, 0x010E, 0x010E, 0x010E, 0x010D, 0x010D, 0x0191, 0x00EC, 0x00EC,
    0x23C3, 0x0343, 0x0364, 0x03A4, 0x040A, 0x0168, 0x0169, 0x00ED, 0x012E, 0x0278, 0x0258, 0x0257,
    0x0194, 0x0174, 0x0173, 0x0153, 0x0153, 0x0133, 0x0133, 0x0112, 0x0112, 0x00F2, 0x00F2, 0x00F2,
    0x00F2, 0x00F3, 0x00F3, 0x00F3, 0x00F3, 0x00F3, 0x00F4, 0x00F4, 0x00F4, 0x00F5, 0x00F5, 0x00F6,
    0x00F6, 0x0116, 0x00F7, 0x00F7, 0x0117, 0x0118, 0x0118, 0x0118, 0x0119, 0x0119, 0x0119, 0x0139,
    0x011A, 0x013A, 0x013A, 0x013B, 0x013B, 0x013B, 0x013B, 0x013C, 0x013C, 0x015C, 0x015C, 0x015D,
    0x015D, 0x015D, 0x015D, 0x015D, 0x015E, 0x015E, 0x015E, 0x015E, 0x017E, 0x017E, 0x017E, 0x017E,
    0x017E, 0x017F, 0x019F, 0x019F, 0x019F, 0x01BF, 0x01BF, 0x01BF, 0x01BF, 0x01BF, 0x01BF, 0x01BF,
    0x01BF, 0x01DF, 0x01DF, 0x01DF, 0x01DF, 0x01DF, 0x01DF, 0x01FF, 0x01FF, 0x01FE, 0x01FE, 0x01FE,
    0x021E, 0x021F, 0x023F, 0x023E, 0x023E, 0x025E, 0x025E, 0x025E, 0x025E, 0x027E, 0x029E, 0x029E,
    0x029E, 0x02BE, 0x02BE, 0x02DE, 0x02FE, 0x02FF, 0x031F, 0x031F, 0x033F, 0x033F, 0x033F, 0x035F,
    0x033F, 0x033F, 0x031E, 0x02FE, 0x02DD, 0x02BD, 0x02BC, 0x029B, 0x027B, 0x027A, 0x025A, 0x0239,
    0x0238, 0x0218, 0x0238, 0x02BB, 0x029A, 0x02BB, 0x029A, 0x027A, 0x025A, 0x023A, 0x0239, 0x01F8,
    0x01F9, 0x01D8, 0x01D7, 0x01B6, 0x0196, 0x0197, 0x0174, 0x010F, 0x010E, 0x010E, 0x010D, 0x00EC,
    0x0150, 0x012D, 0x00EB, 0x00EB, 0xB561, 0x03A3, 0x03A4, 0x0383, 0x0466, 0x032D, 0x01AA, 0x016D,
    0x00CD, 0x0150, 0x0218, 0x0237, 0x0217, 0x0153, 0x0153, 0x0153, 0x0133, 0x0132, 0x0112, 0x0112,
    0x0112, 0x0113, 0x00F2, 0x00F2, 0x00F2, 0x00D3, 0x00D3, 0x00D3, 0x00F3, 0x00F3, 0x00D3, 0x00D4,
    0x00F4, 0x00F5, 0x00F5, 0x00F6, 0x00F6, 0x00F6, 0x00F7, 0x00F7, 0x0117, 0x0118, 0x0118, 0x0118,
    0x0119, 0x0119, 0x013A, 0x013A, 0x013A, 0x011A, 0x011A, 0x011B, 0x013B, 0x013B, 0x013B, 0x013C,
    0x013C, 0x013C, 0x015D, 0x015D, 0x015D, 0x015D, 0x015E, 0x015E, 0x015E, 0x015E, 0x015E, 0x015E,
    0x017E, 0x017F, 0x017F, 0x017F, 0x017F, 0x017F, 0x019F, 0x019F, 0x019F, 0x019F, 0x019F, 0x019F,
    0x01BF, 0x01BF, 0x01BF, 0x01BF, 0x01BF, 0x01BF, 0x01BF, 0x01DF, 0x01DF, 0x01DF, 0x01DF, 0x01DF,
    0x01DF, 0x01DF, 0x01FF, 0x01FE, 0x01FF, 0x021E, 0x021E, 0x021E, 0x021E, 0x023E, 0x025E, 0x025E,
    0x025E, 0x027E, 0x027E, 0x029E, 0x029E, 0x02BE, 0x02BE, 0x02DE, 0x02DE, 0x02FF, 0x02FF, 0x02FF,
    0x031F, 0x031F, 0x031F, 0x02FE, 0x02FE, 0x02DE, 0x02DD, 0x02BD, 0x029C, 0x027C, 0x027B, 0x025A,
    0x023A, 0x0239, 0x0219, 0x0218, 0x01F8, 0x01F7, 0x01F7, 0x0279, 0x029A, 0x0259, 0x027A, 0x027B,
    0x023A, 0x0219, 0x0218, 0x01F8, 0x01B8, 0x01B7, 0x01B6, 0x0196, 0x0196, 0x0197, 0x0174, 0x010F,
    0x010E, 0x010D, 0x00ED, 0x012E, 0x0170, 0x00CA, 0x00EB, 0x00EB, 0xFE20, 0x64E3, 0x03A4, 0x0404,
    0x0444, 0x0D4C, 0x028F, 0x01CB, 0x010D, 0x00CB, 0x01F4, 0x0258, 0x0237, 0x01B4, 0x0194, 0x0194,
    0x0194, 0x0173, 0x0173, 0x0153, 0x0153, 0x0133, 0x0133, 0x0113, 0x0113, 0x0113, 0x0113, 0x0114,
    0x0114, 0x0114, 0x0114, 0x0114, 0x0115, 0x0115, 0x0116, 0x0116, 0x0136, 0x0137, 0x0137, 0x0137,
    0x0138, 0x0138, 0x0138, 0x0139, 0x0139, 0x015A, 0x015A, 0x015A, 0x015A, 0x015A, 0x015B, 0x015B,
    0x015B, 0x015C, 0x015C, 0x017C, 0x017C, 0x017C, 0x017D, 0x017D, 0x017D, 0x017D, 0x019D, 0x019E,
    0x019E, 0x019E, 0x019E, 0x019E, 0x01BE, 0x01BF, 0x01DF, 0x01DF, 0x01DF, 0x01DF, 0x01FF, 0x01DF,
    0x01DF, 0x01DF, 0x01FF, 0x01FF, 0x021F, 0x01FF, 0x01FF, 0x021F, 0x021F, 0x021F, 0x023F, 0x023F,
    0x021F, 0x021F, 0x023F, 0x023F, 0x023F, 0x025F, 0x025F, 0x025F, 0x025F, 0x025F, 0x025F, 0x027F,
    0x027F, 0x027F, 0x027F, 0x029E, 0x029F, 0x02BF, 0x02DF, 0x02DF, 0x02DF, 0x02FE, 0x02FE, 0x031E,
    0x031F, 0x031F, 0x031F, 0x031F, 0x031F, 0x031F, 0x02FE, 0x02FE, 0x02DE, 0x02DD, 0x02BD, 0x029C,
    0x029C, 0x027B, 0x027B, 0x025A, 0x023A, 0x0239, 0x0219, 0x0218, 0x01F8, 0x01F7, 0x01D6, 0x01F6,
    0x0238, 0x01D6, 0x0259, 0x027A, 0x023A, 0x0219, 0x0218, 0x01F9, 0x01D7, 0x01D7, 0x01B7, 0x01B7,
    0x01B7, 0x0173, 0x010F, 0x010E, 0x010E, 0x010E, 0x00ED, 0x0191, 0x010C, 0x00EB, 0x00EB, 0x00EB,
    0xF580, 0xEE41, 0x1445, 0x0405, 0x0446, 0x0548, 0x1451, 0x01CE, 0x018D, 0x00CD, 0x014F, 0x0217,
    0x01F7, 0x01D6, 0x0195, 0x0174, 0x0174, 0x0174, 0x0154, 0x0154, 0x0154, 0x0153, 0x0133, 0x0133,
    0x0134, 0x0134, 0x0114, 0x0134, 0x0134, 0x0134, 0x0134, 0x0135, 0x0135, 0x0136, 0x0136, 0x0136,
    0x0137, 0x0157, 0x0157, 0x0157, 0x0158, 0x0158, 0x0158, 0x0159, 0x0159, 0x0159, 0x017A, 0x017A,
    0x017A, 0x015A, 0x017A, 0x017B, 0x017B, 0x017B, 0x017B, 0x017C, 0x017C, 0x017C, 0x017C, 0x019D,
    0x019D, 0x019D, 0x019D, 0x019D, 0x01BE, 0x01BE, 0x01BE, 0x01BE, 0x01BE, 0x01BE, 0x01BE, 0x01DE,
    0x01DE, 0x01DF, 0x01DF, 0x01DF, 0x01DF, 0x01DF, 0x01DF, 0x01FF, 0x01FF, 0x01FF, 0x01FF, 0x01FF,
    0x021F, 0x021F, 0x021F, 0x021F, 0x021F, 0x021F, 0x023F, 0x023F, 0x023F, 0x025F, 0x025F, 0x025F,
    0x025F, 0x027F, 0x027F, 0x027F, 0x029F, 0x029E, 0x029E, 0x029F, 0x02BF, 0x02DF, 0x02DF, 0x02DE,
    0x02DF, 0x02FF, 0x031F, 0x031F, 0x031F, 0x031F, 0x031E, 0x02FE, 0x02FE, 0x02FE, 0x02FE, 0x02DD,
    0x02BD, 0x02BD, 0x02BC, 0x029C, 0x027B, 0x027B, 0x025A, 0x023A, 0x0239, 0x0219, 0x0218, 0x0218,
    0x01F7, 0x01D6, 0x01D6, 0x01D6, 0x01B4, 0x01B4, 0x01B5, 0x01D6, 0x0239, 0x0218, 0x0238, 0x01F7,
    0x01D7, 0x01D7, 0x01D6, 0x01D7, 0x0195, 0x010F, 0x010E, 0x010E, 0x010E, 0x010E, 0x0150, 0x014F,
    0x00CA, 0x00EB, 0x00EB, 0x00CB, 0xEDA0, 0xFE60, 0x9E24, 0x04A6, 0x04E6, 0x0527, 0x15EE, 0x1353,
    0x022F, 0x014E, 0x00ED, 0x0171, 0x0A16, 0x0A16, 0x09D5, 0x11D5, 0x11D5, 0x11D5, 0x11D5, 0x0174,
    0x0154, 0x0154, 0x0154, 0x0134, 0x0134, 0x0134, 0x0134, 0x0134, 0x0134, 0x0134, 0x0135, 0x0155,
    0x0156, 0x0156, 0x0156, 0x0157, 0x0177, 0x0177, 0x0177, 0x0178, 0x0178, 0x0179, 0x0179, 0x0179,
    0x0179, 0x019A, 0x019A, 0x019A, 0x017A, 0x017A, 0x019B, 0x019B, 0x019B, 0x019B, 0x019C, 0x019C,
    0x019C, 0x019C, 0x019C, 0x019C, 0x01BC, 0x01BD, 0x01BD, 0x01BD, 0x01BD, 0x01BD, 0x01BE, 0x01BE,
    0x01BE, 0x01DE, 0x01BE, 0x01DE, 0x01DE, 0x01DE, 0x01DE, 0x01FE, 0x01FE, 0x01FE, 0x01FF, 0x01FF,
    0x01FF, 0x01FE, 0x01FF, 0x021E, 0x021E, 0x021F, 0x021F, 0x023F, 0x023F, 0x025F, 0x023F, 0x023E,
    0x025E, 0x025E, 0x027E, 0x027F, 0x027F, 0x029F, 0x029F, 0x029E, 0x029E, 0x029E, 0x02BF, 0x02BF,
    0x02DF, 0x02DF, 0x02FF, 0x02FF, 0x02FE, 0x02FF, 0x02FF, 0x02FF, 0x031E, 0x031F, 0x031E, 0x02FE,
    0x02FE, 0x02DE, 0x02DD, 0x02BD, 0x02BD, 0x029C, 0x029C, 0x027C, 0x027B, 0x025B, 0x025A, 0x023A,
    0x0239, 0x0219, 0x01F8, 0x01F8, 0x01F7, 0x01D6, 0x01D6, 0x01B5, 0x01B5, 0x0194, 0x0193, 0x0173,
    0x01D5, 0x0238, 0x0238, 0x01F7, 0x01F7, 0x01D6, 0x01D6, 0x01D6, 0x0194, 0x010E, 0x010F, 0x010F,
    0x010F, 0x012F, 0x0191, 0x00CA, 0x00EB, 0x00EB, 0x00EB, 0x010C, 0xF580, 0xFE20, 0xFF01, 0x3DA6,
    0x0506, 0x0568, 0x064B, 0x35D4, 0x0A72, 0x020F, 0x00ED, 0x00ED, 0x0131, 0x0153, 0x0153, 0x0153,
    0x0153, 0x0154, 0x0174, 0x09B5, 0x0174, 0x0175, 0x0155, 0x0155, 0x0155, 0x0155, 0x0155, 0x0155,
    0x0155, 0x0155, 0x0155, 0x0176, 0x0176, 0x0176, 0x0177, 0x0177, 0x0197, 0x0198, 0x0198, 0x0198,
    0x0198, 0x0199, 0x01B9, 0x01B9, 0x01B9, 0x0199, 0x01BA, 0x01BA, 0x01BA, 0x01BA, 0x01BB, 0x01BB,
    0x01BB, 0x01BB, 0x01BB, 0x01BB, 0x01BC, 0x01BC, 0x01BC, 0x01BC, 0x01DC, 0x01DC, 0x01DD, 0x01DD,
    0x01DD, 0x01DD, 0x01DD, 0x01DD, 0x01DD, 0x01DE, 0x01DE, 0x01FE, 0x01FE, 0x01FE, 0x01FE, 0x01FE,
    0x01FE, 0x01FE, 0x01FE, 0x01FE, 0x01FE, 0x021E, 0x021E, 0x021E, 0x021E, 0x023E, 0x023E, 0x023F,
    0x025F, 0x025F, 0x025F, 0x025F, 0x025F, 0x027E, 0x027F, 0x027E, 0x029E, 0x029F, 0x029F, 0x029E,
    0x02BE, 0x02BE, 0x02BE, 0x02DF, 0x02DF, 0x02FF, 0x02FF, 0x02FE, 0x02FE, 0x02FE, 0x02FE, 0x02FE,
    0x02FE, 0x02FE, 0x02FE, 0x02FE, 0x02DE, 0x02DD, 0x02BD, 0x02BD, 0x029C, 0x027C, 0x027B, 0x027B,
    0x025B, 0x025A, 0x023A, 0x023A, 0x0219, 0x0218, 0x01F8, 0x01F7, 0x01D7, 0x01D6, 0x01B6, 0x01B5,
    0x0195, 0x0194, 0x0194, 0x0173, 0x0172, 0x0258, 0x0217, 0x0217, 0x0217, 0x01F6, 0x01D7, 0x01D5,
    0x0151, 0x010F, 0x010F, 0x010F, 0x010E, 0x0192, 0x012D, 0x00CA, 0x00EB, 0x00EB, 0x010E, 0x012E,
    0xED40, 0xF5E0, 0xFEA0, 0xD6C3, 0x0547, 0x0588, 0x05EA, 0x16CF, 0x2434, 0x0210, 0x018E, 0x00ED,
    0x010F, 0x0131, 0x0132, 0x0133, 0x0153, 0x0153, 0x0153, 0x0995, 0x09B6, 0x0175, 0x0175, 0x0175,
    0x0175, 0x0175, 0x0175, 0x0175, 0x0176, 0x0176, 0x0176, 0x0196, 0x0196, 0x0197, 0x0197, 0x0197,
    0x01B8, 0x01B8, 0x01B9, 0x01D9, 0x01B9, 0x01D9, 0x01D9, 0x01DA, 0x01DA, 0x01DA, 0x01DA, 0x01DA,
    0x01DA, 0x01DB, 0x01DB, 0x01FB, 0x01FB, 0x01DB, 0x01DB, 0x01DC, 0x01DC, 0x01DC, 0x01FC, 0x01FC,
    0x01FC, 0x01FC, 0x01FD, 0x01FD, 0x01FD, 0x01FD, 0x01FD, 0x01FD, 0x01FD, 0x01FD, 0x01FD, 0x021E,
    0x021E, 0x021E, 0x021E, 0x01FE, 0x021E, 0x021E, 0x021E, 0x021E, 0x021E, 0x021E, 0x021E, 0x023E,
    0x023E, 0x023E, 0x025E, 0x025E, 0x025F, 0x027F, 0x027F, 0x027F, 0x027F, 0x029F, 0x029F, 0x029F,
    0x02BE, 0x02BF, 0x02BF, 0x02BF, 0x02BF, 0x02DF, 0x02DF, 0x02DE, 0x02DE, 0x02FE, 0x02FE, 0x02FE,
    0x02FE, 0x02FE, 0x02FE, 0x02FE, 0x02FE, 0x02FE, 0x02DE, 0x02DE, 0x02BD, 0x02BD, 0x02BD, 0x029C,
    0x029C, 0x029C, 0x027B, 0x025B, 0x025A, 0x025A, 0x023A, 0x0239, 0x0219, 0x0218, 0x01F8, 0x01F7,
    0x01D7, 0x01D6, 0x01B6, 0x01B5, 0x01B5, 0x0194, 0x0193, 0x0173, 0x0173, 0x0236, 0x0237, 0x0238,
    0x0217, 0x01D5, 0x01D5, 0x0172, 0x0130, 0x0130, 0x012F, 0x010F, 0x0150, 0x0191, 0x00CA, 0x00EB,
    0x00EB, 0x012E, 0x014F, 0x010D, 0xED40, 0xF5A0, 0xFE60, 0xFF20, 0x7666, 0x0568, 0x05C9, 0x062B,
    0x1651, 0x02D2, 0x020F, 0x010E, 0x010E, 0x010F, 0x0131, 0x0132, 0x0152, 0x0152, 0x0153, 0x0153,
    0x1216, 0x01D7, 0x01B6, 0x01B6, 0x01B6, 0x01B6, 0x01B6, 0x0196, 0x01B6, 0x01B6, 0x01B7, 0x01D7,
    0x01D7, 0x01D8, 0x01F8, 0x01F8, 0x01F9, 0x0219, 0x0219, 0x021A, 0x021A, 0x023A, 0x023A, 0x023A,
    0x025B, 0x025B, 0x025B, 0x025B, 0x025B, 0x025B, 0x025B, 0x025C, 0x023C, 0x023C, 0x023C, 0x023C,
    0x023C, 0x023C, 0x025C, 0x023C, 0x023C, 0x023C, 0x023D, 0x023D, 0x023D, 0x025D, 0x025D, 0x025D,
    0x025E, 0x025E, 0x025E, 0x025E, 0x025E, 0x025E, 0x025E, 0x025E, 0x025E, 0x025E, 0x027E, 0x027E,
    0x027E, 0x027E, 0x027E, 0x029E, 0x029E, 0x029E, 0x029E, 0x029E, 0x02BE, 0x02BE, 0x02BE, 0x02BE,
    0x02DE, 0x02DE, 0x02FF, 0x02FF, 0x02FE, 0x02FF, 0x02FF, 0x02FF, 0x031E, 0x031F, 0x031F, 0x031E,
    0x031E, 0x031E, 0x031E, 0x031E, 0x033E, 0x031E, 0x033E, 0x031E, 0x031E, 0x031E, 0x031E, 0x02FD,
    0x02FD, 0x02DD, 0x02DD, 0x02BC, 0x02BC, 0x02BC, 0x029B, 0x029B, 0x027B, 0x027A, 0x025A, 0x025A,
    0x0239, 0x0239, 0x0218, 0x0218, 0x01F7, 0x01F6, 0x01D6, 0x01D5, 0x01D5, 0x01B4, 0x0194, 0x0193,
    0x0193, 0x0193, 0x0236, 0x0237, 0x01F6, 0x01F6, 0x01D4, 0x0171, 0x0150, 0x0150, 0x0150, 0x0130,
    0x01F3, 0x010C, 0x00CA, 0x00EB, 0x012D, 0x0170, 0x014F, 0x00EB, 0xC420, 0xFDA0, 0xFE00, 0xFEC0,
    0xF721, 0x25A7, 0x05A9, 0x05CA, 0x064C, 0x04B1, 0x01CE, 0x01AE, 0x00EE, 0x010F, 0x0130, 0x0131,
    0x0132, 0x0152, 0x0152, 0x0153, 0x0194, 0x1258, 0x01D7, 0x01D6, 0x01D6, 0x01D6, 0x01D6, 0x01D7,
    0x01D7, 0x01D7, 0x01F7, 0x01F8, 0x01F8, 0x0218, 0x0239, 0x0239, 0x0239, 0x025A, 0x025A, 0x027A,
    0x027B, 0x027B, 0x029B, 0x029C, 0x02BC, 0x029C, 0x029B, 0x029B, 0x029C, 0x029C, 0x029C, 0x027C,
    0x027C, 0x027C, 0x027C, 0x027C, 0x027C, 0x027C, 0x027C, 0x027C, 0x027D, 0x029D, 0x027D, 0x027D,
    0x027D, 0x027D, 0x027D, 0x029D, 0x027D, 0x027D, 0x029E, 0x029E, 0x029E, 0x027E, 0x029E, 0x029E,
    0x029E, 0x029E, 0x029E, 0x029E, 0x02BE, 0x02BE, 0x02BE, 0x02BE, 0x02BE, 0x02BE, 0x02DE, 0x02DE,
    0x02DE, 0x02DE, 0x02FE, 0x02FE, 0x02FE, 0x02FE, 0x031E, 0x031E, 0x031E, 0x031E, 0x031E, 0x031E,
    0x033E, 0x033E, 0x033E, 0x033E, 0x033E, 0x033E, 0x033E, 0x035E, 0x035E, 0x035E, 0x035E, 0x033E,
    0x033E, 0x033E, 0x033E, 0x031D, 0x031D, 0x02FD, 0x02FD, 0x02FC, 0x02DC, 0x02BC, 0x02BC, 0x02BB,
    0x029B, 0x027A, 0x027A, 0x025A, 0x0259, 0x0239, 0x0238, 0x0218, 0x0217, 0x01F7, 0x01F6, 0x01D5,
    0x01D5, 0x01B4, 0x01B4, 0x0193, 0x0193, 0x0192, 0x0215, 0x0216, 0x0217, 0x01B3, 0x0151, 0x0151,
    0x0171, 0x0171, 0x0150, 0x01B2, 0x01D1, 0x00CB, 0x010C, 0x010C, 0x0170, 0x0192, 0x012D, 0x00CA,
    0x9AC0, 0xE520, 0xFDA0, 0xF640, 0xFF00, 0xAEC5, 0x0589, 0x05A9, 0x056A, 0x058C, 0x02F0, 0x01CE,
    0x014F, 0x010F, 0x0130, 0x0131, 0x0131, 0x0152, 0x0152, 0x0173, 0x0153, 0x0A56, 0x0258, 0x01F8,
    0x0218, 0x0218, 0x0218, 0x0218, 0x0218, 0x0218, 0x0239, 0x0239, 0x0259, 0x027A, 0x029A, 0x029A,
    0x02BB, 0x02DB, 0x02DC, 0x02FC, 0x02FC, 0x031D, 0x033D, 0x035D, 0x033D, 0x033D, 0x031D, 0x031D,
    0x031D, 0x031D, 0x031D, 0x031D, 0x02FD, 0x02FD, 0x02FD, 0x02FD, 0x02FD, 0x02FD, 0x02FD, 0x02FD,
    0x02FD, 0x02FD, 0x02DD, 0x02DD, 0x02DD, 0x02DD, 0x02FE, 0x02FE, 0x02FE, 0x02FE, 0x02FE, 0x02FE,
    0x02FE, 0x02FE, 0x02FE, 0x02FE, 0x02FE, 0x02FE, 0x02FE, 0x02FE, 0x02FE, 0x031E, 0x031E, 0x031E,
    0x031E, 0x031E, 0x033E, 0x033E, 0x033E, 0x033E, 0x035F, 0x035F, 0x035F, 0x037F, 0x037F, 0x037F,
    0x037F, 0x039F, 0x037F, 0x039F, 0x039F, 0x039F, 0x039F, 0x03BF, 0x03BF, 0x03BF, 0x03BF, 0x03BF,
    0x03BF, 0x039F, 0x039E, 0x039E, 0x037E, 0x037E, 0x037E, 0x037E, 0x035E, 0x035D, 0x033D, 0x033D,
    0x031D, 0x02FC, 0x02FC, 0x02FC, 0x02DB, 0x02BB, 0x02BB, 0x029A, 0x027A, 0x0279, 0x0259, 0x0259,
    0x0238, 0x0237, 0x0217, 0x01F6, 0x01F6, 0x01D5, 0x01D5, 0x01B4, 0x01B4, 0x0216, 0x0278, 0x0258,
    0x0237, 0x0172, 0x0192, 0x0172, 0x0172, 0x0172, 0x0171, 0x0233, 0x010C, 0x010C, 0x012E, 0x0170,
    0x01B3, 0x0191, 0x010C, 0x010B, 0xA2E1, 0xC442, 0xFE42, 0xFE81, 0xFF42, 0xFFA3, 0x5E69, 0x05CB,
    0x05CC, 0x060C, 0x05B1, 0x02B2, 0x0231, 0x01B2, 0x01D3, 0x01D4, 0x01F5, 0x0215, 0x0216, 0x0236,
    0x0237, 0x0257, 0x039A, 0x02FB, 0x02FB, 0x031B, 0x031B, 0x031B, 0x033C, 0x035C, 0x037C, 0x039C,
    0x039D, 0x03BD, 0x03DD, 0x041E, 0x043E, 0x043E, 0x045E, 0x047F, 0x049F, 0x04BF, 0x04DF, 0x04FF,
    0x04FF, 0x04FF, 0x04DF, 0x04BF, 0x049F, 0x047F, 0x047F, 0x045F, 0x045F, 0x045F, 0x045F, 0x045F,
    0x045F, 0x043F, 0x045F, 0x045F, 0x043F, 0x043F, 0x043F, 0x043F, 0x043F, 0x043F, 0x043F, 0x043F,
    0x043F, 0x043F, 0x045F, 0x043F, 0x045F, 0x045F, 0x045F, 0x045F, 0x045F, 0x047F, 0x045F, 0x045F,
    0x045F, 0x047F, 0x045F, 0x047F, 0x047F, 0x047F, 0x049F, 0x047F, 0x049F, 0x049F, 0x04BF, 0x04BF,
    0x04BF, 0x04BF, 0x04DF, 0x04DF, 0x04DF, 0x04DF, 0x04DF, 0x04DF, 0x04FF, 0x04FF, 0x04FF, 0x051F,
    0x04FF, 0x04FF, 0x051F, 0x04FF, 0x04FF, 0x04FF, 0x04FF, 0x04FF, 0x04DF, 0x04DF, 0x04BF, 0x04BF,
    0x049F, 0x049F, 0x047F, 0x047F, 0x045F, 0x043F, 0x041F, 0x041E, 0x03FE, 0x03DE, 0x03BD, 0x03BD,
    0x039D, 0x037C, 0x035C, 0x035C, 0x033B, 0x031B, 0x02FA, 0x02DA, 0x02DA, 0x02B9, 0x0298, 0x0278,
    0x0278, 0x0277, 0x02B8, 0x02F9, 0x0256, 0x0256, 0x0256, 0x0256, 0x0236, 0x0216, 0x02F8, 0x0253,
    0x016F, 0x01D1, 0x01F2, 0x0297, 0x0297, 0x01D1, 0x01B0, 0x01B0, 0x25B5, 0x25B5, 0x3E56, 0x4E96,
    0x4676, 0x4655, 0x3676, 0x0658, 0x0678, 0x0658, 0x0658, 0x05D9, 0x0599, 0x0579, 0x0579, 0x059A,
    0x059A, 0x059A, 0x05BA, 0x059A, 0x05BA, 0x059A, 0x05DB, 0x05DB, 0x05DB, 0x05FB, 0x05FB, 0x05FC,
    0x05FC, 0x061C, 0x061C, 0x061C, 0x063C, 0x063D, 0x065D, 0x165D, 0x1E7E, 0x267E, 0x2E9E, 0x369E,
    0x3EBE, 0x3EBF, 0x46FF, 0x4EFF, 0x4EFF, 0x4EFF, 0x46DF, 0x36BE, 0x2E9E, 0x1E9E, 0x1E7E, 0x167D,
    0x067D, 0x067D, 0x067D, 0x065D, 0x065D, 0x065D, 0x063C, 0x063C, 0x063C, 0x063C, 0x063C, 0x065C,
    0x063C, 0x063C, 0x063C, 0x063D, 0x063D, 0x063C, 0x063C, 0x063C, 0x063C, 0x063C, 0x065C, 0x065C,
    0x065C, 0x063C, 0x063C, 0x063D, 0x065C, 0x065C, 0x065D, 0x065D, 0x065D, 0x065D, 0x065D, 0x065D,
    0x065D, 0x065D, 0x065D, 0x065D, 0x067D, 0x065D, 0x065D, 0x065D, 0x065D, 0x065D, 0x067D, 0x067D,
    0x067D, 0x067D, 0x067D, 0x067D, 0x067D, 0x067D, 0x067D, 0x067D, 0x067D, 0x067D, 0x067D, 0x067D,
    0x067D, 0x067D, 0x065D, 0x065D, 0x065D, 0x065D, 0x065D, 0x065C, 0x063C, 0x063C, 0x065C, 0x063C,
    0x063C, 0x063C, 0x061C, 0x061C, 0x061C, 0x061C, 0x061C, 0x061C, 0x05FB, 0x05FB, 0x05DB, 0x05DB,
    0x05DB, 0x05DB, 0x05DB, 0x05BA, 0x05BA, 0x05BA, 0x059A, 0x059A, 0x05BA, 0x059A, 0x05BA, 0x05BA,
    0x059A, 0x059A, 0x05DA, 0x0559, 0x0579, 0x0579, 0x0579, 0x0579, 0x059A, 0x0599, 0x0579, 0x0579,
    0x0086, 0x00A6, 0x0086, 0x0087, 0x00A8, 0x00A8, 0x00A8, 0x00C9, 0x00C9, 0x00C8, 0x00A8, 0x00E9,
    0x00E9, 0x00E9, 0x0109, 0x0109, 0x00E9, 0x00E9, 0x0109, 0x0109, 0x0109, 0x0109, 0x00E9, 0x010A,
    0x010A, 0x010A, 0x010B, 0x012B, 0x012C, 0x014C, 0x014C, 0x014D, 0x016E, 0x016E, 0x018F, 0x0190,
    0x09B1, 0x09D2, 0x09F3, 0x0A14, 0x0A35, 0x0A77, 0x1298, 0x12B8, 0x12B8, 0x1297, 0x0A76, 0x0A35,
    0x0A14, 0x09F3, 0x01B2, 0x01B1, 0x0190, 0x016F, 0x016E, 0x014E, 0x014D, 0x014D, 0x012D, 0x012C,
    0x012C, 0x012C, 0x012C, 0x012C, 0x012C, 0x012C, 0x012C, 0x012C, 0x012C, 0x012C, 0x012C, 0x012C,
    0x012C, 0x012C, 0x012C, 0x012C, 0x012C, 0x012C, 0x012D, 0x012D, 0x012D, 0x014D, 0x014D, 0x014D,
    0x014D, 0x014D, 0x014D, 0x014D, 0x014D, 0x014E, 0x014E, 0x014E, 0x014E, 0x014E, 0x014E, 0x014E,
    0x014E, 0x014E, 0x014E, 0x014E, 0x014E, 0x014E, 0x016F, 0x016F, 0x014E, 0x014E, 0x014E, 0x014E,
    0x014E, 0x014E, 0x014D, 0x014D, 0x014D, 0x014D, 0x014D, 0x014D, 0x014D, 0x014D, 0x012C, 0x012C,
    0x012C, 0x012C, 0x012C, 0x012B, 0x012B, 0x012B, 0x012B, 0x010A, 0x010A, 0x010A, 0x012A, 0x010A,
    0x0109, 0x0109, 0x0109, 0x0109, 0x0109, 0x0109, 0x0109, 0x0109, 0x0108, 0x0108, 0x0108, 0x0108,
    0x0108, 0x0108, 0x0108, 0x0108, 0x0107, 0x0107, 0x00E7, 0x0108, 0x0107, 0x0107, 0x0107, 0x00E6,
    0x00C6, 0x00E6, 0x00C6, 0x00C5, 0x0043, 0x0044, 0x0044, 0x00A7, 0x00A7, 0x00A8, 0x00A8, 0x0087,
    0x0087, 0x00A7, 0x00A7, 0x00A7, 0x0087, 0x00A8, 0x00A8, 0x00A8, 0x00A8, 0x00A8, 0x00A8, 0x00A8,
    0x00A9, 0x00A8, 0x00C9, 0x00C9, 0x00C9, 0x00C9, 0x00CA, 0x00CA, 0x00EA, 0x00EA, 0x00EB, 0x00EB,
    0x010B, 0x010C, 0x010D, 0x012D, 0x012E, 0x012E, 0x014E, 0x014F, 0x0170, 0x0170, 0x0171, 0x0171,
    0x0171, 0x0170, 0x0170, 0x014F, 0x014F, 0x012E, 0x012E, 0x012D, 0x010D, 0x010C, 0x010C, 0x010C,
    0x00EB, 0x00EB, 0x00EB, 0x00EB, 0x00EB, 0x00EB, 0x00EB, 0x00EB, 0x00EB, 0x00EB, 0x00EB, 0x00EB,
    0x00EB, 0x00EB, 0x00EB, 0x00EB, 0x00EB, 0x00EB, 0x00EC, 0x00EC, 0x00EC, 0x00EC, 0x00EC, 0x00EC,
    0x00EC, 0x010C, 0x010C, 0x00EC, 0x010C, 0x010C, 0x010D, 0x010D, 0x010D, 0x010D, 0x010D, 0x010D,
    0x010D, 0x010D, 0x010D, 0x010D, 0x010D, 0x012E, 0x012E, 0x010D, 0x010E, 0x010E, 0x012E, 0x012D,
    0x012D, 0x010D, 0x010D, 0x010D, 0x010D, 0x010D, 0x010D, 0x010C, 0x010C, 0x010C, 0x010C, 0x010C,
    0x010B, 0x00EB, 0x00EB, 0x00EB, 0x00EB, 0x00EA, 0x00CA, 0x00EA, 0x00CA, 0x00CA, 0x00CA, 0x00C9,
    0x00C9, 0x00C9, 0x00C9, 0x00C9, 0x00C9, 0x00C9, 0x00C8, 0x00A8, 0x00A8, 0x00A8, 0x00A8, 0x00A7,
    0x00A7, 0x00A7, 0x00A7, 0x00A7, 0x00A7, 0x00A7, 0x00A7, 0x00C7, 0x00C6, 0x00C6, 0x00C6, 0x00C6,
    0x00C6, 0x00C6, 0x00E6, 0x0107, 0x00C6, 0x0063, 0x0064, 0x0064, 0x0064, 0x0044, 0x0087, 0x00A8,
    0x0086, 0x0065, 0x0086, 0x0065, 0x0065, 0x0065, 0x0065, 0x0065, 0x0086, 0x0086, 0x0086, 0x0086,
    0x0086, 0x0086, 0x0086, 0x0086, 0x0087, 0x0087, 0x00A7, 0x00A7, 0x00A7, 0x00A8, 0x00A8, 0x00A8,
    0x00A8, 0x00A8, 0x00C9, 0x00C9, 0x00C9, 0x00CA, 0x00EA, 0x00EA, 0x00EB, 0x00EB, 0x00EB, 0x010C,
    0x010C, 0x010D, 0x010D, 0x010D, 0x010D, 0x010D, 0x010C, 0x010C, 0x00EC, 0x00EB, 0x00EB, 0x00EB,
    0x00EA, 0x00CA, 0x00CA, 0x00C9, 0x00C9, 0x00C9, 0x00C9, 0x00C9, 0x00C9, 0x00A9, 0x00A9, 0x00A9,
    0x00A9, 0x00A9, 0x00C9, 0x00C9, 0x00C9, 0x00C9, 0x00C9, 0x00C9, 0x00C9, 0x00CA, 0x00CA, 0x00CA,
    0x00CA, 0x00CA, 0x00CA, 0x00CA, 0x00CA, 0x00CA, 0x00CA, 0x00CA, 0x00CA, 0x00CB, 0x00CB, 0x00CB,
    0x00EB, 0x00EB, 0x00EB, 0x00EB, 0x00EB, 0x00EB, 0x00EB, 0x00EC, 0x00EC, 0x00EC, 0x00EC, 0x00EC,
    0x00EC, 0x00EC, 0x00EC, 0x00EC, 0x00EC, 0x00EC, 0x00EB, 0x00EB, 0x00EB, 0x00EB, 0x00EB, 0x00EB,
    0x00CA, 0x00CA, 0x00CA, 0x00CA, 0x00CA, 0x00C9, 0x00C9, 0x00C9, 0x00C9, 0x00C9, 0x00C8, 0x00A8,
    0x00A8, 0x00A8, 0x00A8, 0x00A8, 0x00A7, 0x00A7, 0x00A7, 0x00A7, 0x00A7, 0x00A7, 0x00A7, 0x00A7,
    0x00A6, 0x0086, 0x0086, 0x0086, 0x0086, 0x0086, 0x0086, 0x0085, 0x00A5, 0x00A5, 0x00A5, 0x00A5,
    0x00A5, 0x00A5, 0x00C5, 0x00A5, 0x00C5, 0x00C4, 0x00C4, 0x00E4, 0x0126, 0x0106, 0x00A3, 0x00A4,
    0x0044, 0x0087, 0x00A7, 0x0065, 0x0065, 0x0085, 0x0086, 0x0066, 0x0066, 0x0065, 0x0086, 0x0086,
    0x0086, 0x0086, 0x0086, 0x0086, 0x0086, 0x0086, 0x0087, 0x00A7, 0x00A7, 0x00A7, 0x00A7, 0x00A7,
    0x00A7, 0x00A8, 0x00A8, 0x00A8, 0x00A8, 0x00A8, 0x00C9, 0x00C9, 0x00C9, 0x00C9, 0x00CA, 0x00CA,
    0x00EA, 0x00EB, 0x00EB, 0x00EB, 0x00EB, 0x00EC, 0x010C, 0x010C, 0x00EC, 0x00EB, 0x00EB, 0x00EB,
    0x00EB, 0x00EB, 0x00EB, 0x00EA, 0x00CA, 0x00CA, 0x00CA, 0x00C9, 0x00C9, 0x00C9, 0x00C9, 0x00C9,
    0x00C9, 0x00C9, 0x00C9, 0x00C9, 0x00C9, 0x00C9, 0x00C9, 0x00CA, 0x00CA, 0x00CA, 0x00CA, 0x00CA,
    0x00CA, 0x00CA, 0x00CA, 0x00CA, 0x00CA, 0x00CA, 0x00CA, 0x00CB, 0x00EB, 0x00EB, 0x00EB, 0x00EB,
    0x00EB, 0x00EB, 0x00EB, 0x00EB, 0x00EC, 0x00EC, 0x00EC, 0x00EC, 0x00EC, 0x00EC, 0x00EC, 0x00EC,
    0x00EC, 0x00EC, 0x00EC, 0x010D, 0x010D, 0x00EC, 0x00EC, 0x00EC, 0x00EC, 0x00EC, 0x00EC, 0x00EC,
    0x00EB, 0x00EB, 0x00EB, 0x00EB, 0x00EA, 0x00EA, 0x00EA, 0x00EA, 0x00EA, 0x00CA, 0x00C9, 0x00C9,
    0x00C9, 0x00C9, 0x00C9, 0x00C9, 0x00A8, 0x00A8, 0x00A8, 0x00A8, 0x00A8, 0x00A7, 0x00A7, 0x00A7,
    0x00A7, 0x00A7, 0x00A7, 0x00A7, 0x00A7, 0x00A7, 0x00A6, 0x00A6, 0x00A6, 0x00A6, 0x00A6, 0x00A6,
    0x00A5, 0x00A5, 0x00A5, 0x00A5, 0x00A5, 0x00C5, 0x00E5, 0x00E5, 0x0105, 0x0104, 0x0104, 0x0124,
    0x0104, 0x0146, 0x00E5, 0x00A3, 0x0065, 0x00A8, 0x0065, 0x0085, 0x0065, 0x0065, 0x0086, 0x0086,
    0x0086, 0x0085, 0x0087, 0x0087, 0x0086, 0x0087, 0x0086, 0x0087, 0x0086, 0x0087, 0x00A7, 0x00A7,
    0x00A8, 0x00A7, 0x00A7, 0x00A7, 0x00A7, 0x00A8, 0x00A8, 0x00A8, 0x00A8, 0x00A8, 0x00A8, 0x00C9,
    0x00C9, 0x00C9, 0x00C9, 0x00C9, 0x00CA, 0x00CA, 0x00EA, 0x00EA, 0x00EA, 0x00EB, 0x00EB, 0x00EB,
    0x00EB, 0x00EB, 0x00EB, 0x00EB, 0x00EA, 0x00CA, 0x00EA, 0x00CA, 0x00CA, 0x00CA, 0x00C9, 0x00C9,
    0x00C9, 0x00C9, 0x00C9, 0x00C9, 0x00C9, 0x00C9, 0x00C9, 0x00C9, 0x00C9, 0x00C9, 0x00CA, 0x00CA,
    0x00CA, 0x00CA, 0x00CA, 0x00CA, 0x00CA, 0x00CA, 0x00CA, 0x00CB, 0x00CB, 0x00CB, 0x00CB, 0x00EB,
    0x00EB, 0x00EB, 0x00EB, 0x00EC, 0x00EC, 0x00EC, 0x00EC, 0x00EC, 0x00EC, 0x00EC, 0x00EC, 0x00EC,
    0x00EC, 0x00EC, 0x00ED, 0x010D, 0x010D, 0x00ED, 0x010D, 0x010D, 0x010D, 0x010D, 0x010D, 0x010D,
    0x010D, 0x00EC, 0x00EC, 0x00EC, 0x00EC, 0x00EB, 0x00EB, 0x00EB, 0x00EB, 0x00EA, 0x00EA, 0x00EA,
    0x00EA, 0x00CA, 0x00CA, 0x00C9, 0x00C9, 0x00C9, 0x00C9, 0x00C9, 0x00C8, 0x00A8, 0x00A8, 0x00A8,
    0x00A8, 0x00A7, 0x00A7, 0x00A7, 0x00A7, 0x00A7, 0x00A7, 0x00A7, 0x00A7, 0x00A7, 0x00A6, 0x00A6,
    0x00A6, 0x00A6, 0x00A6, 0x00A6, 0x00A6, 0x00C5, 0x00C5, 0x00E5, 0x00E5, 0x0105, 0x0105, 0x0124,
    0x0124, 0x0124, 0x0124, 0x0124, 0x0124, 0x0124, 0x01A7, 0x0104, 0x0086, 0x0087, 0x0065, 0x0085,
    0x0086, 0x0065, 0x0086, 0x0086, 0x0086, 0x0086, 0x0086, 0x0086, 0x0086, 0x0087, 0x0086, 0x0086,
    0x0086, 0x0087, 0x00A7, 0x0087, 0x00A7, 0x00A7, 0x00A7, 0x00A7, 0x00A7, 0x00A8, 0x00A7, 0x00A8,
    0x00A8, 0x00A8, 0x00A8, 0x00A8, 0x00C8, 0x00C9, 0x00C9, 0x00C9, 0x00C9, 0x00C9, 0x00CA, 0x00CA,
    0x00CA, 0x00CA, 0x00EA, 0x00EB, 0x00EB, 0x00EA, 0x00EA, 0x00EA, 0x00EA, 0x00CA, 0x00CA, 0x00CA,
    0x00CA, 0x00C9, 0x00C9, 0x00C9, 0x00C9, 0x00C9, 0x00C9, 0x00C9, 0x00CA, 0x00C9, 0x00C9, 0x00CA,
    0x00CA, 0x00CA, 0x00CA, 0x00CA, 0x00CA, 0x00CA, 0x00CB, 0x00CB, 0x00CB, 0x00CB, 0x00EB, 0x00EB,
    0x00EB, 0x00EB, 0x00EB, 0x00EB, 0x00EB, 0x00EC, 0x00EC, 0x00EC, 0x00EC, 0x00EC, 0x00EC, 0x00EC,
    0x00ED, 0x00ED, 0x00ED, 0x00ED, 0x00ED, 0x00ED, 0x00ED, 0x010D, 0x010D, 0x010D, 0x010D, 0x010D,
    0x010E, 0x010D, 0x010D, 0x010D, 0x010D, 0x00ED, 0x00ED, 0x00EC, 0x00EC, 0x00EC, 0x00EB, 0x00EB,
    0x00EB, 0x00EB, 0x00EB, 0x00EB, 0x00EA, 0x00CA, 0x00CA, 0x00CA, 0x00C9, 0x00C9, 0x00C9, 0x00C9,
    0x00C8, 0x00C8, 0x00C8, 0x00A8, 0x00A8, 0x00A8, 0x00A7, 0x00A7, 0x00A7, 0x00A7, 0x00A7, 0x00A7,
    0x00A7, 0x00A7, 0x00A6, 0x00A6, 0x00A6, 0x00A6, 0x00A6, 0x00C6, 0x00E6, 0x00E5, 0x0105, 0x0105,
    0x0105, 0x0125, 0x0125, 0x0124, 0x0124, 0x0124, 0x0124, 0x0144, 0x0144, 0x0164, 0x01C5, 0x0185,
    0x0086, 0x00A8, 0x0086, 0x0086, 0x0086, 0x0086, 0x00A8, 0x0086, 0x0086, 0x0086, 0x00A7, 0x00A7,
    0x0086, 0x00A7, 0x0086, 0x00A7, 0x00A7, 0x00A7, 0x00A7, 0x00A7, 0x00A7, 0x00A7, 0x00A7, 0x00A8,
    0x00A7, 0x00A8, 0x00A8, 0x00A8, 0x00A8, 0x00A8, 0x00A8, 0x00A8, 0x00C8, 0x00C8, 0x00C9, 0x00C9,
    0x00C9, 0x00C9, 0x00C9, 0x00C9, 0x00CA, 0x00EA, 0x00EA, 0x00EA, 0x00EA, 0x00CA, 0x00CA, 0x00CA,
    0x00EA, 0x00EA, 0x00CA, 0x00CA, 0x00C9, 0x00C9, 0x00C9, 0x00C9, 0x00C9, 0x00C9, 0x00CA, 0x00CA,
    0x00CA, 0x00CA, 0x00CA, 0x00CA, 0x00CA, 0x00CA, 0x00CA, 0x00CA, 0x00CB, 0x00EB, 0x00EB, 0x00EB,
    0x00EB, 0x00EB, 0x00EB, 0x00EC, 0x00EC, 0x00EC, 0x00EC, 0x00EC, 0x00EC, 0x00EC, 0x00ED, 0x00ED,
    0x00ED, 0x00ED, 0x010D, 0x010D, 0x010D, 0x010D, 0x010D, 0x010E, 0x010E, 0x010D, 0x010E, 0x010E,
    0x010E, 0x010E, 0x010E, 0x010E, 0x012E, 0x010E, 0x010E, 0x010E, 0x010D, 0x010D, 0x010D, 0x010D,
    0x010C, 0x00EC, 0x00EC, 0x00EB, 0x00EB, 0x00EB, 0x00EB, 0x00EB, 0x00EB, 0x00EA, 0x00EA, 0x00CA,
    0x00CA, 0x00C9, 0x00C9, 0x00C9, 0x00C9, 0x00C9, 0x00C8, 0x00C8, 0x00C8, 0x00C8, 0x00A8, 0x00C8,
    0x00C8, 0x00A7, 0x00A7, 0x00A7, 0x00A7, 0x00A7, 0x00A7, 0x00A7, 0x00C6, 0x00E6, 0x00E6, 0x0106,
    0x0105, 0x0105, 0x0105, 0x0125, 0x0125, 0x0125, 0x0145, 0x0144, 0x0144, 0x0144, 0x0164, 0x0184,
    0x01A4, 0x01A4, 0x0225, 0x01C5, 0x0086, 0x00A7, 0x0065, 0x0065, 0x0086, 0x0086, 0x0087, 0x0086,
    0x0086, 0x0086, 0x0086, 0x0086, 0x0086, 0x0087, 0x0086, 0x00A7, 0x00A7, 0x00A7, 0x00A7, 0x00A7,
    0x00A7, 0x00A7, 0x00A7, 0x00A7, 0x00A7, 0x00A7, 0x00C8, 0x00A8, 0x00A8, 0x00A8, 0x00C8, 0x00C8,
    0x00C9, 0x00C9, 0x00C9, 0x00C9, 0x00C9, 0x00C9, 0x00C9, 0x00C9, 0x00CA, 0x00EA, 0x00EA, 0x00EA,
    0x00EA, 0x00EA, 0x00CA, 0x00CA, 0x00EA, 0x00EA, 0x00EA, 0x00EA, 0x00EA, 0x00EA, 0x00EA, 0x00EA,
    0x00EA, 0x00EA, 0x00EA, 0x00EA, 0x00EB, 0x00CB, 0x00EB, 0x00EB, 0x00EB, 0x00EB, 0x00EC, 0x00EC,
    0x00EC, 0x00EC, 0x00EC, 0x00EC, 0x00ED, 0x010D, 0x010D, 0x010D, 0x010D, 0x010D, 0x010E, 0x010E,
    0x010E, 0x010E, 0x010E, 0x010E, 0x010E, 0x010F, 0x010F, 0x012F, 0x012F, 0x012F, 0x012F, 0x012F,
    0x012F, 0x012F, 0x012F, 0x012F, 0x012F, 0x012F, 0x012F, 0x012F, 0x012F, 0x012F, 0x012F, 0x010E,
    0x010E, 0x010E, 0x010E, 0x010E, 0x010D, 0x010D, 0x010D, 0x010C, 0x00EC, 0x00EC, 0x00EC, 0x00EB,
    0x010B, 0x00EB, 0x00EB, 0x00EA, 0x00EA, 0x00EA, 0x00CA, 0x00C9, 0x00C9, 0x00C9, 0x00C9, 0x00C9,
    0x00C8, 0x00C8, 0x00C8, 0x00C8, 0x00C8, 0x00C8, 0x00C8, 0x00C7, 0x00A7, 0x00C7, 0x00C7, 0x00E7,
    0x0106, 0x0106, 0x0106, 0x0106, 0x0106, 0x0105, 0x0125, 0x0125, 0x0145, 0x0145, 0x0145, 0x0165,
    0x0164, 0x0184, 0x01A4, 0x01C4, 0x01E4, 0x0204, 0x0285, 0x0225, 0x0066, 0x00A8, 0x0086, 0x0086,
    0x0086, 0x0086, 0x00A8, 0x0086, 0x0086, 0x0086, 0x0086, 0x0086, 0x0086, 0x00A8, 0x0086, 0x00A7,
    0x00A7, 0x00A7, 0x00A7, 0x00A7, 0x00A7, 0x00A7, 0x00A7, 0x00A7, 0x00A7, 0x00A7, 0x00A7, 0x00A8,
    0x00A8, 0x00A8, 0x00A8, 0x00A8, 0x00A8, 0x00A8, 0x00A8, 0x00C8, 0x00C8, 0x00C9, 0x00C9, 0x00C9,
    0x00C9, 0x00C9, 0x00C9, 0x00EA, 0x00CA, 0x00CA, 0x00CA, 0x00CA, 0x00CA, 0x00CA, 0x00EA, 0x00CA,
    0x00CA, 0x00CA, 0x00CA, 0x00CA, 0x00CA, 0x00EA, 0x00EA, 0x00EA, 0x00EB, 0x00EB, 0x00EB, 0x00EB,
    0x00EC, 0x00EC, 0x00EC, 0x00EC, 0x00EC, 0x010D, 0x010D, 0x010D, 0x010D, 0x010D, 0x010E, 0x010E,
    0x010E, 0x010E, 0x010E, 0x010E, 0x012F, 0x012F, 0x012F, 0x012F, 0x012F, 0x012F, 0x012F, 0x0130,
    0x0130, 0x0130, 0x0130, 0x0130, 0x0130, 0x0130, 0x012F, 0x012F, 0x0130, 0x012F, 0x012F, 0x012F,
    0x012F, 0x012F, 0x012F, 0x012F, 0x012F, 0x012F, 0x012E, 0x010E, 0x010E, 0x010D, 0x010D, 0x010D,
    0x010C, 0x010C, 0x00EC, 0x00EB, 0x010B, 0x00EB, 0x00EB, 0x00EA, 0x00EA, 0x00EA, 0x00C9, 0x00C9,
    0x00C9, 0x00C9, 0x00C9, 0x00C9, 0x00C8, 0x00C8, 0x00C8, 0x00C8, 0x00C8, 0x00C8, 0x00C8, 0x00C7,
    0x00C7, 0x00E7, 0x00E7, 0x0106, 0x00E6, 0x0106, 0x0106, 0x0106, 0x0106, 0x0125, 0x0125, 0x0145,
    0x0145, 0x0165, 0x0185, 0x0184, 0x01A4, 0x01C4, 0x01E4, 0x0224, 0x0244, 0x0263, 0x0AE5, 0x0A85,
    0x0086, 0x0087, 0x0065, 0x0065, 0x0065, 0x0065, 0x0086, 0x0086, 0x0086, 0x0086, 0x0086, 0x0086,
    0x0086, 0x0086, 0x0086, 0x0086, 0x0086, 0x00A6, 0x00A7, 0x00A7, 0x00A7, 0x00A7, 0x00A7, 0x00A7,
    0x00A7, 0x00A7, 0x00A7, 0x00A8, 0x00A8, 0x00A8, 0x00A8, 0x00A8, 0x00A8, 0x00A8, 0x00A8, 0x00C8,
    0x00C8, 0x00C8, 0x00C9, 0x00C9, 0x00C9, 0x00C9, 0x00C9, 0x00CA, 0x00C9, 0x00CA, 0x00CA, 0x00CA,
    0x00CA, 0x00CA, 0x00CA, 0x00CA, 0x00CA, 0x00CA, 0x00CA, 0x00EA, 0x00EA, 0x00EA, 0x00EA, 0x00EB,
    0x00EB, 0x00EB, 0x00EB, 0x00EC, 0x00EC, 0x010C, 0x010C, 0x010D, 0x010D, 0x010D, 0x010D, 0x010E,
    0x010E, 0x010E, 0x010E, 0x012F, 0x012F, 0x012F, 0x012F, 0x012F, 0x012F, 0x0130, 0x0130, 0x0130,
    0x0130, 0x0130, 0x0150, 0x0150, 0x0150, 0x0150, 0x0150, 0x0150, 0x0150, 0x0150, 0x0130, 0x0150,
    0x0130, 0x0130, 0x0150, 0x0150, 0x0150, 0x0150, 0x012F, 0x012F, 0x012F, 0x012F, 0x012E, 0x012E,
    0x012E, 0x010E, 0x010D, 0x010D, 0x010C, 0x010C, 0x00EC, 0x010C, 0x010C, 0x00EB, 0x00EB, 0x00EA,
    0x00EA, 0x00EA, 0x00C9, 0x00C9, 0x00C9, 0x00C9, 0x00C9, 0x00C8, 0x00C8, 0x00C8, 0x00C8, 0x00C8,
    0x00C8, 0x00C8, 0x00E7, 0x00E7, 0x00E7, 0x00E7, 0x00E6, 0x0106, 0x0106, 0x0106, 0x0106, 0x0126,
    0x0125, 0x0125, 0x0145, 0x0165, 0x0185, 0x01A5, 0x01A5, 0x01C4, 0x01E4, 0x0224, 0x0A64, 0x1AA3,
    0x22C3, 0x2AE2, 0x3B63, 0x22C4, 0x0086, 0x00A7, 0x0085, 0x0086, 0x0086, 0x0086, 0x0087, 0x0086,
    0x00A7, 0x0087, 0x0086, 0x0086, 0x0086, 0x00A7, 0x0087, 0x00A8, 0x00A7, 0x00A7, 0x00A7, 0x00A7,
    0x00A8, 0x00A7, 0x00A7, 0x00A7, 0x00A7, 0x00A7, 0x00A7, 0x00A8, 0x00A7, 0x00A8, 0x00A8, 0x00A8,
    0x00A8, 0x00A8, 0x00A8, 0x00C8, 0x00C8, 0x00C8, 0x00C9, 0x00C9, 0x00C9, 0x00C9, 0x00C9, 0x00C9,
    0x00CA, 0x00C9, 0x00C9, 0x00CA, 0x00CA, 0x00CA, 0x00EA, 0x00CA, 0x00EA, 0x00EA, 0x00EA, 0x00EA,
    0x00EA, 0x00EB, 0x00EB, 0x00EB, 0x00EC, 0x00EC, 0x00EC, 0x00EC, 0x00EC, 0x010D, 0x010D, 0x010E,
    0x010E, 0x012E, 0x012E, 0x012E, 0x012F, 0x012F, 0x012F, 0x012F, 0x012F, 0x0130, 0x0130, 0x0130,
    0x0150, 0x0150, 0x0150, 0x0150, 0x0151, 0x0151, 0x0151, 0x0151, 0x0151, 0x0151, 0x0151, 0x0151,
    0x0151, 0x0151, 0x0151, 0x0151, 0x0151, 0x0151, 0x0150, 0x0150, 0x0150, 0x0150, 0x0150, 0x0150,
    0x0150, 0x012F, 0x012F, 0x012E, 0x012E, 0x012E, 0x010D, 0x010D, 0x010D, 0x010C, 0x010C, 0x010C,
    0x010C, 0x00EB, 0x00EB, 0x00EB, 0x00EA, 0x00EA, 0x00CA, 0x00E9, 0x00C9, 0x00C9, 0x00C9, 0x00C9,
    0x00C8, 0x00C8, 0x00C8, 0x00C8, 0x00E8, 0x0107, 0x0107, 0x0107, 0x0107, 0x0106, 0x0106, 0x0106,
    0x0106, 0x0126, 0x0126, 0x0126, 0x0145, 0x0145, 0x0165, 0x0185, 0x01A5, 0x01E5, 0x0A24, 0x1244,
    0x1A83, 0x22A3, 0x2AC3, 0x2AC3, 0x32E3, 0x2AE3, 0x3344, 0x22A4, 0x0086, 0x0086, 0x0065, 0x0085,
    0x0085, 0x0086, 0x0086, 0x0086, 0x0086, 0x0086, 0x0086, 0x0086, 0x0086, 0x0086, 0x0086, 0x00A6,
    0x0086, 0x0086, 0x00A7, 0x00A7, 0x00A7, 0x00A7, 0x00A7, 0x00A7, 0x00A7, 0x00A7, 0x00A7, 0x00A8,
    0x00A7, 0x00A7, 0x00A7, 0x00A8, 0x00A8, 0x00A8, 0x00C8, 0x00C8, 0x00C8, 0x00C8, 0x00C8, 0x00C9,
    0x00C9, 0x00C9, 0x00C9, 0x00E9, 0x00CA, 0x00C9, 0x00CA, 0x00EA, 0x00CA, 0x00EA, 0x00EA, 0x00EA,
    0x00EA, 0x00EA, 0x00EA, 0x00EA, 0x00EB, 0x00EB, 0x00EB, 0x010C, 0x010C, 0x010C, 0x010C, 0x010D,
    0x010D, 0x010D, 0x010E, 0x012E, 0x012F, 0x012F, 0x012F, 0x012F, 0x0130, 0x0130, 0x0150, 0x0150,
    0x0150, 0x0150, 0x0150, 0x0151, 0x0151, 0x0151, 0x0151, 0x0151, 0x0151, 0x0152, 0x0172, 0x0172,
    0x0172, 0x0172, 0x0172, 0x0172, 0x0152, 0x0152, 0x0171, 0x0171, 0x0151, 0x0151, 0x0151, 0x0151,
    0x0171, 0x0151, 0x0151, 0x0150, 0x0150, 0x0150, 0x014F, 0x012F, 0x012E, 0x012E, 0x012E, 0x012D,
    0x010D, 0x010C, 0x010C, 0x010C, 0x010C, 0x010B, 0x00EB, 0x00EB, 0x00EA, 0x00EA, 0x00EA, 0x00E9,
    0x00E9, 0x00E9, 0x00C9, 0x00C9, 0x00E8, 0x00E8, 0x00E8, 0x0107, 0x0107, 0x0107, 0x0107, 0x0107,
    0x0107, 0x0106, 0x0106, 0x0106, 0x0126, 0x0126, 0x0146, 0x0145, 0x0165, 0x0165, 0x0185, 0x09E5,
    0x1224, 0x2284, 0x2284, 0x2283, 0x2283, 0x2283, 0x22A3, 0x22A3, 0x2AA3, 0x2AA3, 0x2B24, 0x1A84,
    0x0086, 0x00A8, 0x0085, 0x0086, 0x00A8, 0x0086, 0x00A8, 0x0086, 0x0086, 0x0086, 0x00A7, 0x00A7,
    0x0086, 0x00A8, 0x0086, 0x00A8, 0x00A7, 0x0086, 0x00A7, 0x00A7, 0x00A7, 0x00A7, 0x00A7, 0x00A7,
    0x00A7, 0x00A7, 0x00A7, 0x00A7, 0x00A7, 0x00A7, 0x00A7, 0x00A7, 0x00C8, 0x00A8, 0x00C8, 0x00C8,
    0x00C8, 0x00C8, 0x00C8, 0x00C9, 0x00C9, 0x00C9, 0x00C9, 0x00EA, 0x00CA, 0x00CA, 0x00CA, 0x00EA,
    0x00CA, 0x00CA, 0x00EA, 0x00EA, 0x00EA, 0x00EB, 0x00EB, 0x00EB, 0x00EB, 0x00EB, 0x010C, 0x010C,
    0x010D, 0x010D, 0x010D, 0x010D, 0x010D, 0x010E, 0x012E, 0x012F, 0x012F, 0x012F, 0x0130, 0x0130,
    0x0150, 0x0150, 0x0151, 0x0151, 0x0151, 0x0151, 0x0151, 0x0172, 0x0172, 0x0172, 0x0172, 0x0172,
    0x0172, 0x0172, 0x0173, 0x0173, 0x0173, 0x0173, 0x0173, 0x0172, 0x0172, 0x0172, 0x0172, 0x0172,
    0x0172, 0x0171, 0x0171, 0x0171, 0x0171, 0x0151, 0x0151, 0x0150, 0x0150, 0x0150, 0x014F, 0x014F,
    0x012F, 0x012E, 0x012E, 0x012D, 0x010D, 0x010C, 0x010C, 0x010C, 0x010C, 0x010B, 0x010B, 0x00EB,
    0x00EA, 0x00EA, 0x00EA, 0x00E9, 0x00E9, 0x00E9, 0x00E9, 0x00E9, 0x00E8, 0x0108, 0x0108, 0x0107,
    0x0107, 0x0107, 0x0107, 0x0107, 0x0106, 0x0106, 0x0126, 0x0126, 0x0126, 0x0146, 0x0146, 0x0165,
    0x0185, 0x09C5, 0x1A24, 0x1A44, 0x2264, 0x2264, 0x2264, 0x2264, 0x2284, 0x2284, 0x2284, 0x2284,
    0x2284, 0x22A3, 0x2AE4, 0x1A64, 0x0086, 0x00A7, 0x0065, 0x0086, 0x0086, 0x0086, 0x0086, 0x0086,
    0x0086, 0x0086, 0x0086, 0x0086, 0x0086, 0x0087, 0x0086, 0x00A7, 0x00A7, 0x0086, 0x00A6, 0x00A7,
    0x00A7, 0x00A7, 0x00A7, 0x00A7, 0x00A7, 0x00A7, 0x00A7, 0x00A7, 0x00A7, 0x00A7, 0x00A7, 0x00C8,
    0x00C8, 0x00C8, 0x00C8, 0x00C8, 0x00C8, 0x00C8, 0x00C8, 0x00C9, 0x00C9, 0x00C9, 0x00E9, 0x00EA,
    0x00EA, 0x00EA, 0x00EA, 0x00EA, 0x00CA, 0x00CA, 0x00EA, 0x00EA, 0x00EB, 0x00EB, 0x00EB, 0x00EB,
    0x00EB, 0x010C, 0x010C, 0x010C, 0x010D, 0x010D, 0x010D, 0x010E, 0x012E, 0x012E, 0x012F, 0x012F,
    0x012F, 0x0130, 0x0150, 0x0150, 0x0151, 0x0171, 0x0171, 0x0152, 0x0172, 0x0172, 0x0172, 0x0172,
    0x0192, 0x0193, 0x0193, 0x0193, 0x0193, 0x0193, 0x0193, 0x0193, 0x0193, 0x0193, 0x0193, 0x0193,
    0x0193, 0x0193, 0x0193, 0x0172, 0x0172, 0x0172, 0x0172, 0x0192, 0x0172, 0x0151, 0x0171, 0x0171,
    0x0170, 0x0150, 0x0150, 0x014F, 0x014F, 0x014E, 0x012E, 0x012D, 0x012D, 0x010D, 0x010C, 0x010C,
    0x012C, 0x010B, 0x010B, 0x010B, 0x00EA, 0x00EA, 0x00EA, 0x00EA, 0x00E9, 0x00E9, 0x00E9, 0x0108,
    0x0108, 0x0108, 0x0107, 0x0107, 0x0127, 0x0127, 0x0127, 0x0127, 0x0106, 0x0126, 0x0126, 0x0146,
    0x0146, 0x0166, 0x0185, 0x09C5, 0x1A05, 0x1A24, 0x1A44, 0x1A44, 0x1A44, 0x2264, 0x2264, 0x2264,
    0x2264, 0x2264, 0x2264, 0x1A64, 0x2264, 0x1A63, 0x22C5, 0x1A25, 0x0087, 0x00A7, 0x0065, 0x0086,
    0x0086, 0x0086, 0x0087, 0x0086, 0x00A7, 0x0086, 0x0086, 0x00A7, 0x00A6, 0x00A8, 0x0086, 0x0086,
    0x0086, 0x0086, 0x00A6, 0x00A7, 0x00A7, 0x00A7, 0x00A7, 0x00A7, 0x00A7, 0x00A7, 0x00A7, 0x00A7,
    0x00A7, 0x00A7, 0x00C7, 0x00C7, 0x00C8, 0x00C8, 0x00C8, 0x00C8, 0x00C8, 0x00C8, 0x00C8, 0x00C9,
    0x00C9, 0x00E9, 0x00E9, 0x00EA, 0x00EA, 0x00EA, 0x00EA, 0x00EA, 0x00EA, 0x00EA, 0x00EA, 0x00EB,
    0x00EB, 0x00EB, 0x00EB, 0x010C, 0x010C, 0x010C, 0x010C, 0x012D, 0x012D, 0x010D, 0x010E, 0x012E,
    0x012E, 0x012F, 0x012F, 0x0150, 0x0150, 0x0150, 0x0151, 0x0151, 0x0171, 0x0172, 0x0172, 0x0173,
    0x0193, 0x0193, 0x0193, 0x0193, 0x0193, 0x0193, 0x0194, 0x0194, 0x01B4, 0x01B4, 0x01B4, 0x01B4,
    0x01B4, 0x01B4, 0x01B4, 0x01B4, 0x01B4, 0x01B3, 0x0193, 0x0193, 0x0193, 0x0192, 0x0192, 0x0192,
    0x0192, 0x0172, 0x0171, 0x0171, 0x0171, 0x0170, 0x0150, 0x014F, 0x014F, 0x014F, 0x014E, 0x012E,
    0x012D, 0x012D, 0x012D, 0x012C, 0x012C, 0x010C, 0x010B, 0x010B, 0x010B, 0x00EA, 0x00EA, 0x00EA,
    0x00E9, 0x0109, 0x0129, 0x0128, 0x0108, 0x0108, 0x0127, 0x0127, 0x0128, 0x0147, 0x0127, 0x0127,
    0x0126, 0x0126, 0x0146, 0x0166, 0x0186, 0x11C5, 0x11E5, 0x11E5, 0x1A05, 0x1A05, 0x1A25, 0x1A45,
    0x1A45, 0x1A45, 0x1A44, 0x1A44, 0x1A44, 0x1A44, 0x1A44, 0x1A44, 0x1A44, 0x1A44, 0x22A5, 0x1205,
    0x0087, 0x00A7, 0x0065, 0x0086, 0x0087, 0x0086, 0x00A7, 0x0086, 0x00A7, 0x0086, 0x00A7, 0x00A7,
    0x0086, 0x00A7, 0x0086, 0x0086, 0x0086, 0x0086, 0x00A6, 0x00A7, 0x00A6, 0x00A7, 0x00A7, 0x00A7,
    0x00A7, 0x00A7, 0x00A7, 0x00A7, 0x00A7, 0x00A7, 0x00A7, 0x00C7, 0x00C8, 0x00C8, 0x00C8, 0x00C8,
    0x00C8, 0x00C8, 0x00C8, 0x00C9, 0x00C9, 0x00E9, 0x00C9, 0x00EA, 0x00EA, 0x00EA, 0x00EA, 0x00EA,
    0x00EB, 0x00EB, 0x00EB, 0x00EB, 0x00EB, 0x00EB, 0x010C, 0x010C, 0x010C, 0x010D, 0x010D, 0x012D,
    0x012E, 0x010E, 0x012E, 0x012F, 0x012F, 0x012F, 0x0150, 0x0150, 0x0151, 0x0151, 0x0171, 0x0172,
    0x0172, 0x0173, 0x0193, 0x0193, 0x0193, 0x0194, 0x0194, 0x0194, 0x01B4, 0x01B4, 0x01B4, 0x01B4,
    0x01B5, 0x01B5, 0x01B5, 0x01B5, 0x01B5, 0x01B5, 0x01B5, 0x01B4, 0x01B4, 0x01B4, 0x01B4, 0x01B3,
    0x0193, 0x0193, 0x0193, 0x01B3, 0x0193, 0x0192, 0x0192, 0x0171, 0x0171, 0x0170, 0x0170, 0x014F,
    0x014F, 0x014F, 0x014E, 0x012E, 0x012D, 0x012D, 0x012D, 0x012C, 0x012C, 0x012C, 0x010B, 0x010B,
    0x010A, 0x010A, 0x010A, 0x010A, 0x0109, 0x0128, 0x0128, 0x0108, 0x0128, 0x0128, 0x0127, 0x0127,
    0x0148, 0x0147, 0x0127, 0x0146, 0x0146, 0x0146, 0x0166, 0x09A5, 0x11C5, 0x11C5, 0x11E5, 0x11E5,
    0x1A05, 0x1A05, 0x1A25, 0x1A25, 0x1A25, 0x1A25, 0x1A45, 0x1A45, 0x1A44, 0x1A44, 0x1A44, 0x1A24,
    0x1A24, 0x1A24, 0x2285, 0x11E5, 0x0087, 0x0086, 0x0085, 0x0086, 0x0086, 0x0085, 0x0086, 0x0086,
    0x0086, 0x0086, 0x0086, 0x0086, 0x0086, 0x0087, 0x0086, 0x00A7, 0x0086, 0x00A6, 0x00A7, 0x00A7,
    0x00A7, 0x00A7, 0x00A7, 0x00A7, 0x00A7, 0x00A7, 0x00A7, 0x00A7, 0x00A7, 0x00A7, 0x00C7, 0x00C8,
    0x00C8, 0x00C8, 0x00C8, 0x00C8, 0x00C9, 0x00C9, 0x00C9, 0x00E9, 0x00E9, 0x00C9, 0x00EA, 0x00EA,
    0x00EA, 0x00EA, 0x00EA, 0x00EB, 0x00EB, 0x00EB, 0x010B, 0x010C, 0x010C, 0x010C, 0x010C, 0x010C,
    0x010D, 0x012D, 0x012E, 0x012E, 0x012E, 0x012F, 0x012F, 0x014F, 0x0150, 0x0150, 0x0150, 0x0151,
    0x0171, 0x0172, 0x0192, 0x0192, 0x0193, 0x0193, 0x0193, 0x01B4, 0x01B4, 0x01B4, 0x01B4, 0x01B4,
    0x01B5, 0x01D5, 0x01D5, 0x01D5, 0x01D5, 0x01D5, 0x01D5, 0x01D5, 0x01D5, 0x01D5, 0x01D5, 0x01D5,
    0x01D5, 0x01D4, 0x01B4, 0x01B4, 0x01B4, 0x01B3, 0x01B3, 0x01B3, 0x01B3, 0x0192, 0x0192, 0x0192,
    0x0191, 0x0171, 0x0170, 0x0170, 0x016F, 0x014F, 0x014E, 0x014E, 0x014D, 0x012D, 0x012D, 0x012C,
    0x012D, 0x012C, 0x010B, 0x010B, 0x010B, 0x010A, 0x010A, 0x012A, 0x0129, 0x0129, 0x0128, 0x0128,
    0x0128, 0x0128, 0x0128, 0x0147, 0x0148, 0x0147, 0x0147, 0x0147, 0x0166, 0x09A6, 0x11C6, 0x11C6,
    0x11C6, 0x11C6, 0x11E6, 0x11E6, 0x1206, 0x1A06, 0x1A25, 0x1A25, 0x1A25, 0x1A25, 0x1A25, 0x1A25,
    0x1A25, 0x1A25, 0x1A25, 0x1A24, 0x1A24, 0x1A04, 0x1A66, 0x11C5, 0x0087, 0x00C8, 0x0086, 0x00A7,
    0x00A8, 0x0086, 0x00C8, 0x0086, 0x00C8, 0x00A7, 0x00A7, 0x00C8, 0x00A7, 0x00C9, 0x00A7, 0x00C8,
    0x00A7, 0x00A7, 0x00A8, 0x00A7, 0x00C8, 0x00A7, 0x00A7, 0x00C8, 0x00A7, 0x00C7, 0x00C7, 0x00C8,
    0x00C8, 0x00A8, 0x00C8, 0x00C8, 0x00C8, 0x00C8, 0x00C8, 0x00C9, 0x00E9, 0x00E9, 0x00E9, 0x00EA,
    0x00EA, 0x00EA, 0x00EA, 0x010B, 0x00EB, 0x00EB, 0x010B, 0x010B, 0x010B, 0x010C, 0x010C, 0x010C,
    0x010D, 0x010D, 0x012D, 0x012D, 0x012E, 0x012E, 0x012E, 0x014E, 0x014F, 0x012F, 0x0150, 0x0150,
    0x0150, 0x0151, 0x0171, 0x0172, 0x0192, 0x0193, 0x0193, 0x01B3, 0x01B4, 0x01B4, 0x01B4, 0x01B4,
    0x01B4, 0x01D5, 0x01D5, 0x01D5, 0x01D5, 0x01D5, 0x01D5, 0x01D5, 0x01F6, 0x01D6, 0x01F6, 0x01F6,
    0x01F6, 0x01F6, 0x01F6, 0x01F5, 0x01D5, 0x01F5, 0x01D5, 0x01D4, 0x01D4, 0x01B4, 0x01B3, 0x01B3,
    0x01B3, 0x01B2, 0x01B2, 0x0192, 0x0191, 0x0171, 0x0171, 0x0170, 0x0170, 0x016F, 0x016F, 0x014E,
    0x014E, 0x012D, 0x012D, 0x012D, 0x012D, 0x012C, 0x012C, 0x010B, 0x012B, 0x012B, 0x014A, 0x012A,
    0x012A, 0x0129, 0x0129, 0x0129, 0x0128, 0x0148, 0x0148, 0x0148, 0x0168, 0x0168, 0x0167, 0x0987,
    0x11A6, 0x11A6, 0x11A6, 0x11C6, 0x11C6, 0x11C6, 0x11E6, 0x11E6, 0x11E6, 0x1A06, 0x1A06, 0x1A06,
    0x1A06, 0x1A05, 0x1A05, 0x1A05, 0x1A05, 0x1A05, 0x1A05, 0x1A05, 0x1A05, 0x19E4, 0x1A46, 0x11C6,
    0x0087, 0x0086, 0x0065, 0x0065, 0x0065, 0x0085, 0x0086, 0x0086, 0x0086, 0x0086, 0x0086, 0x0086,
    0x00A6, 0x00A6, 0x0086, 0x0086, 0x0086, 0x00A6, 0x00A6, 0x00A7, 0x00A7, 0x00A7, 0x00A7, 0x00A7,
    0x00A7, 0x00A7, 0x00A7, 0x00C8, 0x00A7, 0x00A7, 0x00C7, 0x00C8, 0x00C8, 0x00C8, 0x00C8, 0x00C8,
    0x00C9, 0x00C9, 0x00C9, 0x00C9, 0x00E9, 0x00EA, 0x00EA, 0x00EA, 0x00EA, 0x00EB, 0x00EB, 0x00EB,
    0x010B, 0x010B, 0x010C, 0x010C, 0x010C, 0x010D, 0x012D, 0x012D, 0x012E, 0x012E, 0x012E, 0x014F,
    0x014F, 0x012F, 0x0150, 0x0150, 0x0150, 0x0150, 0x0171, 0x0172, 0x0192, 0x0193, 0x0193, 0x01B3,
    0x01B3, 0x01B4, 0x01B4, 0x01B4, 0x01B4, 0x01B4, 0x01B5, 0x01D5, 0x01D5, 0x01D5, 0x01D5, 0x01D5,
    0x01F6, 0x01F6, 0x01F6, 0x01F6, 0x01F6, 0x01F5, 0x01F5, 0x01F5, 0x01D5, 0x01D5, 0x01D5, 0x01D4,
    0x01B4, 0x01B3, 0x01B3, 0x01B3, 0x01B3, 0x0192, 0x0192, 0x0191, 0x0171, 0x0170, 0x0170, 0x0170,
    0x016F, 0x016F, 0x014F, 0x014E, 0x014D, 0x012D, 0x012D, 0x012C, 0x012C, 0x012C, 0x010B, 0x012B,
    0x012A, 0x012A, 0x012A, 0x012A, 0x0129, 0x0129, 0x0129, 0x0128, 0x0148, 0x0147, 0x0147, 0x0147,
    0x0167, 0x0987, 0x11A6, 0x11A6, 0x1186, 0x11A6, 0x11A6, 0x11A6, 0x11C6, 0x11C6, 0x11C6, 0x11E6,
    0x11E6, 0x11E6, 0x1A06, 0x1A06, 0x19E6, 0x11E5, 0x11E5, 0x11E5, 0x11E5, 0x11E5, 0x11C5, 0x11C5,
    0x11C5, 0x11C4, 0x1A06, 0x11A6, 0x0087, 0x00A8, 0x0085, 0x0086, 0x00A7, 0x0086, 0x00A8, 0x0086,
    0x0086, 0x0086, 0x00A7, 0x00A7, 0x0086, 0x0086, 0x0086, 0x0086, 0x0086, 0x00A7, 0x00C8, 0x00A7,
    0x00A7, 0x00A7, 0x00A7, 0x00A7, 0x00A7, 0x00A7, 0x00C7, 0x00C8, 0x00A7, 0x00C7, 0x00C8, 0x00C8,
    0x00C8, 0x00C8, 0x00C8, 0x00C8, 0x00C9, 0x00C9, 0x00C9, 0x00E9, 0x00EA, 0x00EA, 0x00EA, 0x00EB,
    0x00EB, 0x00EB, 0x010B, 0x010B, 0x010C, 0x010C, 0x010C, 0x010D, 0x010D, 0x012D, 0x012D, 0x012E,
    0x012E, 0x012E, 0x014F, 0x014F, 0x014F, 0x0150, 0x0150, 0x0150, 0x0171, 0x0171, 0x0171, 0x0172,
    0x0192, 0x0193, 0x01B3, 0x01B3, 0x01B4, 0x01B4, 0x01B4, 0x01B4, 0x01D4, 0x01D5, 0x01D5, 0x01D5,
    0x01D5, 0x01F6, 0x01F6, 0x01F6, 0x01F6, 0x01F6, 0x01F6, 0x01F6, 0x01F6, 0x01F6, 0x01F5, 0x01F5,
    0x01D5, 0x01D5, 0x01D5, 0x01D4, 0x01D4, 0x01B4, 0x01B3, 0x01B3, 0x01B3, 0x01B2, 0x0192, 0x0191,
    0x0171, 0x0171, 0x0170, 0x0170, 0x016F, 0x016F, 0x014F, 0x014E, 0x014D, 0x012D, 0x012D, 0x012C,
    0x012C, 0x012C, 0x012B, 0x012B, 0x012A, 0x012A, 0x012A, 0x012A, 0x0129, 0x0129, 0x0129, 0x0148,
    0x0148, 0x0148, 0x0167, 0x0987, 0x11A7, 0x11A7, 0x11A6, 0x11A6, 0x11A6, 0x11A6, 0x11A6, 0x11C6,
    0x19C7, 0x11C7, 0x11C7, 0x11E6, 0x11E6, 0x11E6, 0x11E6, 0x11E6, 0x11E6, 0x11E6, 0x11E6, 0x11C6,
    0x11C5, 0x11C5, 0x11C5, 0x11C5, 0x11C5, 0x11A4, 0x11E6, 0x1186, 0x0087, 0x00A7, 0x0065, 0x0085,
    0x0086, 0x0086, 0x00A7, 0x0086, 0x0086, 0x0086, 0x0086, 0x0086, 0x0086, 0x0086, 0x0086, 0x0086,
    0x00A6, 0x00A7, 0x00A7, 0x00A7, 0x00A7, 0x00A7, 0x00A7, 0x00A7, 0x00A7, 0x00A7, 0x00C7, 0x00C8,
    0x00A7, 0x00C7, 0x00C8, 0x00C8, 0x00C8, 0x00C8, 0x00C8, 0x00C8, 0x00C9, 0x00E9, 0x00E9, 0x00E9,
    0x00EA, 0x00EA, 0x00EA, 0x010B, 0x00EB, 0x00EB, 0x010B, 0x010C, 0x010C, 0x010C, 0x010D, 0x012D,
    0x012D, 0x012E, 0x012E, 0x012E, 0x012E, 0x014F, 0x014F, 0x0150, 0x0150, 0x0150, 0x0150, 0x0171,
    0x0171, 0x0171, 0x0172, 0x0192, 0x0193, 0x0193, 0x01B3, 0x01B4, 0x01B4, 0x01B4, 0x01B4, 0x01B4,
    0x01D5, 0x01D5, 0x01D5, 0x01D5, 0x01F5, 0x01F6, 0x01F6, 0x01F6, 0x01F6, 0x01F6, 0x01F6, 0x01F6,
    0x01F6, 0x01F5, 0x01F5, 0x01D5, 0x01D5, 0x01D5, 0x01D4, 0x01D4, 0x01D4, 0x01B3, 0x01B3, 0x01B3,
    0x01B3, 0x0192, 0x0192, 0x0191, 0x0171, 0x0170, 0x0170, 0x016F, 0x016F, 0x014F, 0x014E, 0x014E,
    0x014D, 0x012D, 0x012D, 0x012C, 0x012C, 0x012C, 0x014B, 0x012B, 0x012A, 0x012A, 0x012A, 0x0129,
    0x0149, 0x0149, 0x0149, 0x0148, 0x0148, 0x0167, 0x0987, 0x11A7, 0x11C7, 0x11A7, 0x11A6, 0x11A6,
    0x11A6, 0x11C6, 0x11C6, 0x11C6, 0x11C7, 0x11C7, 0x11C7, 0x11C7, 0x11C7, 0x11C6, 0x11E6, 0x11E6,
    0x11E6, 0x11C6, 0x11C6, 0x11C6, 0x11C5, 0x11A5, 0x11A5, 0x11A5, 0x11A5, 0x1185, 0x11E6, 0x0986,
    0x0087, 0x00A7, 0x0085, 0x0086, 0x0086, 0x0085, 0x0087, 0x0086, 0x00A7, 0x0086, 0x00A7, 0x00A7,
    0x0086, 0x00A8, 0x0086, 0x0086, 0x00A6, 0x00A6, 0x00A6, 0x00A7, 0x00A7, 0x00A7, 0x00A7, 0x00A7,
    0x00A7, 0x00A7, 0x00C7, 0x00C8, 0x00C7, 0x00C7, 0x00C7, 0x00C8, 0x00C8, 0x00C8, 0x00C8, 0x00C8,
    0x00C9, 0x00E9, 0x00E9, 0x00E9, 0x00EA, 0x00EA, 0x00EA, 0x010B, 0x00EB, 0x00EB, 0x010B, 0x010C,
    0x010C, 0x010C, 0x012D, 0x012D, 0x012D, 0x012E, 0x012E, 0x012E, 0x012E, 0x014F, 0x014F, 0x0150,
    0x0150, 0x0150, 0x0150, 0x0171, 0x0171, 0x0171, 0x0192, 0x0192, 0x0192, 0x0193, 0x01B3, 0x01B4,
    0x01B4, 0x01B4, 0x01B4, 0x01D4, 0x01D5, 0x01D5, 0x01D5, 0x01D5, 0x01F5, 0x01F5, 0x01F6, 0x01F6,
    0x01F6, 0x01F6, 0x01F6, 0x01F5, 0x01F5, 0x01F5, 0x01F5, 0x01D5, 0x01D5, 0x01D4, 0x01D4, 0x01D4,
    0x01B4, 0x01B3, 0x01B3, 0x01B3, 0x01B2, 0x0192, 0x0192, 0x0191, 0x0191, 0x0170, 0x0170, 0x016F,
    0x016F, 0x014E, 0x014E, 0x014E, 0x012D, 0x012D, 0x012D, 0x014C, 0x014C, 0x014B, 0x014B, 0x012B,
    0x012A, 0x012A, 0x012A, 0x0149, 0x0149, 0x0149, 0x0149, 0x0168, 0x0987, 0x0987, 0x11A6, 0x11A6,
    0x11C7, 0x11A6, 0x11A6, 0x11A6, 0x19C6, 0x19C6, 0x19C6, 0x19C6, 0x19C7, 0x11C7, 0x11C7, 0x11C7,
    0x11C7, 0x11C7, 0x11C7, 0x11C6, 0x11C6, 0x11C6, 0x11C6, 0x11A6, 0x11A6, 0x1186, 0x1186, 0x1185,
    0x1185, 0x1185, 0x11C6, 0x0966, 0x0087, 0x00A8, 0x0086, 0x0086, 0x0086, 0x0086, 0x0086, 0x0086,
    0x00A7, 0x0086, 0x00A7, 0x00A7, 0x00A6, 0x00A8, 0x0086, 0x0086, 0x00A6, 0x00A6, 0x00A7, 0x00A7,
    0x00A7, 0x00A7, 0x00A7, 0x00A7, 0x00A7, 0x00A7, 0x00C7, 0x00C8, 0x00A7, 0x00C7, 0x00C7, 0x00C8,
    0x00C8, 0x00C8, 0x00C8, 0x00C8, 0x00E9, 0x00E9, 0x00E9, 0x00E9, 0x00EA, 0x00EA, 0x00EA, 0x010B,
    0x00EB, 0x00EB, 0x010C, 0x010C, 0x010C, 0x010C, 0x012D, 0x012D, 0x012D, 0x012E, 0x012E, 0x012E,
    0x012F, 0x014F, 0x014F, 0x0170, 0x0170, 0x0150, 0x0150, 0x0171, 0x0171, 0x0171, 0x0192, 0x0192,
    0x0193, 0x0193, 0x01B3, 0x01B4, 0x01B4, 0x01B4, 0x01D4, 0x01D4, 0x01D5, 0x01D5, 0x01D5, 0x01F5,
    0x01F5, 0x01F5, 0x01F5, 0x01F5, 0x01F5, 0x01F5, 0x01F5, 0x01F5, 0x01F5, 0x01F5, 0x01D5, 0x01D5,
    0x01D4, 0x01D4, 0x01D4, 0x01D4, 0x01B3, 0x01B3, 0x01B3, 0x01B2, 0x01B2, 0x0192, 0x0192, 0x0191,
    0x0191, 0x0170, 0x0170, 0x016F, 0x014F, 0x014E, 0x014E, 0x014D, 0x012D, 0x012D, 0x014C, 0x014C,
    0x014C, 0x014B, 0x014B, 0x012A, 0x012A, 0x014A, 0x014A, 0x0149, 0x0149, 0x0149, 0x0168, 0x0987,
    0x11A7, 0x11A7, 0x1187, 0x1187, 0x0968, 0x0949, 0x0929, 0x012A, 0x014A, 0x014A, 0x014A, 0x014A,
    0x096A, 0x096A, 0x096A, 0x0989, 0x11A8, 0x11C7, 0x11C6, 0x11C6, 0x11C6, 0x11A6, 0x11A6, 0x11A6,
    0x1186, 0x0986, 0x0986, 0x1186, 0x1166, 0x0965, 0x11A7, 0x0966, 0x0087, 0x0086, 0x0065, 0x0085,
    0x0086, 0x0085, 0x0086, 0x0086, 0x0086, 0x0086, 0x0086, 0x0086, 0x0086, 0x0086, 0x00A6, 0x00A6,
    0x00A6, 0x00A6, 0x00A6, 0x00A7, 0x00A7, 0x00A7, 0x00A7, 0x00A7, 0x00A7, 0x00C7, 0x00C7, 0x00C8,
    0x00C7, 0x00C7, 0x00C7, 0x00C8, 0x00C8, 0x00C8, 0x00C8, 0x00C9, 0x00E9, 0x00E9, 0x00E9, 0x00E9,
    0x00EA, 0x00EA, 0x00EA, 0x010B, 0x010B, 0x010B, 0x010C, 0x010C, 0x010C, 0x010C, 0x012D, 0x012D,
    0x012E, 0x012E, 0x012E, 0x012E, 0x014F, 0x014F, 0x014F, 0x0170, 0x0170, 0x0150, 0x0151, 0x0171,
    0x0171, 0x0171, 0x0192, 0x0192, 0x0192, 0x0193, 0x01B3, 0x01B4, 0x01D4, 0x01D4, 0x01D4, 0x01D4,
    0x01D5, 0x01D5, 0x01D5, 0x01D5, 0x01D5, 0x01D5, 0x01F5, 0x01D5, 0x01F5, 0x01F5, 0x01F5, 0x01D5,
    0x01D5, 0x01D5, 0x01D5, 0x01D4, 0x01D4, 0x01D4, 0x01B4, 0x01B3, 0x01B3, 0x01B3, 0x01B2, 0x01B2,
    0x01B2, 0x0191, 0x0191, 0x0191, 0x0170, 0x0170, 0x016F, 0x016F, 0x014E, 0x014E, 0x014E, 0x014D,
    0x012D, 0x014C, 0x014C, 0x014C, 0x014C, 0x014B, 0x014B, 0x014A, 0x014A, 0x014A, 0x014A, 0x0149,
    0x0169, 0x0988, 0x1188, 0x0968, 0x0929, 0x010A, 0x00EB, 0x00EB, 0x00EC, 0x00EB, 0x00EB, 0x010B,
    0x010B, 0x010B, 0x010B, 0x010C, 0x012C, 0x012C, 0x012C, 0x012C, 0x012C, 0x014B, 0x016A, 0x0989,
    0x11A7, 0x11A6, 0x11A6, 0x1186, 0x1186, 0x0986, 0x0966, 0x0966, 0x0966, 0x0965, 0x1187, 0x0947,
    0x0087, 0x0087, 0x0065, 0x0086, 0x00A7, 0x0086, 0x00A8, 0x0086, 0x0086, 0x0085, 0x00A7, 0x00C8,
    0x0086, 0x00C8, 0x00A6, 0x00A8, 0x00A7, 0x00A6, 0x00A6, 0x00A6, 0x00A7, 0x00A7, 0x00A7, 0x00A7,
    0x00A7, 0x00C7, 0x00C7, 0x00C7, 0x00C7, 0x00C7, 0x00C8, 0x00C8, 0x00C8, 0x00C8, 0x00C8, 0x00E9,
    0x00E9, 0x00E9, 0x00E9, 0x00E9, 0x00EA, 0x00EA, 0x00EA, 0x010B, 0x010B, 0x010B, 0x010C, 0x010C,
    0x010C, 0x010C, 0x012D, 0x012D, 0x012E, 0x012E, 0x012E, 0x012E, 0x014F, 0x014F, 0x014F, 0x0170,
    0x0170, 0x0170, 0x0171, 0x0171, 0x0171, 0x0171, 0x0192, 0x0192, 0x0192, 0x0193, 0x01B3, 0x01B3,
    0x01B4, 0x01D4, 0x01D4, 0x01D4, 0x01D4, 0x01D5, 0x01D5, 0x01D5, 0x01D5, 0x01D5, 0x01D5, 0x01D5,
    0x01D5, 0x01F5, 0x01D5, 0x01D5, 0x01D5, 0x01D4, 0x01D4, 0x01D4, 0x01D4, 0x01D4, 0x01B3, 0x01B3,
    0x01B3, 0x0192, 0x0192, 0x0192, 0x0192, 0x0191, 0x0191, 0x0190, 0x0170, 0x016F, 0x016F, 0x014F,
    0x014E, 0x014E, 0x014D, 0x012D, 0x014C, 0x014C, 0x014C, 0x014C, 0x014C, 0x014B, 0x014B, 0x014A,
    0x014A, 0x014A, 0x014A, 0x0169, 0x0969, 0x092A, 0x00EA, 0x00EB, 0x00EB, 0x00EB, 0x00EB, 0x00EB,
    0x010B, 0x010B, 0x010B, 0x010B, 0x010B, 0x010B, 0x010B, 0x012B, 0x012B, 0x012C, 0x012C, 0x012C,
    0x012C, 0x012C, 0x012B, 0x012B, 0x012B, 0x0149, 0x0968, 0x1186, 0x1186, 0x0966, 0x0966, 0x0966,
    0x0966, 0x0946, 0x1187, 0x0947, 0x0087, 0x0087, 0x0065, 0x0065, 0x0085, 0x0086, 0x0086, 0x0086,
    0x0086, 0x0086, 0x0086, 0x0086, 0x0086, 0x00A6, 0x0086, 0x00A6, 0x00A6, 0x00A6, 0x00A6, 0x00A6,
    0x00A6, 0x00A7, 0x00A7, 0x00A7, 0x00A7, 0x00C7, 0x00C7, 0x00C7, 0x00C7, 0x00C7, 0x00C8, 0x00C8,
    0x00C8, 0x00C8, 0x00C8, 0x00E9, 0x00E9, 0x00E9, 0x00E9, 0x00EA, 0x00EA, 0x00EA, 0x00EA, 0x010B,
    0x010B, 0x010B, 0x010C, 0x010C, 0x010C, 0x010D, 0x012D, 0x012D, 0x012E, 0x012E, 0x012E, 0x014F,
    0x014F, 0x014F, 0x014F, 0x0170, 0x0170, 0x0170, 0x0170, 0x0171, 0x0171, 0x0171, 0x0192, 0x0192,
    0x0192, 0x0193, 0x0193, 0x01B3, 0x01B4, 0x01B4, 0x01B4, 0x01D4, 0x01D4, 0x01B4, 0x01D4, 0x01D5,
    0x01D5, 0x01D5, 0x01D5, 0x01D5, 0x01D5, 0x01D5, 0x01D5, 0x01D5, 0x01D4, 0x01D4, 0x01D4, 0x01D4,
    0x01B4, 0x01B3, 0x01B3, 0x01B3, 0x01B2, 0x0192, 0x0192, 0x0191, 0x0191, 0x0191, 0x0170, 0x0170,
    0x0170, 0x016F, 0x014F, 0x014E, 0x014E, 0x014D, 0x014D, 0x014D, 0x014C, 0x014C, 0x014C, 0x014B,
    0x014C, 0x014B, 0x014B, 0x014B, 0x014A, 0x014A, 0x094A, 0x010A, 0x00CB, 0x00CB, 0x00CB, 0x00EB,
    0x00EB, 0x00EB, 0x00EB, 0x00EB, 0x010B, 0x010B, 0x010B, 0x010B, 0x010B, 0x010B, 0x010B, 0x012C,
    0x012C, 0x012C, 0x012C, 0x012C, 0x012C, 0x012B, 0x012B, 0x012B, 0x012B, 0x012B, 0x012B, 0x012A,
    0x0948, 0x0966, 0x0966, 0x0946, 0x0946, 0x0946, 0x0987, 0x0947, 0x0087, 0x00A7, 0x0085, 0x0086,
    0x00A7, 0x0086, 0x00A8, 0x0086, 0x00C8, 0x0086, 0x00A7, 0x00A8, 0x0086, 0x0086, 0x0086, 0x00A6,
    0x00A6, 0x00A6, 0x00A6, 0x00A6, 0x00A6, 0x00A6, 0x00A7, 0x00A7, 0x00C7, 0x00C7, 0x00C7, 0x00C7,
    0x00C7, 0x00C7, 0x00C8, 0x00C8, 0x00C8, 0x00C8, 0x00C8, 0x00E9, 0x00E9, 0x00E9, 0x00E9, 0x00EA,
    0x00EA, 0x00EA, 0x00EA, 0x010B, 0x010B, 0x010B, 0x010C, 0x010C, 0x010C, 0x010D, 0x012D, 0x012D,
    0x012E, 0x012E, 0x012E, 0x014F, 0x014F, 0x014F, 0x014F, 0x0170, 0x0170, 0x0170, 0x0170, 0x0171,
    0x0171, 0x0171, 0x0192, 0x0192, 0x0192, 0x0192, 0x0193, 0x0193, 0x01B3, 0x01B4, 0x01B4, 0x01B4,
    0x01B4, 0x01B4, 0x01B4, 0x01D4, 0x01D4, 0x01D5, 0x01D5, 0x01D4, 0x01B4, 0x01D4, 0x01D4, 0x01B4,
    0x01D4, 0x01B4, 0x01B4, 0x01B3, 0x01B3, 0x01B3, 0x01B3, 0x0192, 0x0192, 0x0192, 0x0191, 0x0191,
    0x0191, 0x0170, 0x0170, 0x0170, 0x016F, 0x016F, 0x014E, 0x014E, 0x014E, 0x014D, 0x014D, 0x014C,
    0x014C, 0x014C, 0x014C, 0x014C, 0x014C, 0x014B, 0x014B, 0x014A, 0x014A, 0x012B, 0x00EB, 0x00CB,
    0x00CB, 0x00EB, 0x00EB, 0x00EB, 0x00EB, 0x00EB, 0x00EB, 0x00EB, 0x010C, 0x010C, 0x010B, 0x010B,
    0x010B, 0x010B, 0x010C, 0x010C, 0x012C, 0x012C, 0x012C, 0x012C, 0x012C, 0x012C, 0x012B, 0x012B,
    0x012B, 0x012B, 0x012A, 0x010A, 0x00EA, 0x0109, 0x0927, 0x0946, 0x0946, 0x0926, 0x0967, 0x0947,
    0x00A8, 0x00A8, 0x0065, 0x0086, 0x0086, 0x0086, 0x00A7, 0x0086, 0x00A7, 0x0086, 0x00A7, 0x00A7,
    0x0086, 0x0086, 0x00A6, 0x00A6, 0x00A6, 0x00A7, 0x00A7, 0x00A7, 0x00A7, 0x00A7, 0x00A7, 0x00A7,
    0x00C7, 0x00C7, 0x00C7, 0x00C8, 0x00C8, 0x00C8, 0x00C8, 0x00C8, 0x00C8, 0x00C8, 0x00C9, 0x00E9,
    0x00E9, 0x00E9, 0x00EA, 0x00EA, 0x00EA, 0x00EA, 0x010B, 0x010C, 0x010C, 0x010C, 0x010C, 0x010C,
    0x012D, 0x012D, 0x012D, 0x012E, 0x012E, 0x014E, 0x014F, 0x014F, 0x014F, 0x014F, 0x0150, 0x0170,
    0x0171, 0x0171, 0x0171, 0x0171, 0x0171, 0x0171, 0x0192, 0x0192, 0x0192, 0x0193, 0x01B3, 0x01B3,
    0x01B3, 0x01B4, 0x01B4, 0x01B4, 0x01D4, 0x01D4, 0x01D4, 0x01D5, 0x01D5, 0x01D5, 0x01D5, 0x01D5,
    0x01D5, 0x01D4, 0x01D4, 0x01D4, 0x01D4, 0x01B4, 0x01B4, 0x01B3, 0x01B3, 0x01B3, 0x01B3, 0x01B2,
    0x0192, 0x0192, 0x0191, 0x0191, 0x0191, 0x0170, 0x0170, 0x0170, 0x016F, 0x016F, 0x016F, 0x016E,
    0x014E, 0x016D, 0x016D, 0x014D, 0x014C, 0x014C, 0x014C, 0x014C, 0x014C, 0x014B, 0x014B, 0x012B,
    0x00EC, 0x00EC, 0x00EC, 0x00EC, 0x00EB, 0x00EB, 0x00EB, 0x00EB, 0x00EB, 0x00EB, 0x00EB, 0x010B,
    0x010C, 0x010C, 0x010C, 0x010C, 0x010C, 0x010C, 0x012C, 0x012C, 0x012C, 0x012D, 0x012D, 0x012C,
    0x012C, 0x012C, 0x012C, 0x012C, 0x012B, 0x010B, 0x010A, 0x010A, 0x010A, 0x00E9, 0x00E9, 0x0108,
    0x0927, 0x0926, 0x0968, 0x0928, 0x0087, 0x00C8, 0x0086, 0x0086, 0x00A7, 0x0086, 0x00A7, 0x0086,
    0x0086, 0x0086, 0x00A7, 0x00A7, 0x00A6, 0x00A6, 0x00A6, 0x00A6, 0x00A6, 0x00A7, 0x00A7, 0x00A7,
    0x00A7, 0x00A7, 0x00C7, 0x00C7, 0x00C7, 0x00C7, 0x00C7, 0x00C8, 0x00C8, 0x00C8, 0x00C8, 0x00C8,
    0x00E8, 0x00E9, 0x00E9, 0x00E9, 0x00E9, 0x00EA, 0x00EA, 0x00EA, 0x00EA, 0x010B, 0x010B, 0x010C,
    0x010C, 0x010C, 0x010C, 0x012D, 0x012D, 0x012D, 0x012D, 0x012E, 0x014E, 0x014E, 0x014F, 0x014F,
    0x014F, 0x014F, 0x0170, 0x0170, 0x0170, 0x0171, 0x0171, 0x0171, 0x0171, 0x0192, 0x0192, 0x0192,
    0x0193, 0x01B3, 0x01B3, 0x01B3, 0x01B4, 0x01B4, 0x01D4, 0x01D4, 0x01D4, 0x01D4, 0x01D4, 0x01D5,
    0x01D5, 0x01D5, 0x01D5, 0x01D5, 0x01D5, 0x01D5, 0x01D4, 0x01D4, 0x01D4, 0x01B4, 0x01B4, 0x01B3,
    0x01B3, 0x01B3, 0x01B3, 0x01B2, 0x0192, 0x0191, 0x0191, 0x0191, 0x0191, 0x0171, 0x0170, 0x0170,
    0x016F, 0x016F, 0x016E, 0x016E, 0x016E, 0x014D, 0x016D, 0x016D, 0x014D, 0x016C, 0x016C, 0x014C,
    0x014C, 0x014B, 0x012C, 0x00EC, 0x00EC, 0x00EC, 0x00EC, 0x00EC, 0x00EB, 0x00EB, 0x00EB, 0x00EB,
    0x00EB, 0x00EB, 0x00EB, 0x010C, 0x010C, 0x010C, 0x010C, 0x010C, 0x010C, 0x010C, 0x012C, 0x012C,
    0x012D, 0x012D, 0x012C, 0x012C, 0x012C, 0x012C, 0x012B, 0x012B, 0x010B, 0x010B, 0x010A, 0x010A,
    0x00EA, 0x00E9, 0x00E9, 0x00C9, 0x00C9, 0x0907, 0x0968, 0x0927, 0x0087, 0x00A7, 0x0085, 0x0086,
    0x0086, 0x0085, 0x0086, 0x0086, 0x0086, 0x0086, 0x0086, 0x0086, 0x0086, 0x0086, 0x00A6, 0x00A6,
    0x00A6, 0x00A6, 0x00A6, 0x00A6, 0x00A6, 0x00A7, 0x00A7, 0x00A7, 0x00C7, 0x00C7, 0x00C7, 0x00C7,
    0x00C7, 0x00C7, 0x00C8, 0x00C8, 0x00C8, 0x00C8, 0x00E8, 0x00E9, 0x00E9, 0x00E9, 0x00E9, 0x00EA,
    0x00EA, 0x00EA, 0x010A, 0x010B, 0x010B, 0x010C, 0x010C, 0x012C, 0x012D, 0x012D, 0x012D, 0x012D,
    0x012E, 0x012E, 0x014E, 0x014F, 0x014F, 0x014F, 0x0150, 0x0170, 0x0170, 0x0170, 0x0171, 0x0171,
    0x0171, 0x0171, 0x0192, 0x0192, 0x0192, 0x0192, 0x0193, 0x0193, 0x01B3, 0x01B3, 0x01B3, 0x01B4,
    0x01B4, 0x01B4, 0x01D4, 0x01B4, 0x01B4, 0x01B4, 0x01B4, 0x01B4, 0x01D4, 0x01D4, 0x01B4, 0x01B4,
    0x01B3, 0x01B3, 0x01B3, 0x0193, 0x0192, 0x0192, 0x0192, 0x0192, 0x0191, 0x0191, 0x0171, 0x0190,
    0x0190, 0x0170, 0x0170, 0x016F, 0x016F, 0x014E, 0x014E, 0x014D, 0x014D, 0x014D, 0x014D, 0x014C,
    0x014C, 0x014C, 0x014C, 0x014B, 0x016C, 0x010C, 0x00EC, 0x00EC, 0x00EB, 0x00EB, 0x00EB, 0x00EB,
    0x00EB, 0x00EB, 0x00EB, 0x00EB, 0x00EB, 0x00EB, 0x00EB, 0x00EB, 0x010C, 0x010C, 0x010B, 0x010C,
    0x010C, 0x010C, 0x010C, 0x012C, 0x012C, 0x012C, 0x012C, 0x010C, 0x010B, 0x010B, 0x010B, 0x010B,
    0x010A, 0x00EA, 0x00EA, 0x00E9, 0x00E9, 0x00E9, 0x00C9, 0x00C8, 0x00C8, 0x00A8, 0x0929, 0x0927,
    0x00A7, 0x00C8, 0x0086, 0x0086, 0x0086, 0x0085, 0x00A8, 0x0086, 0x00C8, 0x0086, 0x00A7, 0x00C8,
    0x0086, 0x0086, 0x00A6, 0x00A6, 0x00A6, 0x00A6, 0x00A6, 0x00A6, 0x00A7, 0x00A7, 0x00A7, 0x00A7,
    0x00C7, 0x00C7, 0x00C7, 0x00C8, 0x00C7, 0x00C7, 0x00C8, 0x00C8, 0x00C8, 0x00C8, 0x00E8, 0x00E9,
    0x00E9, 0x00E9, 0x00E9, 0x00EA, 0x00EA, 0x00EA, 0x010B, 0x010B, 0x010C, 0x010C, 0x010C, 0x012C,
    0x012D, 0x012D, 0x012D, 0x012D, 0x012E, 0x012E, 0x014E, 0x014F, 0x014F, 0x014F, 0x0150, 0x0170,
    0x0170, 0x0170, 0x0170, 0x0171, 0x0171, 0x0171, 0x0171, 0x0172, 0x0192, 0x0192, 0x0192, 0x0193,
    0x0193, 0x01B3, 0x01B3, 0x01B3, 0x01B4, 0x01B4, 0x01B4, 0x01B4, 0x01B4, 0x01D4, 0x01B4, 0x01B4,
    0x01B4, 0x01B4, 0x01B4, 0x01B3, 0x01B3, 0x0193, 0x0193, 0x0192, 0x0192, 0x0192, 0x0192, 0x0191,
    0x0191, 0x0171, 0x0170, 0x0170, 0x0190, 0x016F, 0x016F, 0x014F, 0x014E, 0x014E, 0x016E, 0x014D,
    0x014D, 0x014D, 0x014D, 0x014C, 0x014C, 0x014C, 0x016B, 0x096B, 0x010C, 0x00EC, 0x00EC, 0x00EC,
    0x00EC, 0x00EB, 0x00EB, 0x00EB, 0x00EB, 0x00EB, 0x00EB, 0x00EB, 0x00EB, 0x00EB, 0x00EB, 0x00EB,
    0x010C, 0x010C, 0x010C, 0x010C, 0x010C, 0x010C, 0x010C, 0x010C, 0x010C, 0x010C, 0x010C, 0x010C,
    0x010B, 0x010B, 0x010B, 0x010B, 0x00EA, 0x00EA, 0x00EA, 0x00E9, 0x00E9, 0x00C9, 0x00C9, 0x00C8,
    0x00C8, 0x00A8, 0x00CA, 0x00C8, 0x0087, 0x00A7, 0x0065, 0x0085, 0x0086, 0x0086, 0x00A7, 0x0086,
    0x0086, 0x0086, 0x00A6, 0x00A7, 0x0086, 0x0086, 0x00A6, 0x00A6, 0x00A6, 0x00A6, 0x00A6, 0x00A6,
    0x00A7, 0x00A7, 0x00A7, 0x00A7, 0x00A7, 0x00C7, 0x00C7, 0x00C8, 0x00C7, 0x00C7, 0x00C8, 0x00C8,
    0x00C8, 0x00C8, 0x00E9, 0x00E9, 0x00E9, 0x00E9, 0x00EA, 0x00EA, 0x00EA, 0x00EA, 0x010B, 0x010B,
    0x010C, 0x010C, 0x010C, 0x012C, 0x012D, 0x012D, 0x012D, 0x012D, 0x012E, 0x012E, 0x014E, 0x014F,
    0x014F, 0x014F, 0x014F, 0x0170, 0x0170, 0x0150, 0x0170, 0x0171, 0x0171, 0x0171, 0x0171, 0x0171,
    0x0172, 0x0192, 0x0192, 0x0193, 0x0193, 0x0193, 0x01B3, 0x01B3, 0x01B4, 0x01B4, 0x01B4, 0x01B4,
    0x01B4, 0x01B4, 0x01B4, 0x01B4, 0x01B3, 0x01B3, 0x01B3, 0x01B3, 0x0193, 0x0193, 0x0192, 0x0192,
    0x0192, 0x0192, 0x0191, 0x0191, 0x0171, 0x0170, 0x0170, 0x0170, 0x0170, 0x016F, 0x014F, 0x014F,
    0x014E, 0x016E, 0x016E, 0x016D, 0x014D, 0x014D, 0x016C, 0x016C, 0x016C, 0x016B, 0x096B, 0x010C,
    0x00ED, 0x00EC, 0x00EC, 0x00EC, 0x00EB, 0x00EB, 0x00EB, 0x00EB, 0x00EB, 0x00EB, 0x00EB, 0x00EB,
    0x00EB, 0x00EB, 0x00EB, 0x00EB, 0x010C, 0x010C, 0x010C, 0x010C, 0x010C, 0x010C, 0x010C, 0x010C,
    0x010C, 0x010C, 0x010C, 0x010C, 0x010B, 0x010B, 0x010B, 0x00EA, 0x00EA, 0x00EA, 0x00EA, 0x00E9,
    0x00C9, 0x00C9, 0x00C9, 0x00C8, 0x00A8, 0x00A8, 0x00C9, 0x00C9, 0x0087, 0x00A8, 0x0065, 0x0086,
    0x0086, 0x0086, 0x00A7, 0x0086, 0x00A7, 0x0086, 0x0085, 0x0086, 0x0086, 0x00C8, 0x00A6, 0x00C7,
    0x00A7, 0x00A7, 0x00A7, 0x00A6, 0x00A6, 0x00A6, 0x00A7, 0x00A7, 0x00C7, 0x00C7, 0x00C7, 0x00C8,
    0x00C7, 0x00C7, 0x00C8, 0x00C8, 0x00C8, 0x00C8, 0x00E8, 0x00E9, 0x00E9, 0x00E9, 0x00EA, 0x00EA,
    0x00EA, 0x00EA, 0x010B, 0x010B, 0x010B, 0x010B, 0x010C, 0x010C, 0x012D, 0x012D, 0x012D, 0x012D,
    0x012E, 0x012E, 0x012E, 0x014F, 0x014F, 0x014F, 0x014F, 0x0170, 0x0170, 0x0150, 0x0170, 0x0150,
    0x0171, 0x0171, 0x0171, 0x0171, 0x0172, 0x0172, 0x0192, 0x0192, 0x0193, 0x0193, 0x01B3, 0x01B3,
    0x01B3, 0x01B4, 0x01B4, 0x01B4, 0x01B4, 0x01B4, 0x01B3, 0x0193, 0x01B3, 0x01B3, 0x01B3, 0x0193,
    0x0192, 0x0192, 0x0192, 0x0192, 0x0192, 0x0191, 0x0171, 0x0171, 0x0170, 0x0170, 0x0170, 0x0170,
    0x0170, 0x014F, 0x014F, 0x014E, 0x016E, 0x016E, 0x016E, 0x016D, 0x014D, 0x014C, 0x016C, 0x016C,
    0x018B, 0x096B, 0x010C, 0x00EC, 0x010C, 0x00EC, 0x00EC, 0x00EC, 0x00EC, 0x00EB, 0x00EB, 0x00EB,
    0x00EB, 0x00EB, 0x00EB, 0x00EB, 0x00EB, 0x00EB, 0x00EB, 0x00EB, 0x010C, 0x010C, 0x010C, 0x010C,
    0x010C, 0x010C, 0x010C, 0x010C, 0x010C, 0x010C, 0x010B, 0x010B, 0x010B, 0x00EB, 0x00EB, 0x00EA,
    0x00EA, 0x00EA, 0x00E9, 0x00C9, 0x00C9, 0x00C9, 0x00C8, 0x00A8, 0x00A8, 0x00A7, 0x00C9, 0x00C9,
    0x0087, 0x00A8, 0x0085, 0x0086, 0x0086, 0x0085, 0x0086, 0x0086, 0x00A7, 0x0086, 0x0085, 0x0086,
    0x0086, 0x00A7, 0x00A6, 0x00A7, 0x00A6, 0x00A7, 0x00A7, 0x00A6, 0x00A6, 0x00A6, 0x00A7, 0x00A7,
    0x00C7, 0x00C7, 0x00C7, 0x00C8, 0x00C7, 0x00C7, 0x00C8, 0x00C8, 0x00C8, 0x00C8, 0x00E8, 0x00E9,
    0x00E9, 0x00E9, 0x00EA, 0x00EA, 0x00EA, 0x00EA, 0x010A, 0x010B, 0x010B, 0x010B, 0x010C, 0x010C,
    0x012D, 0x012D, 0x012D, 0x012D, 0x012E, 0x012E, 0x012E, 0x012F, 0x014F, 0x014F, 0x014F, 0x0150,
    0x0170, 0x0150, 0x0170, 0x0150, 0x0171, 0x0171, 0x0171, 0x0171, 0x0172, 0x0172, 0x0192, 0x0192,
    0x0193, 0x0193, 0x0193, 0x0193, 0x01B3, 0x01B3, 0x01B3, 0x01B3, 0x01B3, 0x01B3, 0x0193, 0x0193,
    0x0193, 0x0193, 0x0193, 0x0192, 0x0192, 0x0192, 0x0192, 0x0192, 0x0172, 0x0171, 0x0171, 0x0170,
    0x0170, 0x0170, 0x0170, 0x0170, 0x016F, 0x014F, 0x014E, 0x016E, 0x016E, 0x016E, 0x016D, 0x016D,
    0x016D, 0x014C, 0x016C, 0x018C, 0x098B, 0x010C, 0x00ED, 0x010C, 0x010C, 0x00EC, 0x00EC, 0x00EB,
    0x00EB, 0x00EB, 0x00EB, 0x00EB, 0x00EB, 0x00EB, 0x00EB, 0x00EB, 0x00EB, 0x00EB, 0x00EB, 0x00EC,
    0x010C, 0x010C, 0x010C, 0x010C, 0x010C, 0x010C, 0x010C, 0x010C, 0x010C, 0x00EB, 0x00EB, 0x00EB,
    0x00EB, 0x00EB, 0x00EA, 0x00EA, 0x00EA, 0x00CA, 0x00C9, 0x00C9, 0x00C9, 0x00A9, 0x00A8, 0x00A8,
    0x00A8, 0x0087, 0x00C9, 0x00C9, 0x00A7, 0x00A7, 0x0065, 0x0086, 0x0086, 0x0086, 0x00A7, 0x0085,
    0x00A7, 0x00A7, 0x00A6, 0x00A7, 0x0086, 0x00A7, 0x00A6, 0x00A6, 0x00A6, 0x00A6, 0x00A6, 0x00A6,
    0x00A6, 0x00A6, 0x00A7, 0x00A7, 0x00A7, 0x00C7, 0x00C7, 0x00C7, 0x00C7, 0x00C7, 0x00C8, 0x00C8,
    0x00C8, 0x00C8, 0x00E9, 0x00E9, 0x00E9, 0x00E9, 0x00E9, 0x00EA, 0x010A, 0x00EA, 0x010B, 0x010B,
    0x010B, 0x010B, 0x010C, 0x010C, 0x012D, 0x012D, 0x012D, 0x012D, 0x012D, 0x012E, 0x012E, 0x012F,
    0x012F, 0x014F, 0x014F, 0x014F, 0x0150, 0x0150, 0x0150, 0x0150, 0x0171, 0x0171, 0x0171, 0x0171,
    0x0172, 0x0172, 0x0172, 0x0192, 0x0192, 0x0193, 0x0193, 0x0193, 0x0193, 0x0193, 0x0193, 0x0193,
    0x0193, 0x0193, 0x0193, 0x0193, 0x0192, 0x0192, 0x0192, 0x0192, 0x0192, 0x0192, 0x0192, 0x0191,
    0x0171, 0x0171, 0x0171, 0x0170, 0x0170, 0x0170, 0x0170, 0x016F, 0x016F, 0x014F, 0x016E, 0x016E,
    0x016E, 0x016D, 0x016D, 0x016D, 0x016D, 0x016C, 0x018C, 0x018C, 0x012C, 0x00ED, 0x010C, 0x00EC,
    0x010C, 0x010C, 0x010D, 0x010C, 0x012D, 0x012D, 0x012D, 0x012D, 0x012D, 0x012D, 0x010C, 0x010C,
    0x00EC, 0x00EB, 0x00EB, 0x00EC, 0x00EC, 0x010C, 0x010C, 0x010C, 0x010C, 0x010C, 0x010C, 0x00EC,
    0x00EB, 0x00EB, 0x00EB, 0x00EB, 0x00EB, 0x00EA, 0x00EA, 0x00CA, 0x00CA, 0x00CA, 0x00C9, 0x00A9,
    0x00A8, 0x00A8, 0x00A8, 0x00A8, 0x00A8, 0x0087, 0x00C9, 0x00C9, 0x00A7, 0x00A8, 0x0085, 0x0086,
    0x00A7, 0x0085, 0x00C9, 0x0086, 0x00C8, 0x00A6, 0x00A7, 0x00A8, 0x00A6, 0x00C8, 0x00A6, 0x00A6,
    0x00A6, 0x00A6, 0x00A6, 0x00A6, 0x00A6, 0x00A6, 0x00A7, 0x00A7, 0x00C7, 0x00C7, 0x00C7, 0x00C7,
    0x00C7, 0x00C7, 0x00C7, 0x00C8, 0x00C8, 0x00C8, 0x00E9, 0x00E9, 0x00E9, 0x00E9, 0x00E9, 0x00EA,
    0x00EA, 0x00EA, 0x010A, 0x010B, 0x010B, 0x010B, 0x010C, 0x010C, 0x010C, 0x012D, 0x012D, 0x012D,
    0x012D, 0x012E, 0x012E, 0x014F, 0x014F, 0x014F, 0x014F, 0x014F, 0x0150, 0x0150, 0x0150, 0x0150,
    0x0151, 0x0151, 0x0171, 0x0171, 0x0171, 0x0172, 0x0172, 0x0192, 0x0192, 0x0192, 0x0192, 0x0193,
    0x0193, 0x0193, 0x0193, 0x0193, 0x0193, 0x0193, 0x0193, 0x0192, 0x0192, 0x0192, 0x0192, 0x0192,
    0x0172, 0x0171, 0x0171, 0x0171, 0x0171, 0x0171, 0x0170, 0x0170, 0x0170, 0x0170, 0x016F, 0x016F,
    0x016F, 0x014E, 0x016E, 0x016E, 0x014D, 0x014D, 0x016D, 0x016D, 0x018C, 0x018C, 0x018C, 0x014C,
    0x010D, 0x012D, 0x014D, 0x014D, 0x014E, 0x014E, 0x014E, 0x014E, 0x014E, 0x016E, 0x016E, 0x016E,
    0x016E, 0x016E, 0x016F, 0x018F, 0x018F, 0x016E, 0x016E, 0x014D, 0x012D, 0x012D, 0x010C, 0x00EC,
    0x00EC, 0x00EC, 0x00EC, 0x00EC, 0x00EB, 0x00EB, 0x00EB, 0x00EB, 0x00EB, 0x00CA, 0x00CA, 0x00CA,
    0x00CA, 0x00C9, 0x00C9, 0x00A9, 0x00A8, 0x00A8, 0x00A8, 0x00A8, 0x00A8, 0x0087, 0x00EA, 0x00C9,
    0x00A8, 0x00A7, 0x0064, 0x0085, 0x0085, 0x0086, 0x00A6, 0x0085, 0x0085, 0x0085, 0x0085, 0x0086,
    0x0085, 0x0086, 0x00A6, 0x0086, 0x00A6, 0x00A6, 0x00A6, 0x00A6, 0x00A6, 0x00A6, 0x00A6, 0x00A7,
    0x00C7, 0x00C7, 0x00C7, 0x00C7, 0x00C7, 0x00C7, 0x00C8, 0x00C8, 0x00C8, 0x00C8, 0x00E8, 0x00E9,
    0x00E9, 0x00E9, 0x00E9, 0x00EA, 0x00EA, 0x00EA, 0x010A, 0x010B, 0x010B, 0x010B, 0x010C, 0x010C,
    0x010C, 0x010D, 0x010D, 0x012D, 0x012E, 0x012E, 0x012E, 0x012F, 0x012F, 0x012F, 0x012F, 0x014F,
    0x0150, 0x0150, 0x0150, 0x0150, 0x0150, 0x0151, 0x0151, 0x0171, 0x0171, 0x0171, 0x0172, 0x0172,
    0x0172, 0x0172, 0x0172, 0x0192, 0x0172, 0x0172, 0x0192, 0x0192, 0x0192, 0x0192, 0x0192, 0x0192,
    0x0192, 0x0192, 0x0172, 0x0172, 0x0171, 0x0171, 0x0171, 0x0171, 0x0171, 0x0170, 0x0170, 0x0170,
    0x0150, 0x014F, 0x014F, 0x016F, 0x016F, 0x014E, 0x014E, 0x014D, 0x014D, 0x014D, 0x016C, 0x018C,
    0x018C, 0x018C, 0x018C, 0x014D, 0x014E, 0x014E, 0x014E, 0x014E, 0x016E, 0x014E, 0x014E, 0x014E,
    0x014E, 0x014E, 0x014E, 0x016E, 0x016E, 0x016E, 0x016E, 0x018F, 0x018F, 0x09AF, 0x09AF, 0x09AF,
    0x09AF, 0x01AF, 0x018E, 0x016E, 0x014D, 0x010C, 0x00EB, 0x00CB, 0x00CB, 0x00EB, 0x00CB, 0x00CB,
    0x00CA, 0x00CA, 0x00CA, 0x00C9, 0x00C9, 0x00A9, 0x00A9, 0x00A9, 0x00A8, 0x00A8, 0x00A8, 0x00A8,
    0x00A8, 0x0087, 0x00EA, 0x00EA, 0x00C8, 0x00A7, 0x0064, 0x0086, 0x00A7, 0x0086, 0x00C9, 0x0085,
    0x0085, 0x0085, 0x00A6, 0x00A7, 0x0085, 0x0086, 0x00A6, 0x0086, 0x00A6, 0x00A6, 0x00A6, 0x00C7,
    0x00A7, 0x00A6, 0x00A7, 0x00A6, 0x00C7, 0x00C7, 0x00C7, 0x00C7, 0x00C7, 0x00C7, 0x00C7, 0x00C8,
    0x00C8, 0x00C8, 0x00C8, 0x00C9, 0x00E9, 0x00E9, 0x00E9, 0x00EA, 0x00EA, 0x00EA, 0x010B, 0x010B,
    0x010B, 0x010C, 0x010C, 0x010C, 0x010C, 0x010D, 0x010D, 0x012D, 0x012E, 0x012E, 0x012E, 0x012F,
    0x012F, 0x012F, 0x012F, 0x014F, 0x0150, 0x0150, 0x0150, 0x0150, 0x0150, 0x0151, 0x0151, 0x0151,
    0x0171, 0x0171, 0x0172, 0x0172, 0x0172, 0x0172, 0x0172, 0x0172, 0x0172, 0x0172, 0x0172, 0x0172,
    0x0172, 0x0172, 0x0172, 0x0172, 0x0172, 0x0172, 0x0172, 0x0172, 0x0171, 0x0171, 0x0171, 0x0171,
    0x0170, 0x0170, 0x0170, 0x0170, 0x014F, 0x014F, 0x014F, 0x014F, 0x016F, 0x014E, 0x016E, 0x016D,
    0x014D, 0x016D, 0x018C, 0x018C, 0x018C, 0x018B, 0x016D, 0x014E, 0x014D, 0x014E, 0x014E, 0x014E,
    0x014E, 0x014E, 0x014E, 0x014E, 0x014E, 0x014E, 0x014E, 0x016E, 0x016E, 0x016E, 0x016E, 0x018F,
    0x018F, 0x018F, 0x018F, 0x018F, 0x018F, 0x018F, 0x09AF, 0x09AF, 0x09AF, 0x09AF, 0x098E, 0x014D,
    0x010C, 0x00CB, 0x00AA, 0x00CA, 0x00CA, 0x00CA, 0x00CA, 0x00A9, 0x00A9, 0x00A9, 0x00A9, 0x00A9,
    0x00A8, 0x00A8, 0x00A8, 0x00A8, 0x00A8, 0x0087, 0x00EA, 0x00EA, 0x00C9, 0x00C8, 0x0065, 0x0085,
    0x0085, 0x0085, 0x0086, 0x0085, 0x0085, 0x0085, 0x00A6, 0x00A6, 0x0085, 0x0086, 0x0086, 0x00A6,
    0x00A6, 0x00A6, 0x00A6, 0x00A6, 0x00A6, 0x00A6, 0x00A6, 0x00A6, 0x00C7, 0x00C7, 0x00C7, 0x00C7,
    0x00C7, 0x00C7, 0x00C7, 0x00C8, 0x00C8, 0x00C8, 0x00E8, 0x00E9, 0x00E9, 0x00E9, 0x00E9, 0x00EA,
    0x00EA, 0x00EA, 0x00EA, 0x010B, 0x010B, 0x010C, 0x010C, 0x010C, 0x010C, 0x010D, 0x012D, 0x012D,
    0x012E, 0x012E, 0x012E, 0x012E, 0x012F, 0x012F, 0x014F, 0x014F, 0x0150, 0x0150, 0x0150, 0x0150,
    0x0150, 0x0151, 0x0151, 0x0171, 0x0171, 0x0171, 0x0171, 0x0172, 0x0172, 0x0172, 0x0172, 0x0172,
    0x0172, 0x0172, 0x0172, 0x0172, 0x0172, 0x0172, 0x0172, 0x0172, 0x0172, 0x0171, 0x0171, 0x0171,
    0x0171, 0x0171, 0x0171, 0x0171, 0x0170, 0x0170, 0x0170, 0x0170, 0x016F, 0x014F, 0x014F, 0x014E,
    0x016E, 0x014E, 0x014E, 0x016D, 0x016D, 0x018C, 0x018C, 0x018C, 0x018C, 0x018C, 0x014E, 0x014D,
    0x014E, 0x014E, 0x016E, 0x016E, 0x016E, 0x016E, 0x016E, 0x016E, 0x016E, 0x016E, 0x016E, 0x016E,
    0x016E, 0x016E, 0x016E, 0x018E, 0x018F, 0x018F, 0x018F, 0x098F, 0x09AF, 0x098F, 0x09AF, 0x09AF,
    0x09AF, 0x09AF, 0x09CF, 0x09CF, 0x09CF, 0x098E, 0x012C, 0x00CA, 0x00AA, 0x00AA, 0x00A9, 0x00A9,
    0x00A9, 0x00A9, 0x00A9, 0x00A9, 0x00A8, 0x00A8, 0x00A8, 0x00A8, 0x00A7, 0x0087, 0x00EA, 0x00EA,
    0x00E9, 0x00E9, 0x0085, 0x00A6, 0x00A7, 0x0085, 0x00C8, 0x00A6, 0x00A7, 0x00A6, 0x00A6, 0x00A6,
    0x00A6, 0x00C7, 0x00A6, 0x00A6, 0x00A6, 0x00A6, 0x00A6, 0x00C7, 0x00A7, 0x00A7, 0x00C7, 0x00C7,
    0x00C7, 0x00C7, 0x00C7, 0x00C8, 0x00C7, 0x00C8, 0x00C8, 0x00C8, 0x00E8, 0x00E9, 0x00E9, 0x00E9,
    0x00E9, 0x00E9, 0x00EA, 0x00EA, 0x00EA, 0x010B, 0x010B, 0x010B, 0x010C, 0x010C, 0x010C, 0x010C,
    0x012D, 0x012D, 0x012D, 0x012E, 0x012E, 0x012E, 0x012F, 0x014F, 0x014F, 0x014F, 0x0150, 0x0150,
    0x0150, 0x0150, 0x0150, 0x0150, 0x0151, 0x0171, 0x0171, 0x0171, 0x0172, 0x0172, 0x0172, 0x0172,
    0x0172, 0x0172, 0x0172, 0x0172, 0x0172, 0x0172, 0x0192, 0x0192, 0x0172, 0x0192, 0x0192, 0x0192,
    0x0172, 0x0172, 0x0172, 0x0172, 0x0171, 0x0171, 0x0171, 0x0171, 0x0171, 0x0170, 0x0170, 0x0170,
    0x0170, 0x016F, 0x016F, 0x016F, 0x016F, 0x016E, 0x016E, 0x016D, 0x018D, 0x018C, 0x018C, 0x018C,
    0x09AC, 0x016D, 0x014E, 0x014E, 0x014E, 0x014D, 0x014D, 0x014D, 0x014E, 0x012D, 0x012D, 0x012D,
    0x012D, 0x012D, 0x012D, 0x014D, 0x014E, 0x016E, 0x016E, 0x018F, 0x018F, 0x09AF, 0x09AF, 0x09AF,
    0x09AF, 0x09AF, 0x09AF, 0x09AF, 0x09AF, 0x09AF, 0x09AF, 0x09CF, 0x09CF, 0x09CF, 0x09CF, 0x09AF,
    0x016D, 0x00EB, 0x00A9, 0x00A9, 0x00A9, 0x00A9, 0x00A9, 0x00A8, 0x00A8, 0x00A8, 0x00A8, 0x00A8,
    0x00A8, 0x0087, 0x010B, 0x010B, 0x00E9, 0x00C7, 0x0064, 0x0085, 0x0085, 0x0085, 0x0085, 0x0085,
    0x0085, 0x0085, 0x0085, 0x0085, 0x0085, 0x00A6, 0x00A5, 0x0085, 0x00A6, 0x00A6, 0x00A6, 0x00A6,
    0x00A6, 0x00A6, 0x00A6, 0x00A6, 0x00C7, 0x00C7, 0x00C7, 0x00C7, 0x00C7, 0x00C7, 0x00C8, 0x00C8,
    0x00C8, 0x00C8, 0x00C8, 0x00C8, 0x00E9, 0x00E9, 0x00E9, 0x00EA, 0x00EA, 0x00EA, 0x00EA, 0x010B,
    0x010C, 0x010C, 0x010C, 0x010C, 0x010D, 0x012D, 0x012D, 0x012D, 0x012E, 0x012E, 0x012E, 0x012F,
    0x014F, 0x014F, 0x014F, 0x0150, 0x0150, 0x0150, 0x0150, 0x0150, 0x0151, 0x0151, 0x0171, 0x0171,
    0x0171, 0x0171, 0x0171, 0x0172, 0x0172, 0x0172, 0x0172, 0x0172, 0x0172, 0x0172, 0x0172, 0x0172,
    0x0172, 0x0172, 0x0172, 0x0172, 0x0172, 0x0172, 0x0172, 0x0171, 0x0171, 0x0171, 0x0171, 0x0170,
    0x0170, 0x0170, 0x0170, 0x0170, 0x014F, 0x014F, 0x014F, 0x016E, 0x016E, 0x016E, 0x016D, 0x018D,
    0x016C, 0x018C, 0x018C, 0x018B, 0x016C, 0x012D, 0x012D, 0x010D, 0x010C, 0x00EC, 0x00EC, 0x00EC,
    0x00EC, 0x00EC, 0x00EB, 0x00EB, 0x00EB, 0x00EB, 0x00CB, 0x00CB, 0x00CB, 0x00EB, 0x00EB, 0x010C,
    0x012D, 0x014D, 0x016E, 0x018F, 0x01AF, 0x098F, 0x098F, 0x09AF, 0x09AF, 0x09AF, 0x09AF, 0x09AF,
    0x09AF, 0x09AF, 0x09AE, 0x09AF, 0x09AF, 0x09AE, 0x014D, 0x00EA, 0x0088, 0x0088, 0x00A8, 0x00A8,
    0x00A8, 0x0088, 0x0087, 0x0087, 0x0087, 0x0087, 0x00EA, 0x010A, 0x00E8, 0x010A, 0x00A6, 0x0085,
    0x0085, 0x00A6, 0x00C8, 0x0085, 0x0085, 0x0085, 0x00A6, 0x00C7, 0x0085, 0x0085, 0x00A5, 0x00A5,
    0x00A6, 0x00A6, 0x00A6, 0x00A6, 0x00A6, 0x00A6, 0x00A6, 0x00A6, 0x00A6, 0x00A7, 0x00C7, 0x00C7,
    0x00C7, 0x00C7, 0x00C7, 0x00C8, 0x00C8, 0x00C8, 0x00C8, 0x00C8, 0x00C9, 0x00E9, 0x00E9, 0x00E9,
    0x00EA, 0x00EA, 0x00EA, 0x010B, 0x010B, 0x010C, 0x010C, 0x010C, 0x010D, 0x010D, 0x012D, 0x012D,
    0x012E, 0x012E, 0x012E, 0x012F, 0x012F, 0x014F, 0x014F, 0x0150, 0x0150, 0x0150, 0x0150, 0x0150,
    0x0151, 0x0151, 0x0151, 0x0171, 0x0171, 0x0171, 0x0172, 0x0172, 0x0172, 0x0172, 0x0172, 0x0172,
    0x0172, 0x0172, 0x0172, 0x0172, 0x0172, 0x0172, 0x0172, 0x0172, 0x0172, 0x0171, 0x0171, 0x0171,
    0x0171, 0x0171, 0x0171, 0x0170, 0x0170, 0x0170, 0x0170, 0x016F, 0x014F, 0x014F, 0x014E, 0x014E,
    0x016E, 0x016E, 0x018D, 0x018C, 0x016C, 0x016C, 0x018C, 0x018C, 0x012C, 0x00EC, 0x00EC, 0x00EC,
    0x010C, 0x00EC, 0x00EC, 0x00EC, 0x00EC, 0x00EC, 0x00EC, 0x00EC, 0x00EB, 0x00EB, 0x00EB, 0x00EB,
    0x00EB, 0x00EB, 0x00EB, 0x00EB, 0x00EB, 0x00EB, 0x00EB, 0x010B, 0x012D, 0x014E, 0x018E, 0x09AF,
    0x09AF, 0x09AF, 0x09AF, 0x09AF, 0x09AF, 0x09AF, 0x09AF, 0x09AE, 0x018E, 0x018E, 0x01AE, 0x018E,
    0x014C, 0x00C9, 0x0088, 0x0088, 0x00A8, 0x0088, 0x0087, 0x0087, 0x0087, 0x0087, 0x010A, 0x010A,
    0x0109, 0x00E8, 0x0064, 0x0084, 0x0085, 0x0085, 0x0085, 0x0085, 0x0085, 0x0085, 0x0085, 0x00A5,
    0x0085, 0x0085, 0x00A5, 0x00A5, 0x00A5, 0x00A6, 0x00A6, 0x00A6, 0x00A6, 0x00A6, 0x00A6, 0x00A6,
    0x00A7, 0x00A7, 0x00C7, 0x00C7, 0x00C7, 0x00C7, 0x00C7, 0x00C8, 0x00C8, 0x00C8, 0x00C8, 0x00C9,
    0x00E9, 0x00E9, 0x00E9, 0x00E9, 0x00EA, 0x00EA, 0x00EA, 0x010B, 0x010B, 0x010C, 0x010C, 0x010C,
    0x010D, 0x010D, 0x010D, 0x012D, 0x012E, 0x012E, 0x012E, 0x012F, 0x012F, 0x014F, 0x014F, 0x014F,
    0x0150, 0x0150, 0x0150, 0x0150, 0x0151, 0x0151, 0x0151, 0x0151, 0x0171, 0x0171, 0x0171, 0x0172,
    0x0172, 0x0172, 0x0172, 0x0172, 0x0172, 0x0172, 0x0172, 0x0172, 0x0172, 0x0172, 0x0172, 0x0172,
    0x0171, 0x0171, 0x0171, 0x0171, 0x0171, 0x0171, 0x0171, 0x0170, 0x0170, 0x0170, 0x016F, 0x016F,
    0x014F, 0x014F, 0x014E, 0x014E, 0x016E, 0x016D, 0x018C, 0x018C, 0x018C, 0x016C, 0x018C, 0x016C,
    0x010D, 0x010C, 0x010C, 0x010C, 0x00EC, 0x00EC, 0x00EC, 0x00EC, 0x00EC, 0x00EC, 0x00EC, 0x00EB,
    0x00EB, 0x00EB, 0x00CB, 0x00EB, 0x00EB, 0x00EB, 0x00EB, 0x00EB, 0x00EB, 0x00EB, 0x00EB, 0x00EB,
    0x00EB, 0x00EB, 0x00EB, 0x010C, 0x014D, 0x018E, 0x09AF, 0x09AF, 0x09AF, 0x098E, 0x09AE, 0x09AE,
    0x018E, 0x018E, 0x016D, 0x016D, 0x018E, 0x016D, 0x012B, 0x00A9, 0x0087, 0x0088, 0x0087, 0x0087,
    0x0087, 0x0086, 0x010A, 0x012B, 0x012A, 0x00E8, 0x0064, 0x00A6, 0x00A6, 0x0084, 0x00C7, 0x00A5,
    0x00A6, 0x00A5, 0x0085, 0x0085, 0x0085, 0x0085, 0x00A5, 0x00A5, 0x00A5, 0x00A6, 0x00A6, 0x00A6,
    0x00A6, 0x00A6, 0x00A6, 0x00A6, 0x00A7, 0x00A6, 0x00C7, 0x00C7, 0x00C7, 0x00C7, 0x00C7, 0x00C8,
    0x00C8, 0x00C8, 0x00C8, 0x00E8, 0x00E9, 0x00E9, 0x00E9, 0x00EA, 0x00EA, 0x00EA, 0x00EA, 0x010B,
    0x010B, 0x010B, 0x010C, 0x010C, 0x010C, 0x010D, 0x010D, 0x012D, 0x012E, 0x012E, 0x012E, 0x012E,
    0x012F, 0x014F, 0x014F, 0x014F, 0x0150, 0x0150, 0x0150, 0x0150, 0x0150, 0x0151, 0x0151, 0x0151,
    0x0151, 0x0171, 0x0171, 0x0172, 0x0172, 0x0172, 0x0172, 0x0172, 0x0172, 0x0172, 0x0172, 0x0172,
    0x0172, 0x0172, 0x0172, 0x0172, 0x0171, 0x0171, 0x0171, 0x0171, 0x0171, 0x0171, 0x0170, 0x0170,
    0x0170, 0x0170, 0x016F, 0x014F, 0x014F, 0x014E, 0x014E, 0x014E, 0x018D, 0x018D, 0x018D, 0x018C,
    0x016C, 0x016C, 0x018B, 0x012C, 0x010D, 0x010C, 0x00EC, 0x00EC, 0x00EC, 0x00EC, 0x00EC, 0x00EC,
    0x00EC, 0x00EC, 0x00EC, 0x00EB, 0x00EB, 0x00EB, 0x00EB, 0x00EB, 0x00EB, 0x00EB, 0x00EB, 0x00EB,
    0x00EB, 0x00EB, 0x00EB, 0x00EB, 0x00EC, 0x00EB, 0x00EB, 0x00CB, 0x00CA, 0x00EB, 0x010C, 0x016E,
    0x09AF, 0x09AF, 0x098E, 0x018E, 0x018E, 0x018E, 0x016D, 0x016D, 0x016D, 0x014D, 0x014D, 0x014C,
    0x00EA, 0x0088, 0x0087, 0x0087, 0x0087, 0x0086, 0x012A, 0x014B, 0x014A, 0x0107, 0x0084, 0x0085,
    0x0085, 0x0084, 0x00A5, 0x0084, 0x00A5, 0x0085, 0x0084, 0x0085, 0x0085, 0x0085, 0x0085, 0x00A5,
    0x00A5, 0x00A5, 0x00A6, 0x00A6, 0x00A6, 0x00A6, 0x00A6, 0x00A6, 0x00A6, 0x00A6, 0x00C7, 0x00C7,
    0x00C7, 0x00C7, 0x00C7, 0x00C8, 0x00C8, 0x00C8, 0x00C8, 0x00E8, 0x00E9, 0x00E9, 0x00E9, 0x00EA,
    0x00EA, 0x00EA, 0x00EA, 0x010B, 0x010B, 0x010B, 0x010C, 0x010C, 0x010C, 0x010D, 0x012D, 0x012D,
    0x012E, 0x012E, 0x012E, 0x012E, 0x012F, 0x012F, 0x012F, 0x014F, 0x0150, 0x0130, 0x0150, 0x0150,
    0x0150, 0x0151, 0x0151, 0x0151, 0x0151, 0x0151, 0x0171, 0x0172, 0x0172, 0x0172, 0x0172, 0x0172,
    0x0172, 0x0172, 0x0172, 0x0172, 0x0172, 0x0172, 0x0172, 0x0171, 0x0171, 0x0171, 0x0171, 0x0171,
    0x0171, 0x0171, 0x0170, 0x0170, 0x0170, 0x0170, 0x016F, 0x014F, 0x014F, 0x014E, 0x014E, 0x016D,
    0x018D, 0x018D, 0x018C, 0x016C, 0x016C, 0x018C, 0x016C, 0x010D, 0x010C, 0x010C, 0x00EC, 0x00EC,
    0x00EC, 0x00EC, 0x00EC, 0x00EC, 0x00EC, 0x00EC, 0x00EC, 0x00EC, 0x00EC, 0x00EC, 0x00EC, 0x00EB,
    0x00EB, 0x00EB, 0x00EB, 0x00EB, 0x00EB, 0x00EB, 0x00EB, 0x00EB, 0x00EB, 0x00EB, 0x00EB, 0x00EB,
    0x00CB, 0x00CA, 0x00CA, 0x00CA, 0x00EB, 0x014D, 0x018E, 0x01AE, 0x018E, 0x016E, 0x016D, 0x016D,
    0x016D, 0x014D, 0x014C, 0x014C, 0x014D, 0x012B, 0x00A8, 0x0087, 0x0087, 0x0086, 0x012B, 0x014B,
    0x014A, 0x0108, 0x0064, 0x0084, 0x0084, 0x0084, 0x0085, 0x0084, 0x0084, 0x0084, 0x0084, 0x0084,
    0x0085, 0x00A5, 0x00A5, 0x00A5, 0x00A5, 0x00A5, 0x00A5, 0x00A6, 0x00A6, 0x00A6, 0x00A6, 0x00A6,
    0x00A6, 0x00A6, 0x00C7, 0x00C7, 0x00C7, 0x00C7, 0x00C7, 0x00C8, 0x00C8, 0x00C8, 0x00C8, 0x00C8,
    0x00E9, 0x00E9, 0x00E9, 0x00EA, 0x00EA, 0x00EA, 0x010A, 0x010B, 0x010B, 0x010B, 0x010C, 0x010C,
    0x010C, 0x010C, 0x010D, 0x012D, 0x012D, 0x012E, 0x012E, 0x012E, 0x012E, 0x012F, 0x012F, 0x014F,
    0x0150, 0x0150, 0x0150, 0x0150, 0x0150, 0x0151, 0x0151, 0x0151, 0x0151, 0x0151, 0x0171, 0x0172,
    0x0172, 0x0172, 0x0172, 0x0172, 0x0172, 0x0172, 0x0172, 0x0172, 0x0172, 0x0172, 0x0172, 0x0172,
    0x0171, 0x0171, 0x0171, 0x0171, 0x0171, 0x0170, 0x0170, 0x0170, 0x0170, 0x0170, 0x016F, 0x014F,
    0x014E, 0x014E, 0x016E, 0x018D, 0x018D, 0x018C, 0x018C, 0x018C, 0x016C, 0x018C, 0x014C, 0x010D,
    0x010C, 0x010C, 0x00EC, 0x00EC, 0x010C, 0x00EC, 0x00EC, 0x00EC, 0x00EC, 0x00EC, 0x00EC, 0x00EB,
    0x00EB, 0x00EC, 0x00EB, 0x00EB, 0x00EB, 0x00EB, 0x00EB, 0x00EB, 0x00EB, 0x00EB, 0x00EB, 0x00EB,
    0x00EB, 0x00EB, 0x00CB, 0x00CB, 0x00CA, 0x00CA, 0x00CA, 0x00CA, 0x00AA, 0x00A9, 0x00CA, 0x012C,
    0x018E, 0x018E, 0x016D, 0x016D, 0x014D, 0x014D, 0x014C, 0x014C, 0x014C, 0x014C, 0x014C, 0x00E9,
    0x0087, 0x0066, 0x014B, 0x014B, 0x016B, 0x0107, 0x0063, 0x00A4, 0x00A5, 0x0084, 0x00A5, 0x0084,
    0x0084, 0x0084, 0x00A4, 0x00A4, 0x00A4, 0x00A4, 0x00A5, 0x00A5, 0x00A5, 0x00A5, 0x00A5, 0x00A5,
    0x00A6, 0x00A6, 0x00A6, 0x00A6, 0x00C6, 0x00A6, 0x00C7, 0x00C7, 0x00C7, 0x00C7, 0x00C7, 0x00C7,
    0x00C8, 0x00C8, 0x00C8, 0x00C8, 0x00E9, 0x00E9, 0x00E9, 0x00EA, 0x00EA, 0x00EA, 0x010A, 0x010B,
    0x010B, 0x010B, 0x010C, 0x010C, 0x010C, 0x010C, 0x010D, 0x010D, 0x012D, 0x012E, 0x012E, 0x012E,
    0x012E, 0x012F, 0x012F, 0x012F, 0x0130, 0x0130, 0x0130, 0x0150, 0x0150, 0x0151, 0x0151, 0x0151,
    0x0151, 0x0151, 0x0151, 0x0152, 0x0152, 0x0172, 0x0172, 0x0172, 0x0172, 0x0172, 0x0172, 0x0172,
    0x0172, 0x0172, 0x0172, 0x0172, 0x0171, 0x0171, 0x0171, 0x0171, 0x0171, 0x0170, 0x0150, 0x0170,
    0x0170, 0x014F, 0x014F, 0x014F, 0x014E, 0x016E, 0x018D, 0x018D, 0x018D, 0x018C, 0x018C, 0x018C,
    0x016C, 0x098B, 0x012C, 0x010D, 0x010C, 0x00EC, 0x00EC, 0x00EC, 0x00EC, 0x00EC, 0x00EC, 0x00EC,
    0x010D, 0x00EC, 0x00EC, 0x00EB, 0x00EB, 0x00EB, 0x00EB, 0x00EB, 0x00EB, 0x00EB, 0x00EB, 0x00EB,
    0x00EB, 0x00CB, 0x00CB, 0x00CB, 0x00EB, 0x00CB, 0x00CB, 0x00CA, 0x00CA, 0x00CA, 0x00CA, 0x00AA,
    0x00AA, 0x00AA, 0x00A9, 0x0089, 0x00A9, 0x010B, 0x016D, 0x016D, 0x014D, 0x014C, 0x014C, 0x014C,
    0x014C, 0x012C, 0x012C, 0x014C, 0x010B, 0x0087, 0x012A, 0x014C, 0x016B, 0x0127, 0x0083, 0x00A4,
    0x00A4, 0x00A4, 0x00A4, 0x00A4, 0x00A4, 0x00A4, 0x00A4, 0x00A4, 0x00A4, 0x00A4, 0x00A4, 0x00A5,
    0x00A5, 0x00A5, 0x00A5, 0x00A5, 0x00A6, 0x00A6, 0x00A6, 0x00A6, 0x00A6, 0x00C6, 0x00C7, 0x00C7,
    0x00C7, 0x00C7, 0x00C7, 0x00C7, 0x00C8, 0x00C8, 0x00C8, 0x00C8, 0x00C9, 0x00E9, 0x00E9, 0x00EA,
    0x00EA, 0x00EA, 0x010A, 0x010B, 0x010B, 0x010B, 0x010C, 0x010C, 0x010C, 0x010C, 0x010D, 0x010D,
    0x010D, 0x012E, 0x012E, 0x012E, 0x012E, 0x012F, 0x012F, 0x012F, 0x012F, 0x0130, 0x0130, 0x0150,
    0x0150, 0x0151, 0x0151, 0x0151, 0x0151, 0x0151, 0x0151, 0x0151, 0x0152, 0x0152, 0x0172, 0x0172,
    0x0172, 0x0172, 0x0172, 0x0172, 0x0172, 0x0172, 0x0172, 0x0172, 0x0171, 0x0171, 0x0151, 0x0171,
    0x0150, 0x0150, 0x0150, 0x0150, 0x014F, 0x014F, 0x014F, 0x014E, 0x016E, 0x018E, 0x018D, 0x018D,
    0x018D, 0x018C, 0x018C, 0x018C, 0x098C, 0x098C, 0x012D, 0x010C, 0x010C, 0x010C, 0x010C, 0x00EC,
    0x00EC, 0x00EC, 0x00EC, 0x010C, 0x010C, 0x010C, 0x010C, 0x00EB, 0x00EC, 0x00EB, 0x00EB, 0x00EB,
    0x00EB, 0x00EB, 0x00EB, 0x00CB, 0x00CB, 0x00CB, 0x00CB, 0x00CB, 0x00EB, 0x00CB, 0x00CA, 0x00CA,
    0x00CA, 0x00AA, 0x00AA, 0x00AA, 0x00AA, 0x00A9, 0x00A9, 0x00A9, 0x00A9, 0x0088, 0x00A9, 0x010B,
    0x014D, 0x014C, 0x012C, 0x012C, 0x012C, 0x012C, 0x012C, 0x012B, 0x014B, 0x012B, 0x016C, 0x012B,
    0x018B, 0x0149, 0x0084, 0x00C5, 0x00C6, 0x00A4, 0x00A5, 0x00A4, 0x00A4, 0x00A4, 0x00A4, 0x00A4,
    0x00A4, 0x00A4, 0x00A5, 0x00A5, 0x00A5, 0x00A5, 0x00A5, 0x00A6, 0x00A6, 0x00A6, 0x00A6, 0x00A6,
    0x00C6, 0x00C7, 0x00C7, 0x00C7, 0x00C7, 0x00C7, 0x00C7, 0x00C7, 0x00C8, 0x00C8, 0x00C8, 0x00E8,
    0x00E9, 0x00E9, 0x00E9, 0x00EA, 0x00EA, 0x010A, 0x010B, 0x010B, 0x010B, 0x010B, 0x010C, 0x010C,
    0x010C, 0x010C, 0x010D, 0x010D, 0x010D, 0x012D, 0x012E, 0x012E, 0x012E, 0x012F, 0x012F, 0x014F,
    0x012F, 0x0130, 0x0150, 0x0150, 0x0150, 0x0151, 0x0151, 0x0151, 0x0151, 0x0151, 0x0151, 0x0172,
    0x0172, 0x0172, 0x0172, 0x0172, 0x0172, 0x0172, 0x0172, 0x0172, 0x0172, 0x0172, 0x0172, 0x0172,
    0x0171, 0x0171, 0x0171, 0x0171, 0x0171, 0x0170, 0x0170, 0x0170, 0x016F, 0x016F, 0x016F, 0x016E,
    0x018E, 0x018D, 0x018D, 0x01AD, 0x018D, 0x018C, 0x098C, 0x098C, 0x098C, 0x098B, 0x010D, 0x010D,
    0x010D, 0x010D, 0x010C, 0x010C, 0x010C, 0x00EC, 0x00EC, 0x010C, 0x00EC, 0x096D, 0x096D, 0x00EC,
    0x00EC, 0x00EC, 0x00EC, 0x00EC, 0x00EB, 0x00EB, 0x00EB, 0x00EB, 0x00EB, 0x00CB, 0x00CB, 0x00CB,
    0x00CB, 0x00CB, 0x00CB, 0x00CA, 0x00CA, 0x00CA, 0x00AA, 0x00AA, 0x00AA, 0x00A9, 0x00A9, 0x00A9,
    0x00A9, 0x00A9, 0x0088, 0x0088, 0x00C9, 0x012B, 0x014C, 0x014C, 0x012C, 0x012C, 0x012B, 0x012B,
    0x012B, 0x012B, 0x01CE, 0x018D, 0x01AB, 0x0168, 0x0083, 0x00A4, 0x00C4, 0x00C4, 0x00A4, 0x00A4,
    0x00A4, 0x00A4, 0x00A4, 0x00A4, 0x00A4, 0x00A5, 0x00A5, 0x00A5, 0x00A5, 0x00A6, 0x00A6, 0x00C6,
    0x00A6, 0x00A6, 0x00A6, 0x00A6, 0x00C7, 0x00C7, 0x00C7, 0x00C7, 0x00C7, 0x00C7, 0x00C8, 0x00C8,
    0x00C8, 0x00C8, 0x00E8, 0x00E9, 0x00E9, 0x00E9, 0x00EA, 0x00EA, 0x00EA, 0x010A, 0x010B, 0x010B,
    0x010B, 0x010C, 0x010C, 0x010C, 0x010C, 0x012D, 0x012D, 0x012D, 0x012D, 0x012E, 0x012E, 0x012E,
    0x012F, 0x012F, 0x014F, 0x014F, 0x0150, 0x0150, 0x0150, 0x0150, 0x0151, 0x0151, 0x0151, 0x0151,
    0x0171, 0x0151, 0x0172, 0x0172, 0x0172, 0x0172, 0x0172, 0x0172, 0x0172, 0x0172, 0x0172, 0x0172,
    0x0172, 0x0172, 0x0172, 0x0172, 0x0172, 0x0172, 0x0171, 0x0171, 0x0171, 0x0171, 0x0170, 0x0170,
    0x0170, 0x0170, 0x016F, 0x018F, 0x01AE, 0x018E, 0x018E, 0x01AD, 0x018D, 0x018D, 0x098C, 0x098C,
    0x098C, 0x096C, 0x010D, 0x012D, 0x010D, 0x010D, 0x010D, 0x010D, 0x010D, 0x010D, 0x010D, 0x010C,
    0x010D, 0x010C, 0x010C, 0x00EC, 0x00EC, 0x00EC, 0x00EC, 0x00EC, 0x00EC, 0x00EC, 0x00EC, 0x00EC,
    0x00EB, 0x00EB, 0x00EB, 0x00CB, 0x00CB, 0x00CB, 0x00CB, 0x00CB, 0x00CA, 0x00CA, 0x00CA, 0x00CA,
    0x00AA, 0x00AA, 0x00A9, 0x00A9, 0x00A9, 0x00A9, 0x00A9, 0x00A8, 0x0088, 0x0088, 0x00EA, 0x014C,
    0x014C, 0x012C, 0x012B, 0x012B, 0x012B, 0x012A, 0x01CE, 0x01EF, 0x018B, 0x0148, 0x00A3, 0x00C5,
    0x00C5, 0x00A3, 0x00C5, 0x00A4, 0x00A4, 0x00A4, 0x00A4, 0x00A4, 0x00A4, 0x00A5, 0x00A4, 0x00C6,
    0x00C6, 0x00A5, 0x00A5, 0x00A6, 0x00A6, 0x00A6, 0x00A6, 0x00A6, 0x00A6, 0x00C6, 0x00C6, 0x00C7,
    0x00C7, 0x00C7, 0x00C7, 0x00C7, 0x00C7, 0x00C8, 0x00C8, 0x00E8, 0x00E9, 0x00E9, 0x00E9, 0x00E9,
    0x00EA, 0x00EA, 0x00EA, 0x010B, 0x010B, 0x010B, 0x010B, 0x010C, 0x010C, 0x010C, 0x010C, 0x010D,
    0x012D, 0x012D, 0x012E, 0x012E, 0x012E, 0x012F, 0x014F, 0x014F, 0x014F, 0x014F, 0x0150, 0x0150,
    0x0150, 0x0151, 0x0151, 0x0151, 0x0151, 0x0151, 0x0151, 0x0151, 0x0172, 0x0172, 0x0172, 0x0172,
    0x0172, 0x0172, 0x0172, 0x0172, 0x0172, 0x0172, 0x0172, 0x0171, 0x0171, 0x0171, 0x0171, 0x0171,
    0x0171, 0x0170, 0x0170, 0x0170, 0x016F, 0x016F, 0x018F, 0x018E, 0x018E, 0x018D, 0x018D, 0x018D,
    0x09AD, 0x018C, 0x098C, 0x098C, 0x098B, 0x016C, 0x010D, 0x010D, 0x010D, 0x010C, 0x010C, 0x010C,
    0x010C, 0x010C, 0x010C, 0x010C, 0x010C, 0x00EC, 0x00EC, 0x00EC, 0x00EC, 0x00EC, 0x00EC, 0x00EB,
    0x00EB, 0x00EB, 0x00EB, 0x00EB, 0x00CB, 0x00CB, 0x00CB, 0x00CA, 0x00CB, 0x00CA, 0x00CA, 0x00AA,
    0x00AA, 0x00AA, 0x00A9, 0x00A9, 0x00A9, 0x00A9, 0x00A9, 0x00A9, 0x00A8, 0x0088, 0x0088, 0x0088,
    0x0088, 0x0087, 0x0087, 0x00A8, 0x010A, 0x014B, 0x012B, 0x012B, 0x012B, 0x012A, 0x01AD, 0x01CD,
    0x018B, 0x0147, 0x0083, 0x00C3, 0x00C4, 0x00A3, 0x00C4, 0x00A4, 0x00A4, 0x00A4, 0x00A4, 0x00A4,
    0x00A4, 0x00A4, 0x00A4, 0x00A5, 0x00A5, 0x00A5, 0x00A5, 0x00A5, 0x00A6, 0x00A6, 0x00A6, 0x00A6,
    0x00C6, 0x00C6, 0x00C6, 0x00C7, 0x00C7, 0x00C7, 0x00C7, 0x00C7, 0x00C8, 0x00C8, 0x00E8, 0x00E8,
    0x00E9, 0x00E9, 0x00E9, 0x00E9, 0x00EA, 0x010A, 0x010A, 0x010B, 0x010B, 0x010B, 0x010B, 0x010C,
    0x010C, 0x010C, 0x010C, 0x010D, 0x012D, 0x012D, 0x012E, 0x012E, 0x012E, 0x012F, 0x014F, 0x014F,
    0x014F, 0x0130, 0x0150, 0x0150, 0x0150, 0x0150, 0x0151, 0x0151, 0x0151, 0x0151, 0x0151, 0x0172,
    0x0172, 0x0172, 0x0172, 0x0172, 0x0172, 0x0172, 0x0172, 0x0172, 0x0172, 0x0172, 0x0172, 0x0172,
    0x0171, 0x0171, 0x0171, 0x0171, 0x0171, 0x0170, 0x0170, 0x0170, 0x016F, 0x018F, 0x01AE, 0x018E,
    0x018E, 0x018D, 0x018D, 0x01AD, 0x09AD, 0x098C, 0x098C, 0x098C, 0x09AB, 0x014C, 0x010D, 0x010D,
    0x010D, 0x010D, 0x010D, 0x010D, 0x010C, 0x010C, 0x010C, 0x010C, 0x010D, 0x010C, 0x00EC, 0x00EC,
    0x00EC, 0x00EC, 0x00EC, 0x00EC, 0x00EB, 0x00EB, 0x00EB, 0x00EB, 0x00CB, 0x00CB, 0x00CB, 0x00CA,
    0x00CB, 0x00CA, 0x00AA, 0x00AA, 0x00AA, 0x00AA, 0x00AA, 0x00A9, 0x00A9, 0x00A9, 0x00A9, 0x00A9,
    0x00A8, 0x00A8, 0x0088, 0x0088, 0x0087, 0x0087, 0x0087, 0x0087, 0x0087, 0x00E9, 0x012B, 0x012B,
    0x012B, 0x012A, 0x01CD, 0x01CD, 0x018A, 0x0188, 0x00A3, 0x00C3, 0x00C4, 0x00C4, 0x00E6, 0x00C4,
    0x00A4, 0x00A4, 0x00A4, 0x00A5, 0x00A4, 0x00A5, 0x00A5, 0x00A5, 0x00A5, 0x00A5, 0x00A5, 0x00A5,
    0x00A6, 0x00A6, 0x00A6, 0x00A6, 0x00C6, 0x00C6, 0x00C7, 0x00C7, 0x00C7, 0x00C7, 0x00C7, 0x00C7,
    0x00C8, 0x00C8, 0x00E8, 0x00E8, 0x00E9, 0x00E9, 0x00E9, 0x00E9, 0x00EA, 0x010A, 0x010A, 0x010B,
    0x010B, 0x010B, 0x010B, 0x010C, 0x010C, 0x010C, 0x010C, 0x010D, 0x012D, 0x012D, 0x012D, 0x012E,
    0x012E, 0x012E, 0x012F, 0x014F, 0x014F, 0x0150, 0x0150, 0x0150, 0x0150, 0x0151, 0x0151, 0x0151,
    0x0171, 0x0151, 0x0151, 0x0172, 0x0172, 0x0172, 0x0172, 0x0172, 0x0172, 0x0172, 0x0172, 0x0172,
    0x0172, 0x0172, 0x0172, 0x0172, 0x0171, 0x0171, 0x0171, 0x0171, 0x0170, 0x0170, 0x0170, 0x016F,
    0x018F, 0x018E, 0x018E, 0x018E, 0x018E, 0x018D, 0x018D, 0x09AD, 0x09AD, 0x098C, 0x098C, 0x098C,
    0x09AB, 0x014C, 0x010D, 0x010D, 0x010D, 0x010D, 0x010D, 0x010D, 0x010D, 0x010C, 0x010C, 0x010C,
    0x010D, 0x010C, 0x00EC, 0x00EC, 0x00EC, 0x00EC, 0x00EC, 0x00EC, 0x00EB, 0x00EB, 0x00EB, 0x00CB,
    0x00CB, 0x00CB, 0x00CA, 0x00CA, 0x00CB, 0x00CA, 0x00AA, 0x00AA, 0x00AA, 0x00AA, 0x00A9, 0x00A9,
    0x00A9, 0x00A9, 0x00A9, 0x00A8, 0x0088, 0x0088, 0x0088, 0x0088, 0x0087, 0x0087, 0x0087, 0x0087,
    0x0087, 0x0087, 0x00A8, 0x012A, 0x014B, 0x012A, 0x01CD, 0x01CD, 0x016A, 0x0147, 0x00A3, 0x00C4,
    0x00C4, 0x00C3, 0x00C4, 0x00C3, 0x00A3, 0x00C4, 0x00A4, 0x00A4, 0x00A4, 0x00A4, 0x00A5, 0x00A5,
    0x00A5, 0x00A5, 0x00A5, 0x00A5, 0x00A5, 0x00A6, 0x00A6, 0x00A6, 0x00C6, 0x00C6, 0x00C7, 0x00C7,
    0x00C7, 0x00C7, 0x00C7, 0x00C7, 0x00C8, 0x00C8, 0x00C8, 0x00E8, 0x00E9, 0x00E9, 0x00E9, 0x00E9,
    0x00EA, 0x010A, 0x010A, 0x010B, 0x010B, 0x010B, 0x010B, 0x010C, 0x010C, 0x010C, 0x010C, 0x010D,
    0x012D, 0x012D, 0x012D, 0x012E, 0x012E, 0x012E, 0x012F, 0x014F, 0x0150, 0x0150, 0x0150, 0x0150,
    0x0150, 0x0151, 0x0151, 0x0151, 0x0151, 0x0151, 0x0152, 0x0152, 0x0172, 0x0172, 0x0172, 0x0172,
    0x0172, 0x0172, 0x0172, 0x0172, 0x0172, 0x0172, 0x0172, 0x0171, 0x0171, 0x0171, 0x0171, 0x0171,
    0x0170, 0x0170, 0x0190, 0x018F, 0x018F, 0x01AE, 0x01AE, 0x018E, 0x018E, 0x018D, 0x018D, 0x09AD,
    0x09AD, 0x098D, 0x098C, 0x098C, 0x09AB, 0x014D, 0x010D, 0x010D, 0x010D, 0x010D, 0x010D, 0x010D,
    0x010D, 0x010D, 0x010C, 0x010D, 0x010D, 0x010C, 0x00EC, 0x00EC, 0x00EC, 0x00EC, 0x00EC, 0x00EB,
    0x00EB, 0x00EB, 0x00CB, 0x00CB, 0x00CB, 0x00CB, 0x00CA, 0x00CA, 0x00CB, 0x00CA, 0x00AA, 0x00AA,
    0x00AA, 0x00A9, 0x00A9, 0x00A9, 0x00A9, 0x0089, 0x0089, 0x0088, 0x0088, 0x0088, 0x0088, 0x0088,
    0x0087, 0x0087, 0x0087, 0x0087, 0x0087, 0x0087, 0x0086, 0x00A7, 0x012A, 0x014B, 0x01CD, 0x01CD,
    0x018A, 0x0168, 0x00C3, 0x00E4, 0x00E4, 0x00C3, 0x00C4, 0x00C3, 0x00C4, 0x00C4, 0x00C4, 0x00C4,
    0x00C4, 0x00C5, 0x00A4, 0x00A5, 0x00A5, 0x00A5, 0x00A5, 0x00A5, 0x00A6, 0x00A6, 0x00A6, 0x00C6,
    0x00C6, 0x00C6, 0x00C6, 0x00C7, 0x00C7, 0x00C7, 0x00C7, 0x00C7, 0x00C8, 0x00C8, 0x00C8, 0x00E8,
    0x00E9, 0x00E9, 0x00E9, 0x00E9, 0x00EA, 0x010A, 0x010A, 0x010B, 0x010B, 0x010B, 0x010B, 0x010C,
    0x010C, 0x010C, 0x010C, 0x010D, 0x012D, 0x012D, 0x012D, 0x012E, 0x012E, 0x012E, 0x012F, 0x014F,
    0x0150, 0x0150, 0x0150, 0x0150, 0x0150, 0x0150, 0x0151, 0x0151, 0x0151, 0x0151, 0x0151, 0x0152,
    0x0172, 0x0172, 0x0172, 0x0172, 0x0172, 0x0172, 0x0172, 0x0172, 0x0172, 0x0172, 0x0171, 0x0171,
    0x0171, 0x0171, 0x0191, 0x0170, 0x0170, 0x0170, 0x018F, 0x018F, 0x01AF, 0x01AE, 0x01AE, 0x018E,
    0x018E, 0x018D, 0x018D, 0x09AD, 0x09AD, 0x098D, 0x098C, 0x098C, 0x09AC, 0x014D, 0x010D, 0x010D,
    0x010D, 0x010D, 0x010D, 0x010D, 0x010D, 0x010D, 0x010D, 0x010D, 0x010D, 0x00EC, 0x010C, 0x010C,
    0x00EC, 0x00EC, 0x00EC, 0x00EB, 0x00EB, 0x00CB, 0x00CB, 0x00CB, 0x00CB, 0x00CB, 0x00CA, 0x00CA,
    0x00CB, 0x00CA, 0x00AA, 0x00AA, 0x00A9, 0x00A9, 0x00A9, 0x00A9, 0x0089, 0x0089, 0x0088, 0x0088,
    0x0088, 0x0088, 0x0088, 0x0088, 0x0087, 0x0087, 0x0087, 0x0087, 0x0087, 0x0087, 0x0087, 0x0086,
    0x00A6, 0x0109, 0x01EE, 0x01CD, 0x0169, 0x0167, 0x00C3, 0x00E3, 0x00C4, 0x00C3, 0x00C4, 0x00C3,
    0x00E4, 0x00C4, 0x00C4, 0x00C4, 0x00C4, 0x00C4, 0x00C4, 0x00C5, 0x00A5, 0x00A5, 0x00C5, 0x00C5,
    0x00C5, 0x00C6, 0x00C6, 0x00C6, 0x00C6, 0x00C6, 0x00C6, 0x00C7, 0x00C7, 0x00C7, 0x00C7, 0x00C7,
    0x00C7, 0x00C8, 0x00C8, 0x00E8, 0x00E8, 0x00E9, 0x00E9, 0x00E9, 0x00EA, 0x010A, 0x010A, 0x010B,
    0x010B, 0x010B, 0x010B, 0x010B, 0x010C, 0x010C, 0x010C, 0x010C, 0x012D, 0x012D, 0x012D, 0x012D,
    0x012E, 0x012E, 0x012E, 0x014F, 0x014F, 0x014F, 0x014F, 0x0150, 0x0150, 0x0150, 0x0150, 0x0151,
    0x0151, 0x0151, 0x0151, 0x0151, 0x0171, 0x0172, 0x0172, 0x0172, 0x0172, 0x0172, 0x0172, 0x0172,
    0x0171, 0x0171, 0x0171, 0x0171, 0x0171, 0x0171, 0x0170, 0x0170, 0x0190, 0x018F, 0x018F, 0x018F,
    0x01AF, 0x01AE, 0x01AE, 0x01AE, 0x018E, 0x018D, 0x018D, 0x09AD, 0x09AD, 0x098D, 0x098C, 0x098C,
    0x09AC, 0x014D, 0x010D, 0x010D, 0x010D, 0x010D, 0x010D, 0x010D, 0x010D, 0x010D, 0x010D, 0x010D,
    0x010D, 0x010C, 0x010C, 0x00EC, 0x00EC, 0x00EC, 0x00EC, 0x00EB, 0x00EB, 0x00CB, 0x00CB, 0x00CB,
    0x00CB, 0x00CB, 0x00CA, 0x00CA, 0x00CB, 0x00CA, 0x00AA, 0x00AA, 0x00A9, 0x00A9, 0x00A9, 0x00A9,
    0x0088, 0x0088, 0x0088, 0x0088, 0x0088, 0x0088, 0x0088, 0x0087, 0x0087, 0x0087, 0x0087, 0x0087,
    0x0087, 0x0087, 0x0087, 0x0087, 0x00A6, 0x0086, 0x018B, 0x01ED, 0x018A, 0x0167, 0x00C3, 0x00E4,
    0x00E4, 0x00C3, 0x00E4, 0x00C3, 0x00C3, 0x00C3, 0x00C4, 0x00C4, 0x00C4, 0x00C4, 0x00C4, 0x00C5,
    0x00C5, 0x00C5, 0x00C5, 0x00C5, 0x00C5, 0x00C6, 0x00C6, 0x00C6, 0x00C6, 0x00C6, 0x00C6, 0x00C7,
    0x00C7, 0x00C7, 0x00C7, 0x00C7, 0x00C7, 0x00E8, 0x00E8, 0x00E8, 0x00E8, 0x00E9, 0x00E9, 0x00E9,
    0x00EA, 0x010A, 0x010A, 0x010B, 0x010B, 0x010B, 0x010B, 0x010B, 0x010C, 0x010C, 0x012C, 0x012C,
    0x012D, 0x012D, 0x012D, 0x012D, 0x012E, 0x012E, 0x012E, 0x014F, 0x014F, 0x014F, 0x014F, 0x0150,
    0x0150, 0x0150, 0x0150, 0x0151, 0x0151, 0x0151, 0x0151, 0x0151, 0x0171, 0x0171, 0x0172, 0x0172,
    0x0172, 0x0172, 0x0172, 0x0171, 0x0171, 0x0171, 0x0171, 0x0171, 0x0171, 0x0170, 0x0190, 0x0190,
    0x0190, 0x018F, 0x018F, 0x018F, 0x018F, 0x01AE, 0x01AE, 0x01AE, 0x01AE, 0x018D, 0x018D, 0x09AD,
    0x09AD, 0x098D, 0x098C, 0x098C, 0x098C, 0x014D, 0x010D, 0x010D, 0x010D, 0x010D, 0x010D, 0x010D,
    0x010D, 0x010D, 0x010D, 0x010D, 0x010D, 0x010C, 0x010C, 0x00EC, 0x00EC, 0x00EC, 0x00EC, 0x00EB,
    0x00EB, 0x00CB, 0x00CB, 0x00CB, 0x00CB, 0x00CA, 0x00CA, 0x00CA, 0x00CB, 0x00CA, 0x00AA, 0x00AA,
    0x00A9, 0x00A9, 0x00A9, 0x00A9, 0x0088, 0x0088, 0x0088, 0x0088, 0x0088, 0x0088, 0x0088, 0x0087,
    0x00A8, 0x012B, 0x00C8, 0x0087, 0x0087, 0x0087, 0x0086, 0x0086, 0x00A6, 0x0086, 0x0109, 0x016B,
    0x0168, 0x0167, 0x00E3, 0x0104, 0x0105, 0x00E3, 0x00E5, 0x00E3, 0x00E3, 0x00E3, 0x00E4, 0x00E4,
    0x00C4, 0x00C4, 0x00C4, 0x00C5, 0x00C5, 0x00C5, 0x00C5, 0x00C5, 0x00C5, 0x00C6, 0x00C6, 0x00C6,
    0x00C6, 0x00C6, 0x00C6, 0x00E7, 0x00C7, 0x00E7, 0x00E7, 0x00E7, 0x00E7, 0x00E8, 0x00E8, 0x00E8,
    0x00E8, 0x00E9, 0x00E9, 0x00E9, 0x00E9, 0x010A, 0x010A, 0x010B, 0x010A, 0x010B, 0x010B, 0x010B,
    0x010B, 0x012C, 0x012C, 0x012C, 0x012C, 0x012D, 0x012D, 0x014D, 0x014E, 0x014E, 0x014E, 0x014E,
    0x014F, 0x014F, 0x014F, 0x014F, 0x0150, 0x0150, 0x0150, 0x0150, 0x0151, 0x0171, 0x0151, 0x0171,
    0x0171, 0x0171, 0x0171, 0x0172, 0x0171, 0x0171, 0x0171, 0x0171, 0x0171, 0x0171, 0x0171, 0x0191,
    0x0190, 0x0190, 0x0190, 0x0190, 0x0190, 0x01AF, 0x01AF, 0x01AF, 0x01AF, 0x01AF, 0x01AE, 0x01AE,
    0x01AE, 0x01AD, 0x018D, 0x09AD, 0x09AD, 0x098D, 0x098D, 0x098C, 0x09AC, 0x016D, 0x010E, 0x012D,
    0x010D, 0x012D, 0x012D, 0x010D, 0x010D, 0x010D, 0x010D, 0x010D, 0x010D, 0x010D, 0x00EC, 0x00EC,
    0x00EC, 0x00EC, 0x00EB, 0x00EB, 0x00EB, 0x00CB, 0x00CB, 0x00CB, 0x00CA, 0x00CA, 0x00CA, 0x00CA,
    0x00CB, 0x00CA, 0x00AA, 0x00A9, 0x00A9, 0x00A9, 0x00A9, 0x00A9, 0x0088, 0x0088, 0x0088, 0x0088,
    0x0088, 0x0088, 0x0087, 0x0087, 0x00A8, 0x016C, 0x00C8, 0x0087, 0x0087, 0x0087, 0x0086, 0x0086,
    0x0086, 0x0086, 0x0109, 0x012A, 0x0189, 0x0187, 0x00E3, 0x0104, 0x0104, 0x00E3, 0x0104, 0x00E4,
    0x00E4, 0x00E4, 0x00E4, 0x00E4, 0x00E4, 0x00E5, 0x00E5, 0x00E5, 0x00C5, 0x00C5, 0x00C5, 0x00E6,
    0x00C6, 0x00C6, 0x00C6, 0x00E6, 0x00E6, 0x00E6, 0x00E7, 0x00E7, 0x00E7, 0x00E7, 0x00E8, 0x00E8,
    0x00E8, 0x00E8, 0x00E8, 0x00E8, 0x00E9, 0x00E9, 0x0109, 0x010A, 0x010A, 0x010A, 0x010A, 0x010B,
    0x010B, 0x010B, 0x012B, 0x012B, 0x012C, 0x012C, 0x012C, 0x014C, 0x014D, 0x014D, 0x014D, 0x014E,
    0x014E, 0x014E, 0x014E, 0x016F, 0x014F, 0x014F, 0x014F, 0x014F, 0x0170, 0x0170, 0x0170, 0x0171,
    0x0171, 0x0171, 0x0171, 0x0171, 0x0172, 0x0172, 0x0172, 0x0172, 0x0172, 0x0192, 0x0192, 0x0191,
    0x0191, 0x0191, 0x0191, 0x0191, 0x0191, 0x0190, 0x0190, 0x0190, 0x01B0, 0x01AF, 0x01AF, 0x01AF,
    0x01AF, 0x01AF, 0x01AF, 0x01AE, 0x01AE, 0x01AE, 0x01AE, 0x09AD, 0x09AE, 0x09AD, 0x09AD, 0x098D,
    0x09AC, 0x098D, 0x012E, 0x012E, 0x012E, 0x012E, 0x012E, 0x012D, 0x012D, 0x010D, 0x012D, 0x012D,
    0x012D, 0x010D, 0x010D, 0x010D, 0x010C, 0x00EC, 0x00EC, 0x00EC, 0x00EB, 0x00EB, 0x010C, 0x00CB,
    0x00CB, 0x00CB, 0x00CB, 0x00CA, 0x00CB, 0x00CB, 0x00AA, 0x00AA, 0x00AA, 0x00A9, 0x00A9, 0x00A9,
    0x00A9, 0x00A9, 0x00A8, 0x00A8, 0x00A8, 0x0088, 0x0088, 0x0087, 0x0087, 0x0087, 0x0087, 0x0087,
    0x0087, 0x0087, 0x0086, 0x0087, 0x00A7, 0x0086, 0x012A, 0x012A, 0x0189, 0x0187, 0x00E3, 0x0104,
    0x0104, 0x00E3, 0x0105, 0x00E4, 0x0105, 0x00E4, 0x00E4, 0x00E4, 0x00E4, 0x00E4, 0x00C4, 0x00E5,
    0x00C5, 0x00C5, 0x00C5, 0x00C5, 0x00C6, 0x00C6, 0x00C6, 0x00C6, 0x00C6, 0x00E6, 0x00E6, 0x00E7,
    0x00E7, 0x00E7, 0x00E7, 0x00E8, 0x00E8, 0x00E8, 0x00E8, 0x00E8, 0x00E9, 0x00E9, 0x00E9, 0x0109,
    0x010A, 0x010A, 0x010A, 0x010B, 0x010B, 0x010B, 0x012B, 0x012B, 0x012B, 0x012C, 0x012C, 0x014C,
    0x012C, 0x012D, 0x012D, 0x012D, 0x014E, 0x014E, 0x014E, 0x014F, 0x014F, 0x014F, 0x014F, 0x014F,
    0x0150, 0x0150, 0x0150, 0x0150, 0x0171, 0x0171, 0x0171, 0x0171, 0x0171, 0x0171, 0x0171, 0x0171,
    0x0171, 0x0171, 0x0171, 0x0171, 0x0171, 0x0171, 0x0191, 0x0191, 0x0190, 0x0190, 0x0190, 0x0190,
    0x01B0, 0x01AF, 0x01AF, 0x01AF, 0x01AF, 0x01AF, 0x01AF, 0x01AE, 0x01AE, 0x018E, 0x018D, 0x018D,
    0x09AD, 0x018D, 0x098D, 0x098D, 0x098C, 0x098D, 0x010E, 0x012E, 0x012E, 0x010D, 0x012D, 0x012D,
    0x010D, 0x010D, 0x010D, 0x010D, 0x010D, 0x010D, 0x010D, 0x010C, 0x00EC, 0x00EC, 0x00EC, 0x00EB,
    0x00EB, 0x010B, 0x118D, 0x00EB, 0x00CA, 0x00CA, 0x00CA, 0x00CA, 0x00CA, 0x00AA, 0x00A9, 0x00A9,
    0x00A9, 0x00A9, 0x00A9, 0x0088, 0x00A8, 0x0088, 0x0088, 0x0088, 0x0088, 0x0087, 0x0087, 0x0087,
    0x0087, 0x0087, 0x0087, 0x0087, 0x0087, 0x00A7, 0x0109, 0x00A7, 0x00A6, 0x0086, 0x0109, 0x0109,
    0x0188, 0x0166, 0x00E2, 0x0103, 0x0103, 0x0103, 0x0103, 0x00E3, 0x00E3, 0x00E3, 0x00E4, 0x00E4,
    0x00E4, 0x00E4, 0x00E4, 0x00E4, 0x00C4, 0x00C5, 0x00C5, 0x00C5, 0x00C5, 0x00C5, 0x00C6, 0x00E6,
    0x00E6, 0x00E6, 0x00E6, 0x00E7, 0x00E7, 0x00E7, 0x00E7, 0x00E7, 0x00E7, 0x00E8, 0x00E8, 0x00E8,
    0x00E8, 0x00E9, 0x00E9, 0x00E9, 0x0109, 0x010A, 0x010A, 0x010A, 0x010A, 0x012A, 0x012A, 0x012B,
    0x012B, 0x012B, 0x012C, 0x012C, 0x012C, 0x012C, 0x012D, 0x012D, 0x014D, 0x014E, 0x014E, 0x014E,
    0x014F, 0x014F, 0x014F, 0x014F, 0x014F, 0x014F, 0x0150, 0x0150, 0x0170, 0x0170, 0x0171, 0x0171,
    0x0171, 0x0171, 0x0171, 0x0171, 0x0171, 0x0171, 0x0171, 0x0171, 0x0171, 0x0190, 0x0190, 0x0190,
    0x0170, 0x0190, 0x018F, 0x018F, 0x018F, 0x01AF, 0x01AF, 0x01AF, 0x01AF, 0x01AF, 0x01AE, 0x018E,
    0x018E, 0x018E, 0x018D, 0x018D, 0x098D, 0x098D, 0x098D, 0x098C, 0x098C, 0x098C, 0x012E, 0x012E,
    0x012D, 0x010D, 0x010D, 0x010D, 0x010D, 0x010D, 0x010D, 0x010D, 0x010D, 0x010C, 0x010C, 0x00EC,
    0x00EC, 0x00EC, 0x00EB, 0x00EB, 0x00EB, 0x00EB, 0x00EB, 0x00CA, 0x00CA, 0x00CA, 0x00CA, 0x00AA,
    0x00CA, 0x00A9, 0x00A9, 0x00A9, 0x00A9, 0x00A9, 0x00A8, 0x00A8, 0x00A8, 0x00A8, 0x00A8, 0x0088,
    0x0087, 0x0087, 0x0087, 0x0087, 0x0087, 0x0086, 0x0086, 0x0086, 0x0086, 0x00A7, 0x0109, 0x00A6,
    0x00A6, 0x0086, 0x00E9, 0x0109, 0x0168, 0x0187, 0x0103, 0x0124, 0x0124, 0x0103, 0x0125, 0x00E4,
    0x00E3, 0x00E3, 0x00E4, 0x00E4, 0x00E4, 0x00E4, 0x00E4, 0x00E4, 0x00E5, 0x00E5, 0x00E5, 0x00E5,
    0x00E5, 0x00E5, 0x00E6, 0x00E6, 0x00E6, 0x00E6, 0x00E6, 0x00E7, 0x00E7, 0x00E7, 0x00E7, 0x00E7,
    0x00E7, 0x00E8, 0x00E8, 0x00E8, 0x00E8, 0x00E9, 0x00E9, 0x00E9, 0x0109, 0x0109, 0x010A, 0x012A,
    0x012A, 0x012A, 0x012B, 0x012B, 0x012B, 0x012B, 0x012B, 0x012C, 0x012C, 0x012C, 0x012D, 0x012D,
    0x012D, 0x012E, 0x014E, 0x014E, 0x014E, 0x014E, 0x014F, 0x014F, 0x014F, 0x014F, 0x014F, 0x0150,
    0x0150, 0x0150, 0x0150, 0x0150, 0x0170, 0x0170, 0x0170, 0x0171, 0x0171, 0x0170, 0x0171, 0x0171,
    0x0170, 0x0170, 0x0170, 0x0190, 0x0190, 0x018F, 0x018F, 0x01AF, 0x018F, 0x01AF, 0x01AF, 0x01AF,
    0x018F, 0x018F, 0x018E, 0x018E, 0x018E, 0x018E, 0x018D, 0x018D, 0x098D, 0x098D, 0x098D, 0x098C,
    0x098C, 0x098C, 0x012D, 0x010E, 0x012D, 0x012D, 0x010D, 0x010D, 0x010D, 0x010D, 0x010D, 0x010D,
    0x010D, 0x010C, 0x010C, 0x00EC, 0x00EC, 0x00EC, 0x00EB, 0x00EB, 0x00EB, 0x00CB, 0x00CA, 0x00CA,
    0x00CA, 0x00CA, 0x00CA, 0x00A9, 0x00AA, 0x00AA, 0x00A9, 0x00A9, 0x00A9, 0x00A9, 0x00A8, 0x00A8,
    0x00A8, 0x00A8, 0x00A8, 0x0088, 0x0087, 0x0087, 0x0087, 0x0087, 0x0087, 0x00E8, 0x00A7, 0x0086,
    0x0086, 0x0086, 0x0086, 0x0086, 0x00A6, 0x0086, 0x00E8, 0x0108, 0x0167, 0x0166, 0x0103, 0x0103,
    0x0103, 0x0103, 0x0103, 0x0103, 0x00E3, 0x00E3, 0x00E4, 0x00E4, 0x00E4, 0x00E4, 0x00E4, 0x00E4,
    0x00E5, 0x00E5, 0x00E5, 0x00E5, 0x00E5, 0x00E5, 0x00E6, 0x00E6, 0x00E6, 0x00E6, 0x00E6, 0x00E7,
    0x00E7, 0x00E7, 0x00E7, 0x00E7, 0x00E7, 0x00E8, 0x00E8, 0x00E8, 0x00E8, 0x00E8, 0x0109, 0x0109,
    0x0109, 0x0109, 0x0129, 0x012A, 0x012A, 0x012A, 0x012A, 0x012B, 0x012B, 0x012B, 0x012B, 0x012C,
    0x012C, 0x012C, 0x012D, 0x012D, 0x012D, 0x012D, 0x012E, 0x014E, 0x014E, 0x014E, 0x014E, 0x014F,
    0x014F, 0x014F, 0x014F, 0x0150, 0x0150, 0x0150, 0x0150, 0x0150, 0x0150, 0x0170, 0x0170, 0x0170,
    0x0170, 0x0170, 0x0170, 0x0170, 0x0170, 0x0170, 0x0170, 0x018F, 0x016F, 0x018F, 0x01AF, 0x018F,
    0x018F, 0x018F, 0x018F, 0x018F, 0x018F, 0x018E, 0x018E, 0x018E, 0x018E, 0x018E, 0x018D, 0x018D,
    0x098D, 0x018D, 0x098D, 0x098C, 0x098C, 0x098C, 0x014D, 0x010E, 0x012D, 0x010D, 0x010D, 0x010D,
    0x010D, 0x010D, 0x010D, 0x010C, 0x010D, 0x010C, 0x00EC, 0x00EC, 0x00EC, 0x00EC, 0x00EB, 0x00CB,
    0x00CB, 0x00CB, 0x00CA, 0x00CA, 0x00CA, 0x00CA, 0x00CA, 0x00CA, 0x00AA, 0x00A9, 0x00A9, 0x00A9,
    0x00A9, 0x00A8, 0x00A8, 0x00A8, 0x00A8, 0x00A8, 0x0088, 0x0087, 0x0087, 0x0087, 0x0087, 0x0087,
    0x0087, 0x016B, 0x00E8, 0x0086, 0x00A6, 0x0086, 0x00A6, 0x00A6, 0x00A6, 0x0086, 0x00E8, 0x00E8,
    0x0167, 0x0186, 0x0103, 0x0124, 0x0144, 0x0123, 0x0124, 0x0103, 0x0103, 0x0103, 0x00E4, 0x00E4,
    0x00E4, 0x00E4, 0x00E4, 0x00E4, 0x00E5, 0x00E5, 0x00E5, 0x00E5, 0x00E5, 0x00E5, 0x00E6, 0x00E6,
    0x00E6, 0x00E6, 0x00E6, 0x00E7, 0x00E7, 0x00E7, 0x00E7, 0x00E7, 0x00E7, 0x00E8, 0x00E8, 0x00E8,
    0x00E8, 0x0108, 0x0108, 0x0109, 0x0109, 0x0109, 0x0129, 0x012A, 0x012A, 0x012A, 0x012A, 0x012B,
    0x012B, 0x012B, 0x012B, 0x012C, 0x012C, 0x012C, 0x012C, 0x012D, 0x012D, 0x012D, 0x012D, 0x014E,
    0x014E, 0x012E, 0x014E, 0x014F, 0x014F, 0x014F, 0x014F, 0x014F, 0x014F, 0x014F, 0x0150, 0x0150,
    0x0150, 0x0150, 0x0170, 0x0170, 0x0170, 0x0170, 0x0170, 0x0170, 0x0170, 0x0170, 0x0170, 0x016F,
    0x018F, 0x018F, 0x018F, 0x018F, 0x018F, 0x018F, 0x018F, 0x018F, 0x018E, 0x018E, 0x018E, 0x018E,
    0x018E, 0x018E, 0x018D, 0x018D, 0x098D, 0x018D, 0x098D, 0x098C, 0x098C, 0x098C, 0x016C, 0x010E,
    0x010D, 0x010D, 0x010D, 0x010D, 0x010D, 0x010D, 0x010D, 0x010C, 0x010D, 0x010C, 0x00EC, 0x00EC,
    0x00EC, 0x00EB, 0x00EB, 0x00CB, 0x00CB, 0x00CB, 0x00CA, 0x00CA, 0x00CA, 0x00CA, 0x00CA, 0x00A9,
    0x00AA, 0x00A9, 0x00A9, 0x00A9, 0x00A8, 0x00A8, 0x00A8, 0x00A8, 0x0088, 0x0087, 0x00A7, 0x00A7,
    0x00C8, 0x0087, 0x0087, 0x0087, 0x0086, 0x0086, 0x0086, 0x0086, 0x0086, 0x0086, 0x0086, 0x0086,
    0x00A6, 0x00A6, 0x00E8, 0x00E8, 0x0167, 0x0166, 0x0123, 0x0144, 0x0144, 0x0123, 0x0124, 0x0103,
    0x0103, 0x0103, 0x0103, 0x0103, 0x0104, 0x0104, 0x0104, 0x00E4, 0x00E4, 0x0105, 0x0105, 0x00E5,
    0x00E5, 0x00E5, 0x00E5, 0x00E6, 0x00E6, 0x00E6, 0x00E6, 0x0107, 0x00E6, 0x00E7, 0x00E7, 0x00E7,
    0x00E7, 0x00E7, 0x0108, 0x0108, 0x0108, 0x0108, 0x0108, 0x0108, 0x0109, 0x0109, 0x0129, 0x012A,
    0x012A, 0x012A, 0x012A, 0x012A, 0x012B, 0x012B, 0x012B, 0x012C, 0x012C, 0x012C, 0x012C, 0x012D,
    0x012D, 0x012D, 0x012D, 0x012E, 0x014E, 0x012E, 0x012E, 0x014E, 0x014E, 0x014F, 0x014F, 0x014F,
    0x014F, 0x014F, 0x014F, 0x014F, 0x014F, 0x0150, 0x0150, 0x0150, 0x0170, 0x016F, 0x0170, 0x0170,
    0x0170, 0x016F, 0x016F, 0x018F, 0x018F, 0x018F, 0x018F, 0x018F, 0x018F, 0x018F, 0x018E, 0x018E,
    0x018E, 0x018E, 0x018E, 0x018E, 0x018E, 0x018D, 0x018D, 0x018D, 0x098D, 0x016D, 0x096D, 0x096D,
    0x096C, 0x098C, 0x096C, 0x010D, 0x010D, 0x010D, 0x010D, 0x00ED, 0x00ED, 0x010D, 0x010D, 0x010C,
    0x010D, 0x00EC, 0x00EC, 0x00EC, 0x00EB, 0x00EB, 0x00CB, 0x00CB, 0x00CB, 0x00CA, 0x00CA, 0x00CA,
    0x00CA, 0x00AA, 0x00C9, 0x00A9, 0x00A9, 0x00A9, 0x00A9, 0x00A8, 0x00A8, 0x00A8, 0x00A8, 0x00A8,
    0x00A7, 0x00A7, 0x0087, 0x00E9, 0x01CD, 0x00E8, 0x0086, 0x00A7, 0x0086, 0x0086, 0x0086, 0x0086,
    0x00A6, 0x0086, 0x0108, 0x00E7, 0x00A6, 0x00A5, 0x0107, 0x0107, 0x0166, 0x0185, 0x0123, 0x0143,
    0x0143, 0x0123, 0x0123, 0x0123, 0x0123, 0x0123, 0x0104, 0x0104, 0x0104, 0x0104, 0x0104, 0x0105,
    0x0105, 0x0105, 0x0105, 0x0106, 0x0105, 0x0106, 0x0106, 0x0106, 0x0106, 0x0106, 0x0106, 0x0107,
    0x0107, 0x0107, 0x0107, 0x0107, 0x0107, 0x0108, 0x0108, 0x0128, 0x0128, 0x0128, 0x0128, 0x0128,
    0x0129, 0x0129, 0x0129, 0x012A, 0x012A, 0x012A, 0x012A, 0x012A, 0x012B, 0x012B, 0x012B, 0x012B,
    0x012C, 0x012C, 0x012C, 0x012C, 0x012C, 0x012D, 0x012D, 0x012D, 0x012E, 0x012E, 0x012E, 0x014E,
    0x014E, 0x014E, 0x014E, 0x014F, 0x014F, 0x014F, 0x014F, 0x014F, 0x014F, 0x014F, 0x014F, 0x014F,
    0x014F, 0x014F, 0x016F, 0x016F, 0x016F, 0x016F, 0x018F, 0x018F, 0x018F, 0x018F, 0x018F, 0x018F,
    0x018F, 0x018E, 0x018E, 0x018E, 0x018E, 0x018E, 0x018E, 0x018E, 0x018E, 0x018D, 0x018D, 0x016D,
    0x018D, 0x098D, 0x096D, 0x096C, 0x096C, 0x098C, 0x098B, 0x014D, 0x010D, 0x010D, 0x010D, 0x00ED,
    0x00ED, 0x010D, 0x010D, 0x010C, 0x010C, 0x00EC, 0x00EC, 0x00EC, 0x00EB, 0x00EB, 0x00CB, 0x00CB,
    0x00CA, 0x00CA, 0x00CA, 0x00CA, 0x00CA, 0x00C9, 0x00C9, 0x00A9, 0x00C9, 0x00A9, 0x00A9, 0x00A8,
    0x00A8, 0x00A8, 0x00A8, 0x00A8, 0x00A7, 0x00A7, 0x00A7, 0x00C8, 0x014A, 0x00C8, 0x0087, 0x00A7,
    0x00A7, 0x0086, 0x00A6, 0x00A6, 0x00A6, 0x00A6, 0x0108, 0x00E7, 0x00A6, 0x00A5, 0x0107, 0x0107,
    0x0187, 0x01E7, 0x0144, 0x0144, 0x0165, 0x0144, 0x0145, 0x0144, 0x0124, 0x0124, 0x0124, 0x0125,
    0x0104, 0x0124, 0x0105, 0x0105, 0x0105, 0x0105, 0x0106, 0x0126, 0x0106, 0x0106, 0x0106, 0x0106,
    0x0106, 0x0106, 0x0107, 0x0107, 0x0107, 0x0107, 0x0107, 0x0107, 0x0128, 0x0128, 0x0128, 0x0128,
    0x0128, 0x0128, 0x0128, 0x0129, 0x0129, 0x0129, 0x0129, 0x0129, 0x012A, 0x012A, 0x012A, 0x012A,
    0x012B, 0x012B, 0x012B, 0x012B, 0x012C, 0x012C, 0x012C, 0x012C, 0x012D, 0x012D, 0x012D, 0x012D,
    0x012D, 0x012E, 0x012E, 0x012E, 0x012E, 0x014E, 0x014E, 0x014F, 0x014F, 0x014F, 0x014F, 0x014F,
    0x014F, 0x014F, 0x014F, 0x014F, 0x014F, 0x014F, 0x016F, 0x016F, 0x016F, 0x016F, 0x018F, 0x018F,
    0x018F, 0x018F, 0x018F, 0x018F, 0x018F, 0x018F, 0x018E, 0x018E, 0x018E, 0x018E, 0x018E, 0x018E,
    0x018E, 0x018E, 0x016D, 0x016D, 0x098D, 0x016D, 0x096D, 0x096D, 0x096C, 0x096C, 0x098C, 0x096C,
    0x010D, 0x010D, 0x010D, 0x010D, 0x010D, 0x00ED, 0x010D, 0x010C, 0x010D, 0x00EC, 0x00EC, 0x00EC,
    0x00EC, 0x00EB, 0x00EB, 0x00EB, 0x00EB, 0x00CB, 0x00CA, 0x00CA, 0x00CA, 0x00CA, 0x00CA, 0x00C9,
    0x00CA, 0x00A9, 0x00A9, 0x00A9, 0x00A8, 0x00A8, 0x00A8, 0x00A8, 0x00A8, 0x00A8, 0x00A8, 0x00A7,
    0x0087, 0x00A7, 0x00A7, 0x00A7, 0x00A7, 0x00A7, 0x00A7, 0x00A7, 0x00A7, 0x00C6, 0x00A6, 0x00A6,
    0x00C6, 0x00C6, 0x0108, 0x0127, 0x0166, 0x0165, 0x0123, 0x0143, 0x0143, 0x0123, 0x0144, 0x0123,
    0x0123, 0x0123, 0x0104, 0x0104, 0x0104, 0x0104, 0x0104, 0x0104, 0x0105, 0x0105, 0x0105, 0x0105,
    0x0105, 0x0105, 0x0106, 0x0106, 0x0106, 0x0106, 0x0106, 0x0107, 0x0106, 0x0107, 0x0107, 0x0127,
    0x0127, 0x0127, 0x0127, 0x0128, 0x0128, 0x0128, 0x0128, 0x0128, 0x0128, 0x0129, 0x0129, 0x0129,
    0x0129, 0x0129, 0x012A, 0x010A, 0x010A, 0x010B, 0x010B, 0x010B, 0x010B, 0x010B, 0x012C, 0x012C,
    0x012C, 0x012C, 0x012C, 0x012D, 0x012D, 0x012D, 0x012D, 0x012D, 0x012D, 0x012D, 0x012E, 0x012E,
    0x012E, 0x012E, 0x014E, 0x014F, 0x014F, 0x014F, 0x014F, 0x014F, 0x014F, 0x014F, 0x014F, 0x014F,
    0x016F, 0x016E, 0x016E, 0x016E, 0x016E, 0x016E, 0x018E, 0x016E, 0x016E, 0x016E, 0x016E, 0x016E,
    0x016E, 0x016E, 0x016D, 0x016D, 0x016D, 0x016D, 0x016D, 0x016D, 0x016D, 0x016C, 0x096C, 0x096C,
    0x096C, 0x096B, 0x096B, 0x096B, 0x010C, 0x00ED, 0x010D, 0x00EC, 0x00EC, 0x00EC, 0x00EC, 0x00EC,
    0x00EC, 0x00EC, 0x00EB, 0x00CB, 0x00CB, 0x00CB, 0x00CB, 0x00CA, 0x00CA, 0x00CA, 0x00CA, 0x00CA,
    0x00C9, 0x00A9, 0x00A9, 0x00A9, 0x00A9, 0x00A9, 0x00A8, 0x00A8, 0x00A8, 0x00A8, 0x00A8, 0x00A8,
    0x00A7, 0x00A7, 0x00A7, 0x00A7, 0x00A7, 0x00A7, 0x00A6, 0x00A7, 0x00A6, 0x0086, 0x00A6, 0x00A6,
    0x00A6, 0x00A6, 0x00C6, 0x00C6, 0x00C6, 0x00C5, 0x0147, 0x0186, 0x0186, 0x01A5, 0x0143, 0x0144,
    0x0164, 0x0144, 0x0144, 0x0144, 0x0144, 0x0124, 0x0124, 0x0124, 0x0124, 0x0124, 0x0124, 0x0125,
    0x0105, 0x0105, 0x0125, 0x0105, 0x0105, 0x0105, 0x0106, 0x0106, 0x0106, 0x0106, 0x0106, 0x0127,
    0x0106, 0x0127, 0x0127, 0x0127, 0x0127, 0x0127, 0x0147, 0x0147, 0x0148, 0x0148, 0x0148, 0x0148,
    0x0128, 0x0148, 0x0129, 0x0149, 0x0129, 0x012A, 0x010A, 0x010A, 0x010A, 0x010B, 0x010B, 0x010B,
    0x010B, 0x010B, 0x010B, 0x010C, 0x012C, 0x012C, 0x012C, 0x012D, 0x012D, 0x012D, 0x012D, 0x012D,
    0x012D, 0x012D, 0x012D, 0x012E, 0x012E, 0x012E, 0x012E, 0x012E, 0x012E, 0x012E, 0x014E, 0x014E,
    0x014E, 0x014E, 0x014E, 0x014E, 0x016E, 0x016E, 0x016E, 0x016E, 0x016E, 0x016E, 0x016E, 0x016E,
    0x016E, 0x016E, 0x016E, 0x016E, 0x016E, 0x016D, 0x016D, 0x016D, 0x016D, 0x016D, 0x016D, 0x016D,
    0x016D, 0x016C, 0x096C, 0x096C, 0x096C, 0x096B, 0x096B, 0x096B, 0x094B, 0x00ED, 0x00EC, 0x00EC,
    0x00EC, 0x00EC, 0x00EC, 0x00EC, 0x00EC, 0x00EC, 0x00EB, 0x00EB, 0x00CB, 0x00CB, 0x00CA, 0x00CA,
    0x00CA, 0x00CA, 0x00CA, 0x00C9, 0x00C9, 0x00A9, 0x00A9, 0x00C9, 0x00C9, 0x00A8, 0x00A8, 0x00A8,
    0x00A8, 0x00A8, 0x00A8, 0x00A7, 0x00A7, 0x00A7, 0x00A7, 0x00A7, 0x00A7, 0x00A7, 0x00A7, 0x00A6,
    0x00C7, 0x0129, 0x00C6, 0x00A6, 0x00C6, 0x00C6, 0x00C6, 0x00C6, 0x00E6, 0x00E5, 0x01A6, 0x01A6,
    0x01A6, 0x01C6, 0x0164, 0x0164, 0x0185, 0x0144, 0x0164, 0x0144, 0x0144, 0x0124, 0x0144, 0x0145,
    0x0124, 0x0125, 0x0124, 0x0125, 0x0125, 0x0125, 0x0125, 0x0125, 0x0125, 0x0125, 0x0126, 0x0126,
    0x0126, 0x0126, 0x0126, 0x0127, 0x0126, 0x0126, 0x0127, 0x0127, 0x0147, 0x0147, 0x0147, 0x0147,
    0x0147, 0x0148, 0x0148, 0x0148, 0x0148, 0x0148, 0x0148, 0x0149, 0x0129, 0x0109, 0x010A, 0x010A,
    0x010A, 0x010A, 0x010B, 0x010B, 0x010B, 0x010B, 0x010B, 0x010C, 0x010C, 0x010C, 0x010C, 0x012C,
    0x012D, 0x012D, 0x012D, 0x012D, 0x012D, 0x012D, 0x012D, 0x012D, 0x012D, 0x012D, 0x012E, 0x012E,
    0x012E, 0x012E, 0x012E, 0x012E, 0x012E, 0x012E, 0x012E, 0x014E, 0x014E, 0x016E, 0x016E, 0x016E,
    0x016E, 0x016E, 0x016E, 0x016E, 0x016E, 0x016E, 0x016E, 0x016E, 0x016D, 0x016D, 0x016D, 0x016D,
    0x016D, 0x016D, 0x096D, 0x096C, 0x096C, 0x096C, 0x096C, 0x096C, 0x096B, 0x096B, 0x096B, 0x096B,
    0x098B, 0x010C, 0x00ED, 0x00EC, 0x00EC, 0x00EC, 0x00EC, 0x00EC, 0x00EC, 0x00EB, 0x00EB, 0x00EB,
    0x00EB, 0x00CB, 0x00CA, 0x012B, 0x00EA, 0x00CA, 0x00CA, 0x00C9, 0x00C9, 0x00C9, 0x00A8, 0x014B,
    0x016C, 0x00A8, 0x00A8, 0x0087, 0x014B, 0x014B, 0x0087, 0x00A7, 0x00A7, 0x00A7, 0x00A7, 0x00A7,
    0x00A7, 0x00A7, 0x00A7, 0x00A6, 0x00C7, 0x0149, 0x00C6, 0x00C6, 0x00C6, 0x00C6, 0x00C6, 0x00E6,
    0x0106, 0x0144, 0x01C6, 0x01E6, 0x01A6, 0x01C5, 0x0163, 0x0164, 0x0164, 0x0144, 0x0164, 0x0144,
    0x0144, 0x0144, 0x0144, 0x0144, 0x0144, 0x0145, 0x0124, 0x0125, 0x0125, 0x0125, 0x0125, 0x0125,
    0x0125, 0x0125, 0x0125, 0x0126, 0x0126, 0x0126, 0x0146, 0x0146, 0x0126, 0x0126, 0x0146, 0x0147,
    0x0147, 0x0147, 0x0147, 0x0147, 0x0147, 0x0147, 0x0148, 0x0148, 0x0148, 0x0148, 0x0148, 0x0129,
    0x0109, 0x0109, 0x0109, 0x010A, 0x010A, 0x010A, 0x010A, 0x010B, 0x010B, 0x010B, 0x010B, 0x010B,
    0x010B, 0x010C, 0x010C, 0x012C, 0x010C, 0x010C, 0x010C, 0x010D, 0x010D, 0x010D, 0x012D, 0x012D,
    0x012D, 0x012D, 0x012D, 0x012D, 0x012E, 0x012D, 0x012E, 0x012E, 0x012E, 0x012E, 0x012E, 0x014E,
    0x014E, 0x014E, 0x016E, 0x016E, 0x016E, 0x016E, 0x016E, 0x016E, 0x016E, 0x016E, 0x016D, 0x016D,
    0x016D, 0x016D, 0x016D, 0x016D, 0x016D, 0x016C, 0x096C, 0x096C, 0x096C, 0x096C, 0x096C, 0x096B,
    0x096B, 0x096B, 0x096B, 0x096B, 0x098A, 0x094B, 0x00EC, 0x00EC, 0x00EC, 0x00EC, 0x00EC, 0x00EC,
    0x00EC, 0x00EB, 0x00EB, 0x00EB, 0x00CB, 0x00CA, 0x00EB, 0x01CF, 0x012C, 0x00A9, 0x00C9, 0x00C9,
    0x00C9, 0x00C9, 0x00A8, 0x00C9, 0x00E9, 0x00A8, 0x00A8, 0x00A8, 0x00C9, 0x00E8, 0x00A7, 0x00A7,
    0x00A7, 0x00A7, 0x00A7, 0x00A7, 0x00A7, 0x00A7, 0x00A7, 0x00C6, 0x00A6, 0x00A6, 0x00C6, 0x00C6,
    0x00C6, 0x00C6, 0x00E6, 0x0106, 0x0145, 0x0164, 0x0206, 0x01E6, 0x01C6, 0x0206, 0x0184, 0x0184,
    0x0185, 0x0164, 0x0185, 0x0164, 0x0165, 0x0164, 0x0144, 0x0165, 0x0144, 0x0165, 0x0145, 0x0145,
    0x0125, 0x0125, 0x0145, 0x0125, 0x0125, 0x0125, 0x0125, 0x0125, 0x0146, 0x0146, 0x0146, 0x0146,
    0x0146, 0x0146, 0x0146, 0x0146, 0x0147, 0x0147, 0x0147, 0x0147, 0x0167, 0x0147, 0x0147, 0x0148,
    0x0148, 0x0128, 0x0108, 0x0109, 0x0109, 0x0109, 0x0109, 0x010A, 0x010A, 0x010A, 0x010A, 0x010A,
    0x010A, 0x010B, 0x010B, 0x010B, 0x010B, 0x010B, 0x010B, 0x010C, 0x012C, 0x010C, 0x010C, 0x010C,
    0x010C, 0x010C, 0x010C, 0x010D, 0x010D, 0x010D, 0x012D, 0x012D, 0x012D, 0x012D, 0x012D, 0x012D,
    0x012D, 0x012D, 0x012D, 0x014D, 0x014D, 0x014D, 0x014E, 0x014E, 0x014E, 0x014E, 0x014E, 0x014E,
    0x014D, 0x014D, 0x014D, 0x014D, 0x014D, 0x016D, 0x016D, 0x096C, 0x096C, 0x096C, 0x096C, 0x096C,
    0x098C, 0x096C, 0x096B, 0x096B, 0x096B, 0x096B, 0x096B, 0x096A, 0x096A, 0x098A, 0x012B, 0x00EC,
    0x00EC, 0x00EC, 0x00EC, 0x00EB, 0x00EC, 0x00EB, 0x00EB, 0x00EB, 0x00CB, 0x00CA, 0x00CA, 0x010B,
    0x00CA, 0x00C9, 0x00C9, 0x00C9, 0x00C9, 0x00C9, 0x00C9, 0x00A8, 0x00C9, 0x00C8, 0x00A8, 0x00A8,
    0x00A7, 0x00A7, 0x00A7, 0x00A7, 0x00A7, 0x00A6, 0x00A7, 0x00A7, 0x00A7, 0x00A7, 0x00C6, 0x00C6,
    0x00C6, 0x00C6, 0x00C6, 0x0107, 0x0128, 0x00E6, 0x0106, 0x0145, 0x0185, 0x0184, 0x0226, 0x0226,
    0x0206, 0x0205, 0x0183, 0x0184, 0x0184, 0x0184, 0x0184, 0x0184, 0x0164, 0x0164, 0x0164, 0x0164,
    0x0144, 0x0145, 0x0144, 0x0145, 0x0145, 0x0145, 0x0145, 0x0145, 0x0145, 0x0145, 0x0145, 0x0145,
    0x0146, 0x0146, 0x0146, 0x0146, 0x0146, 0x0166, 0x0166, 0x0166, 0x0166, 0x0167, 0x0167, 0x0167,
    0x0167, 0x0167, 0x0147, 0x0147, 0x0128, 0x0108, 0x0108, 0x0109, 0x0109, 0x0109, 0x0109, 0x0109,
    0x010A, 0x010A, 0x010A, 0x010A, 0x010A, 0x010A, 0x010B, 0x010B, 0x010B, 0x010B, 0x010B, 0x010C,
    0x010C, 0x010C, 0x010C, 0x010C, 0x010C, 0x010C, 0x010C, 0x010C, 0x010C, 0x010C, 0x010D, 0x010D,
    0x012D, 0x012D, 0x012D, 0x010D, 0x012D, 0x012D, 0x012D, 0x012D, 0x012D, 0x014D, 0x014D, 0x014D,
    0x014D, 0x014D, 0x014D, 0x014D, 0x014D, 0x014D, 0x014D, 0x014D, 0x014D, 0x014D, 0x014D, 0x014D,
    0x096C, 0x096C, 0x096C, 0x096C, 0x098C, 0x096B, 0x096B, 0x096B, 0x096B, 0x096A, 0x096A, 0x096A,
    0x096A, 0x096A, 0x096A, 0x010C, 0x00EC, 0x00EC, 0x00EB, 0x00EB, 0x00EC, 0x00EB, 0x00EB, 0x00EB,
    0x00CB, 0x00CA, 0x00CA, 0x00CA, 0x00CA, 0x00CA, 0x00C9, 0x00C9, 0x00C9, 0x00C9, 0x00C9, 0x00C8,
    0x00C9, 0x00C8, 0x00A8, 0x00A8, 0x00A8, 0x00A7, 0x00A7, 0x00A7, 0x00C7, 0x016A, 0x00C7, 0x00A6,
    0x00C7, 0x00C7, 0x00C6, 0x00C6, 0x00C6, 0x00C6, 0x00C6, 0x0189, 0x0A0C, 0x0107, 0x0145, 0x0185,
    0x01A5, 0x01A4, 0x0266, 0x0266, 0x0227, 0x0226, 0x0184, 0x01A4, 0x01A4, 0x01A4, 0x01A5, 0x0184,
    0x0185, 0x0164, 0x0185, 0x0185, 0x0164, 0x0165, 0x0165, 0x0165, 0x0165, 0x0145, 0x0145, 0x0145,
    0x0145, 0x0145, 0x0145, 0x0165, 0x0146, 0x0166, 0x0166, 0x0166, 0x0166, 0x0166, 0x0166, 0x0166,
    0x0166, 0x0166, 0x0167, 0x0167, 0x0167, 0x0167, 0x0147, 0x0107, 0x0108, 0x0108, 0x0108, 0x0109,
    0x0109, 0x0109, 0x0109, 0x00E9, 0x0109, 0x010A, 0x010A, 0x010A, 0x010A, 0x010A, 0x010A, 0x010B,
    0x010B, 0x010B, 0x00EB, 0x010B, 0x010C, 0x010B, 0x010B, 0x010C, 0x010C, 0x010C, 0x010C, 0x010C,
    0x010C, 0x010C, 0x010C, 0x010D, 0x010D, 0x010D, 0x010D, 0x012D, 0x012D, 0x012D, 0x012D, 0x012D,
    0x012D, 0x012D, 0x012D, 0x012D, 0x012D, 0x012D, 0x012D, 0x014D, 0x014D, 0x014D, 0x014D, 0x014D,
    0x012D, 0x012D, 0x012D, 0x012D, 0x012D, 0x014C, 0x096C, 0x098B, 0x098B, 0x096B, 0x096B, 0x096B,
    0x096A, 0x096A, 0x096A, 0x098A, 0x098A, 0x098A, 0x0989, 0x096A, 0x00EC, 0x00EB, 0x00EB, 0x00EB,
    0x00EC, 0x00EB, 0x00EB, 0x00EB, 0x00EB, 0x00CA, 0x00CA, 0x00CA, 0x00CA, 0x00CA, 0x00C9, 0x00C9,
    0x00C9, 0x00C9, 0x00C8, 0x00A8, 0x00C8, 0x00C8, 0x00A8, 0x00A8, 0x00A7, 0x00A7, 0x00C7, 0x00A7,
    0x00C7, 0x016A, 0x00C7, 0x00A6, 0x00C7, 0x00C7, 0x00C7, 0x00C6, 0x00E6, 0x00E6, 0x00E6, 0x0127,
    0x0148, 0x0145, 0x0185, 0x01A5, 0x01E5, 0x01E4, 0x0286, 0x02A7, 0x0247, 0x0246, 0x01A4, 0x01C4,
    0x01A4, 0x01A4, 0x01A4, 0x01A4, 0x0184, 0x0184, 0x0184, 0x0184, 0x0184, 0x0185, 0x0165, 0x0165,
    0x0165, 0x0165, 0x0165, 0x0165, 0x0165, 0x0165, 0x0165, 0x0165, 0x0165, 0x0165, 0x0166, 0x0186,
    0x0166, 0x0166, 0x0166, 0x0166, 0x0166, 0x0166, 0x0186, 0x0186, 0x0166, 0x0147, 0x0107, 0x00E7,
    0x0108, 0x0108, 0x0108, 0x0109, 0x00E9, 0x00E9, 0x00E9, 0x00E9, 0x00E9, 0x00E9, 0x00EA, 0x00EA,
    0x00EA, 0x00EA, 0x00EA, 0x00EA, 0x00EA, 0x00EA, 0x00EB, 0x010B, 0x00EB, 0x00EB, 0x00EB, 0x00EB,
    0x010B, 0x010B, 0x010C, 0x010C, 0x010C, 0x010C, 0x010C, 0x010C, 0x010C, 0x010C, 0x010C, 0x012C,
    0x012D, 0x012D, 0x012D, 0x012D, 0x012D, 0x012D, 0x012D, 0x012D, 0x012D, 0x012D, 0x012D, 0x012D,
    0x012D, 0x012D, 0x012D, 0x012D, 0x012D, 0x012D, 0x012D, 0x012D, 0x012D, 0x012C, 0x012D, 0x012C,
    0x014B, 0x096B, 0x096A, 0x096A, 0x096A, 0x098A, 0x098A, 0x098A, 0x098A, 0x0989, 0x0989, 0x0989,
    0x094A, 0x00EC, 0x00EB, 0x00EB, 0x00EB, 0x00EB, 0x00EB, 0x00EB, 0x00CA, 0x00CA, 0x00CA, 0x00CA,
    0x00CA, 0x00C9, 0x00C9, 0x00C9, 0x00C9, 0x00C8, 0x00C8, 0x00C8, 0x00C8, 0x00C8, 0x00C8, 0x00C7,
    0x00A7, 0x00C7, 0x00C7, 0x00C7, 0x00C7, 0x00A6, 0x00C7, 0x00C7, 0x00C7, 0x00C6, 0x00C6, 0x00E6,
    0x00E6, 0x00E6, 0x0106, 0x00E6, 0x0145, 0x01A5, 0x01C5, 0x0205, 0x0205, 0x0204, 0x02C7, 0x02C7,
    0x0288, 0x0287, 0x01C4, 0x0205, 0x0205, 0x01E4, 0x01E5, 0x01C4, 0x01C5, 0x01A5, 0x01A5, 0x01A5,
    0x01A5, 0x01A5, 0x0185, 0x0185, 0x0185, 0x0185, 0x0185, 0x0185, 0x01A6, 0x0186, 0x0185, 0x0186,
    0x0186, 0x01A6, 0x01A6, 0x01A6, 0x0186, 0x01A6, 0x0186, 0x0186, 0x01A6, 0x01A7, 0x0187, 0x0187,
    0x0147, 0x0107, 0x0108, 0x0108, 0x0108, 0x0108, 0x0108, 0x0109, 0x0109, 0x0109, 0x0109, 0x00E9,
    0x00E9, 0x00EA, 0x010A, 0x00EA, 0x00EA, 0x010A, 0x010A, 0x00EA, 0x010B, 0x010B, 0x010B, 0x010B,
    0x00EB, 0x00EB, 0x00EB, 0x010B, 0x010C, 0x010C, 0x010C, 0x010C, 0x010C, 0x010C, 0x010C, 0x010C,
    0x010C, 0x010D, 0x010C, 0x010D, 0x010D, 0x010D, 0x012D, 0x010D, 0x010D, 0x012D, 0x012D, 0x012D,
    0x012D, 0x012D, 0x012D, 0x012D, 0x012D, 0x012D, 0x012D, 0x012D, 0x012D, 0x012D, 0x012D, 0x012D,
    0x012D, 0x012D, 0x012D, 0x012C, 0x012D, 0x012C, 0x096B, 0x098B, 0x098A, 0x098A, 0x098A, 0x098A,
    0x098A, 0x098A, 0x118A, 0x098A, 0x11A9, 0x094A, 0x00EC, 0x010C, 0x010C, 0x010C, 0x00EB, 0x00EB,
    0x00EB, 0x00EA, 0x00EA, 0x00EA, 0x00EA, 0x00EA, 0x00EA, 0x00EA, 0x00E9, 0x00C9, 0x00C9, 0x00C9,
    0x00E9, 0x00C8, 0x00C8, 0x00C8, 0x00C8, 0x00C8, 0x00C8, 0x00C8, 0x00C7, 0x00E7, 0x00E7, 0x00E7,
    0x00E7, 0x0128, 0x0169, 0x0107, 0x0107, 0x0107, 0x0107, 0x0166, 0x01A5, 0x01E5, 0x0225, 0x0225,
    0x0265, 0x0265, 0x0B67, 0x0327, 0x0287, 0x0286, 0x01E4, 0x0204, 0x0205, 0x01E4, 0x0205, 0x01C4,
    0x01E5, 0x01C5, 0x01A4, 0x01A5, 0x01A4, 0x01A5, 0x01A5, 0x01A5, 0x01A5, 0x01A5, 0x01A5, 0x01A5,
    0x01A5, 0x01A5, 0x01A5, 0x01A5, 0x01A6, 0x01A6, 0x01A5, 0x01A6, 0x01A6, 0x01A6, 0x01A6, 0x01A6,
    0x01A6, 0x01A6, 0x0166, 0x0107, 0x0107, 0x0107, 0x0107, 0x00E7, 0x00E8, 0x00E8, 0x00E8, 0x0109,
    0x00E8, 0x00E8, 0x00E9, 0x00E9, 0x00E9, 0x00E9, 0x00E9, 0x00E9, 0x00EA, 0x00EA, 0x00EA, 0x00EA,
    0x00EA, 0x00EA, 0x00EA, 0x00EB, 0x010B, 0x00EB, 0x00EB, 0x00EB, 0x00EB, 0x00EB, 0x00EB, 0x00EB,
    0x00EB, 0x00EC, 0x00EC, 0x00EC, 0x010C, 0x010C, 0x010C, 0x010C, 0x010C, 0x010C, 0x010C, 0x010D,
    0x010C, 0x010C, 0x010D, 0x010D, 0x010D, 0x010D, 0x012D, 0x010D, 0x012D, 0x010D, 0x012D, 0x012D,
    0x012D, 0x012D, 0x012D, 0x012D, 0x012C, 0x012C, 0x012C, 0x012C, 0x012C, 0x012C, 0x012C, 0x012B,
    0x014B, 0x096A, 0x098A, 0x0989, 0x0989, 0x0989, 0x0989, 0x0989, 0x0989, 0x1189, 0x094A, 0x00EB,
    0x010C, 0x010B, 0x00EB, 0x00EB, 0x00EA, 0x00EA, 0x00EA, 0x00EA, 0x00EA, 0x00E9, 0x00E9, 0x00E9,
    0x00C9, 0x00C9, 0x00C8, 0x00C8, 0x00C9, 0x00C8, 0x00C8, 0x00C8, 0x00C8, 0x00C8, 0x00C7, 0x00C7,
    0x00C7, 0x00E7, 0x00E7, 0x00E7, 0x00E7, 0x0128, 0x0169, 0x0107, 0x0127, 0x0107, 0x0166, 0x01C5,
    0x0205, 0x0245, 0x0245, 0x0265, 0x02A5, 0x02E4, 0x0BA7, 0x1B67, 0x0287, 0x0286, 0x01E3, 0x0204,
    0x0224, 0x0204, 0x0225, 0x01E4, 0x01E4, 0x01C4, 0x01C4, 0x01C5, 0x01C4, 0x01C4, 0x01A4, 0x01A5,
    0x01C5, 0x01C5, 0x01C5, 0x01C5, 0x01C5, 0x01C5, 0x01C5, 0x01C5, 0x01C5, 0x01C5, 0x01C5, 0x01C5,
    0x01C5, 0x01C5, 0x01A5, 0x01A5, 0x0185, 0x0126, 0x0107, 0x0107, 0x0107, 0x00E7, 0x00E7, 0x00E7,
    0x00E7, 0x00E8, 0x00E8, 0x0108, 0x00E8, 0x00E8, 0x00E8, 0x00E9, 0x00E9, 0x00E9, 0x00E9, 0x00E9,
    0x00E9, 0x00E9, 0x00EA, 0x00EA, 0x00EA, 0x00EA, 0x00EA, 0x00EA, 0x00EB, 0x00EA, 0x00EA, 0x00EA,
    0x00EB, 0x00EB, 0x00EB, 0x00EB, 0x00EB, 0x00EB, 0x00EB, 0x00EB, 0x00EB, 0x010C, 0x010C, 0x00EC,
    0x010C, 0x010C, 0x010C, 0x010C, 0x010C, 0x010C, 0x010C, 0x010C, 0x010C, 0x010C, 0x010D, 0x010D,
    0x010C, 0x010D, 0x012D, 0x010C, 0x010C, 0x010C, 0x010C, 0x012C, 0x012C, 0x012C, 0x012C, 0x012C,
    0x012C, 0x012B, 0x012B, 0x012B, 0x012B, 0x014B, 0x096A, 0x1189, 0x1189, 0x1189, 0x0989, 0x1189,
    0x1189, 0x0988, 0x11A8, 0x0969, 0x010B, 0x00EB, 0x00EA, 0x00EA, 0x00EA, 0x00EA, 0x00EA, 0x00E9,
    0x00E9, 0x00E9, 0x00E9, 0x00E9, 0x00C9, 0x00C8, 0x00C8, 0x00C8, 0x00C8, 0x00E8, 0x00C8, 0x00C7,
    0x00C7, 0x00E7, 0x00E7, 0x00E7, 0x00E7, 0x00E7, 0x00E7, 0x00E7, 0x0107, 0x0106, 0x0106, 0x0126,
    0x0127, 0x0186, 0x01C5, 0x0205, 0x0265, 0x0285, 0x02A5, 0x02C5, 0x0304, 0x0344, 0x3426, 0x4BC5,
    0x02A7, 0x02A6, 0x0203, 0x0224, 0x0245, 0x0224, 0x0225, 0x0204, 0x0204, 0x01E4, 0x0205, 0x0205,
    0x01E4, 0x01E5, 0x01E4, 0x01E5, 0x01E5, 0x01E5, 0x01E5, 0x01E5, 0x01E5, 0x01E5, 0x01E5, 0x01E5,
    0x01E5, 0x01E5, 0x01E5, 0x01E5, 0x01C5, 0x01C5, 0x01A5, 0x0165, 0x0106, 0x00E6, 0x0106, 0x00E6,
    0x00E7, 0x00E7, 0x00E7, 0x00E7, 0x00E7, 0x00E8, 0x00E8, 0x00E8, 0x00E8, 0x00E8, 0x00E8, 0x00E8,
    0x00E9, 0x00E9, 0x00E9, 0x00E9, 0x00E9, 0x00E9, 0x00E9, 0x00EA, 0x00E9, 0x00E9, 0x00EA, 0x00EA,
    0x00EA, 0x00EA, 0x00EA, 0x00EA, 0x00EA, 0x00EB, 0x00EB, 0x00EB, 0x00EB, 0x00EB, 0x00EB, 0x00EB,
    0x00EB, 0x00EB, 0x00EB, 0x00EB, 0x00EC, 0x00EC, 0x010C, 0x010C, 0x010C, 0x010C, 0x010C, 0x010C,
    0x010C, 0x010C, 0x010C, 0x010C, 0x010C, 0x010C, 0x010C, 0x010C, 0x010C, 0x010C, 0x012C, 0x012C,
    0x012C, 0x012C, 0x012C, 0x012C, 0x014C, 0x012B, 0x012B, 0x012B, 0x014B, 0x014B, 0x014A, 0x014A,
    0x098A, 0x11A9, 0x11A9, 0x11A9, 0x11A8, 0x11A8, 0x11A8, 0x11A8, 0x0989, 0x010A, 0x00EB, 0x010A,
    0x010A, 0x00EA, 0x00EA, 0x00E9, 0x00E9, 0x00E9, 0x00E9, 0x00E9, 0x00E9, 0x00E8, 0x00E8, 0x00E8,
    0x00E8, 0x00E8, 0x00E8, 0x00E8, 0x00E7, 0x00E7, 0x00E7, 0x00E7, 0x00E7, 0x0107, 0x0107, 0x0107,
    0x0107, 0x0127, 0x0127, 0x0127, 0x01A6, 0x01E5, 0x0225, 0x02A5, 0x02A5, 0x02C5, 0x02E5, 0x0324,
    0x0B64, 0x23C3, 0x7CC3, 0x53E5, 0x02C7, 0x02C6, 0x0243, 0x0264, 0x0264, 0x0244, 0x0244, 0x0224,
    0x0224, 0x0204, 0x0204, 0x0204, 0x0204, 0x0225, 0x0204, 0x0204, 0x0204, 0x0205, 0x0225, 0x0204,
    0x0204, 0x0204, 0x0204, 0x0205, 0x0204, 0x0204, 0x0205, 0x0205, 0x01C5, 0x0185, 0x0126, 0x0106,
    0x00E6, 0x00E6, 0x00E6, 0x00E6, 0x00E6, 0x00E7, 0x00E7, 0x00E7, 0x00E7, 0x00E7, 0x00E7, 0x00E8,
    0x00E8, 0x00E8, 0x00E8, 0x00E8, 0x00E9, 0x00E9, 0x00E9, 0x00E9, 0x00E9, 0x00E9, 0x00E9, 0x00E9,
    0x00E9, 0x00E9, 0x00EA, 0x00EA, 0x00EA, 0x00EA, 0x00EA, 0x00EA, 0x00EA, 0x00EA, 0x00EA, 0x00EA,
    0x00EB, 0x00EB, 0x00EB, 0x00EB, 0x00EB, 0x00EB, 0x00EB, 0x00EB, 0x00EB, 0x00EB, 0x00EB, 0x00EC,
    0x00EC, 0x00EC, 0x00EC, 0x010C, 0x010C, 0x010C, 0x010C, 0x010C, 0x010C, 0x010C, 0x010C, 0x010C,
    0x010C, 0x010C, 0x010C, 0x010C, 0x010C, 0x012B, 0x012B, 0x012B, 0x012B, 0x012B, 0x012B, 0x012B,
    0x014A, 0x014A, 0x014A, 0x014A, 0x014A, 0x016A, 0x0989, 0x11A8, 0x11A8, 0x11A8, 0x11A8, 0x11A8,
    0x11A8, 0x0988, 0x0129, 0x010A, 0x010A, 0x010A, 0x0109, 0x0109, 0x0109, 0x00E9, 0x00E9, 0x00E8,
    0x00E8, 0x00E8, 0x00E8, 0x00E8, 0x00E8, 0x00E8, 0x00E8, 0x0108, 0x00E7, 0x00E7, 0x0107, 0x0107,
    0x0107, 0x0107, 0x0107, 0x0127, 0x0127, 0x0127, 0x0166, 0x01A6, 0x01E5, 0x0246, 0x02E6, 0x02C5,
    0x02E5, 0x0305, 0x0345, 0x1384, 0x2BE3, 0x84A0, 0x8CC3, 0x5BE5, 0x0B07, 0x0B06, 0x0263, 0x02A4,
    0x0285, 0x0264, 0x0264, 0x0244, 0x0265, 0x0244, 0x0224, 0x0245, 0x0244, 0x0245, 0x0224, 0x0244,
    0x0224, 0x0245, 0x0245, 0x0244, 0x0244, 0x0224, 0x0224, 0x0224, 0x0224, 0x0224, 0x01E4, 0x01C5,
    0x0145, 0x0105, 0x00E6, 0x00E6, 0x00E6, 0x00E6, 0x00E6, 0x00E6, 0x00E6, 0x00E7, 0x00E7, 0x00C7,
    0x00C7, 0x00C7, 0x00C7, 0x00E8, 0x00E8, 0x00C8, 0x00C8, 0x00C8, 0x00C8, 0x00C8, 0x00C9, 0x00C9,
    0x00C9, 0x00C9, 0x00C9, 0x00C9, 0x00C9, 0x00C9, 0x00E9, 0x00E9, 0x00EA, 0x00CA, 0x00CA, 0x00CA,
    0x00CA, 0x00EA, 0x00CA, 0x00EA, 0x00CA, 0x00EA, 0x00EB, 0x00EB, 0x00EB, 0x00EB, 0x00EB, 0x00EB,
    0x00EB, 0x00EB, 0x00EB, 0x00EB, 0x00EB, 0x00EB, 0x00EB, 0x00EC, 0x00EC, 0x00EC, 0x010C, 0x010C,
    0x010C, 0x010C, 0x010C, 0x010C, 0x010C, 0x010C, 0x010C, 0x010C, 0x010B, 0x010B, 0x010B, 0x012B,
    0x012B, 0x012B, 0x012B, 0x012A, 0x012A, 0x014A, 0x014A, 0x014A, 0x014A, 0x014A, 0x0149, 0x0169,
    0x09A8, 0x11C8, 0x11C8, 0x11C8, 0x11A8, 0x11A7, 0x11A7, 0x0968, 0x0129, 0x010A, 0x0109, 0x0109,
    0x0109, 0x0109, 0x0108, 0x0108, 0x0108, 0x0108, 0x0108, 0x0108, 0x0108, 0x0108, 0x0107, 0x0107,
    0x0107, 0x0107, 0x0107, 0x0107, 0x0127, 0x0127, 0x0127, 0x0127, 0x0146, 0x0186, 0x01C6, 0x0206,
    0x0246, 0x0306, 0x0305, 0x0305, 0x0325, 0x0364, 0x13A4, 0x2403, 0x9521, 0xA4E0, 0x94E3, 0x5C05,
    0x1327, 0x1326, 0x0A83, 0x0AA4, 0x0AA4, 0x0A83, 0x0AA4, 0x0283, 0x0284, 0x0263, 0x0A64, 0x0A84,
    0x0264, 0x0264, 0x0264, 0x0A64, 0x0264, 0x0264, 0x0264, 0x0A64, 0x0264, 0x0A64, 0x0A64, 0x0A44,
    0x0224, 0x01C4, 0x0164, 0x0105, 0x00E5, 0x00E5, 0x00E5, 0x00E6, 0x00E6, 0x00E6, 0x00C6, 0x00C6,
    0x00C6, 0x00C6, 0x00C7, 0x00C7, 0x00C7, 0x00C7, 0x00C7, 0x00C8, 0x00C8, 0x00C8, 0x00C8, 0x00C8,
    0x00C8, 0x00C8, 0x00C8, 0x00C8, 0x00C9, 0x00C9, 0x00C9, 0x00C9, 0x00C9, 0x00C9, 0x00C9, 0x00C9,
    0x00CA, 0x00C9, 0x00C9, 0x00CA, 0x00CA, 0x00CA, 0x00CA, 0x00CA, 0x00CA, 0x00CA, 0x00EA, 0x00EA,
    0x00CA, 0x00EA, 0x00EB, 0x00EB, 0x00EB, 0x00EB, 0x00EB, 0x00EB, 0x00EB, 0x00EB, 0x00EB, 0x00EB,
    0x00EB, 0x00EB, 0x00EC, 0x00EC, 0x00EB, 0x00EC, 0x00EC, 0x00EC, 0x00EB, 0x00EB, 0x010B, 0x010B,
    0x010B, 0x010B, 0x010B, 0x012B, 0x012B, 0x012B, 0x012B, 0x012A, 0x012A, 0x012A, 0x014A, 0x014A,
    0x014A, 0x0149, 0x0149, 0x0149, 0x0169, 0x0988, 0x11A8, 0x11C7, 0x11C8, 0x11A7, 0x11A7, 0x11A7,
    0x09A7, 0x0968, 0x0129, 0x0129, 0x0129, 0x0129, 0x0128, 0x0108, 0x0108, 0x0108, 0x0108, 0x0108,
    0x0128, 0x0128, 0x0127, 0x0127, 0x0127, 0x0127, 0x0127, 0x0127, 0x0127, 0x0147, 0x0147, 0x0166,
    0x01A6, 0x01C6, 0x0206, 0x0266, 0x0326, 0x0345, 0x0345, 0x0365, 0x0B85, 0x1BC4, 0x2403, 0x9521,
    0xC580, 0x9CE0, 0x9D03, 0x5BE5, 0x1B47, 0x1B66, 0x0AC3, 0x12E4, 0x12E4, 0x12C3, 0x0B04, 0x0AC3,
    0x0AC4, 0x0AA4, 0x0AC4, 0x0AC4, 0x0AA4, 0x0AC5, 0x0AA4, 0x0AA4, 0x0AA4, 0x0AA4, 0x0AC5, 0x0A84,
    0x0AA4, 0x0A84, 0x0244, 0x01E4, 0x0184, 0x0145, 0x0105, 0x00E5, 0x00E5, 0x00E5, 0x00E5, 0x00E6,
    0x00C6, 0x00C6, 0x00C6, 0x00C6, 0x00C6, 0x00C6, 0x00C7, 0x00C7, 0x00C7, 0x00C7, 0x00C7, 0x00C8,
    0x00C8, 0x00C7, 0x00C8, 0x00C8, 0x00C8, 0x00C8, 0x00C8, 0x00C8, 0x00C8, 0x00C8, 0x00C9, 0x00C9,
    0x00C9, 0x00C9, 0x00C9, 0x00C9, 0x00C9, 0x00C9, 0x00C9, 0x00C9, 0x00C9, 0x00CA, 0x00CA, 0x00CA,
    0x00CA, 0x00CA, 0x00CA, 0x00CA, 0x00CA, 0x00CA, 0x00CA, 0x00CA, 0x00CA, 0x00CA, 0x00EB, 0x00EB,
    0x00EB, 0x00EB, 0x00EB, 0x00EB, 0x00EB, 0x00EB, 0x00EB, 0x00EB, 0x00EB, 0x00EB, 0x00EB, 0x00EB,
    0x00EB, 0x010B, 0x00EB, 0x010B, 0x010B, 0x010B, 0x010B, 0x010B, 0x012B, 0x010B, 0x010A, 0x012A,
    0x012A, 0x012A, 0x014A, 0x0149, 0x0149, 0x0149, 0x0149, 0x0169, 0x0169, 0x0169, 0x0169, 0x09A8,
    0x11E7, 0x11C7, 0x11C7, 0x11C7, 0x11C7, 0x11C6, 0x09A6, 0x0987, 0x0148, 0x0128, 0x0128, 0x0128,
    0x0128, 0x0128, 0x0128, 0x0127, 0x0148, 0x0148, 0x0147, 0x0127, 0x0147, 0x0147, 0x0147, 0x0147,
    0x0167, 0x0186, 0x01A6, 0x01C5, 0x01E6, 0x0226, 0x0246, 0x0327, 0x0365, 0x0345, 0x0385, 0x13A4,
    0x2404, 0x2423, 0x8D41, 0xD5E0, 0xBD60, 0xA500, 0x9D03, 0x63E5, 0x2368, 0x2386, 0x1303, 0x1B23,
    0x1B23, 0x1B03, 0x1B03, 0x1AE3, 0x1AE3, 0x1B03, 0x1304, 0x12E4, 0x12C3, 0x12E4, 0x12E3, 0x12E4,
    0x12E4, 0x12E4, 0x12C4, 0x12A4, 0x0A64, 0x0224, 0x01A4, 0x0145, 0x0105, 0x0105, 0x0105, 0x0106,
    0x00E5, 0x00E5, 0x00E6, 0x00E6, 0x00C6, 0x00C6, 0x00C6, 0x00C6, 0x00C7, 0x00C7, 0x00C7, 0x00C7,
    0x00C7, 0x00C7, 0x00C7, 0x00E8, 0x00C8, 0x00C8, 0x00C8, 0x00C8, 0x00C8, 0x00C8, 0x00C8, 0x00C8,
    0x00C9, 0x00C9, 0x00C9, 0x00C9, 0x00C9, 0x00C9, 0x00C9, 0x00C9, 0x00C9, 0x00C9, 0x00C9, 0x00C9,
    0x00C9, 0x00CA, 0x00CA, 0x00CA, 0x00CA, 0x00CA, 0x00CA, 0x00CA, 0x00EA, 0x00CA, 0x00CA, 0x00CA,
    0x00CA, 0x00CB, 0x00CB, 0x00EB, 0x00EB, 0x00EB, 0x00EB, 0x00EB, 0x00EB, 0x00EB, 0x00EB, 0x00EB,
    0x00EB, 0x00EB, 0x00EB, 0x00EB, 0x010B, 0x010B, 0x010B, 0x010B, 0x010B, 0x010B, 0x010B, 0x010B,
    0x010B, 0x010B, 0x010B, 0x010A, 0x012A, 0x012A, 0x014A, 0x014A, 0x0169, 0x0169, 0x0169, 0x0169,
    0x0189, 0x0189, 0x0189, 0x0189, 0x0189, 0x09C8, 0x11E7, 0x11E7, 0x11C7, 0x11C7, 0x11C7, 0x11C6,
    0x09C7, 0x09A7, 0x0987, 0x0167, 0x0168, 0x0148, 0x0148, 0x0148, 0x0168, 0x0148, 0x0147, 0x0167,
    0x0167, 0x0167, 0x0187, 0x01A6, 0x01C6, 0x01E6, 0x01E6, 0x0206, 0x0246, 0x0266, 0x0327, 0x0386,
    0x0365, 0x0BA5, 0x13C4, 0x2404, 0x2C44, 0x8562, 0xE640, 0xCDC0, 0xBD80, 0xAD20, 0xA523, 0x63E5,
    0x2387, 0x2BC6, 0x2342, 0x2364, 0x2364, 0x2343, 0x2364, 0x2323, 0x2364, 0x2344, 0x1B44, 0x1B44,
    0x1B23, 0x1B44, 0x1B03, 0x1B24, 0x1B24, 0x12E3, 0x0AC4, 0x0244, 0x01C4, 0x0165, 0x0125, 0x0126,
    0x0105, 0x00E5, 0x00E5, 0x00E5, 0x00C5, 0x00C5, 0x00C5, 0x00C6, 0x00C6, 0x00C6, 0x00C6, 0x00C6,
    0x00C6, 0x00C6, 0x00C6, 0x00C7, 0x00C7, 0x00C7, 0x00C7, 0x00C7, 0x00A7, 0x00A7, 0x00C7, 0x00A7,
    0x00A8, 0x00A8, 0x00C8, 0x00C8, 0x00C8, 0x00C8, 0x00C8, 0x00C8, 0x00C8, 0x00C8, 0x00C8, 0x00C9,
    0x00C9, 0x00C9, 0x00C9, 0x00C9, 0x00C9, 0x00C9, 0x00C9, 0x00C9, 0x00C9, 0x00CA, 0x00CA, 0x00CA,
    0x00CA, 0x00CA, 0x00CA, 0x00CA, 0x00CA, 0x00CA, 0x00CA, 0x00CA, 0x00CA, 0x00CA, 0x00CA, 0x00EB,
    0x00EB, 0x00CA, 0x00CB, 0x00EB, 0x00EB, 0x00EB, 0x00EB, 0x00EB, 0x00EB, 0x00EB, 0x00EB, 0x00EB,
    0x010B, 0x00EB, 0x00EB, 0x010B, 0x010B, 0x010B, 0x010A, 0x010A, 0x010A, 0x010A, 0x012A, 0x012A,
    0x0149, 0x0149, 0x0169, 0x0169, 0x0169, 0x0168, 0x0168, 0x0168, 0x0188, 0x0188, 0x0187, 0x09C7,
    0x11E6, 0x11E6, 0x11C6, 0x09C6, 0x09C6, 0x09A6, 0x09A6, 0x09A6, 0x09A6, 0x09A6, 0x01A6, 0x01A6,
    0x01A6, 0x01A6, 0x01A6, 0x01A6, 0x01A6, 0x01A6, 0x01C5, 0x01E6, 0x01E6, 0x0206, 0x0226, 0x0266,
    0x0286, 0x0347, 0x0386, 0x0365, 0x0385, 0x13A4, 0x2C04, 0x3443, 0x7542, 0xEE60, 0xDE00, 0xCDC0,
    0xC560, 0xAD00, 0xAD43, 0x5BE6, 0x2BA7, 0x3C05, 0x2B82, 0x2B83, 0x2B83, 0x2B82, 0x2B83, 0x2B62,
    0x2B83, 0x2B63, 0x2362, 0x2362, 0x2342, 0x2363, 0x2322, 0x12E3, 0x0AC3, 0x0243, 0x01E4, 0x0164,
    0x0104, 0x0104, 0x0104, 0x0105, 0x00E4, 0x00E4, 0x00E5, 0x00E5, 0x00C5, 0x00C5, 0x00A5, 0x00A5,
    0x00A5, 0x00A6, 0x00A6, 0x00A6, 0x00A6, 0x00A6, 0x00A6, 0x00A6, 0x00A6, 0x00A6, 0x00A7, 0x00C7,
    0x00A7, 0x00A7, 0x00A7, 0x00A7, 0x00A7, 0x00A7, 0x00A7, 0x00A8, 0x00A8, 0x00A8, 0x00A8, 0x00A8,
    0x00A8, 0x00A8, 0x00A8, 0x00C8, 0x00C9, 0x00A8, 0x00A8, 0x00A8, 0x00A9, 0x00A9, 0x00C9, 0x00C9,
    0x00C9, 0x00C9, 0x00C9, 0x00C9, 0x00C9, 0x00C9, 0x00C9, 0x00C9, 0x00C9, 0x00CA, 0x00CA, 0x00CA,
    0x00CA, 0x00CA, 0x00CA, 0x00CA, 0x00CA, 0x00CA, 0x00CA, 0x00CA, 0x00CA, 0x00CA, 0x00CA, 0x00CA,
    0x00EA, 0x00EA, 0x00EA, 0x00EA, 0x00EA, 0x00EA, 0x00EA, 0x00EA, 0x010B, 0x00EA, 0x00EA, 0x010A,
    0x010A, 0x010A, 0x0109, 0x0109, 0x0109, 0x0129, 0x0148, 0x0148, 0x0168, 0x0168, 0x0168, 0x0168,
    0x0188, 0x0187, 0x0187, 0x0187, 0x09A7, 0x11E6, 0x11E6, 0x11C6, 0x09C6, 0x09C6, 0x09C6, 0x09C6,
    0x09A6, 0x09A5, 0x01C5, 0x01C5, 0x01C6, 0x01C6, 0x01C6, 0x01C5, 0x01C5, 0x01C5, 0x01E5, 0x0205,
    0x0225, 0x0225, 0x0265, 0x0285, 0x0327, 0x03A6, 0x0344, 0x0365, 0x0B84, 0x1BE4, 0x2C23, 0x6502,
    0xE660, 0xE640, 0xDE00, 0xCDA0, 0xBD60, 0xB520, 0x9CE3, 0x2AA7, 0x3386, 0x4466, 0x33A1, 0x3BE3,
    0x33E2, 0x33C2, 0x33C3, 0x33C2, 0x33C3, 0x33A2, 0x33C2, 0x33C3, 0x2B62, 0x1B22, 0x0AC2, 0x0263,
    0x01E4, 0x0144, 0x0145, 0x0125, 0x0124, 0x0125, 0x00E4, 0x00E5, 0x00E5, 0x00C4, 0x00E5, 0x00C5,
    0x00C5, 0x00C5, 0x00A5, 0x00A5, 0x00A5, 0x00A6, 0x00A6, 0x00A6, 0x00A6, 0x00A6, 0x00A6, 0x00A6,
    0x00A6, 0x00A7, 0x00A7, 0x00A7, 0x00A7, 0x00A7, 0x00A7, 0x00A7, 0x00A7, 0x00A7, 0x00A7, 0x00A8,
    0x00A8, 0x00A8, 0x00A8, 0x00A8, 0x00A8, 0x00A8, 0x00A8, 0x00C8, 0x00C8, 0x00A8, 0x00A8, 0x00A8,
    0x00A8, 0x00A8, 0x00A8, 0x00C9, 0x00A9, 0x00C9, 0x00C9, 0x00A9, 0x00C9, 0x00C9, 0x00C9, 0x00C9,
    0x00C9, 0x00C9, 0x00C9, 0x00C9, 0x00C9, 0x00CA, 0x00CA, 0x00CA, 0x00CA, 0x00CA, 0x00CA, 0x00CA,
    0x00CA, 0x00CA, 0x00CA, 0x00CA, 0x00CA, 0x00CA, 0x00CA, 0x00EA, 0x00EA, 0x00EA, 0x00EA, 0x00EA,
    0x00EA, 0x00EA, 0x00EA, 0x00EA, 0x00EA, 0x010A, 0x0109, 0x0109, 0x0109, 0x0109, 0x0109, 0x0128,
    0x0148, 0x0168, 0x0168, 0x0168, 0x0188, 0x0187, 0x0187, 0x0187, 0x0187, 0x0187, 0x09C6, 0x11E6,
    0x09E6, 0x09C6, 0x09C6, 0x09C6, 0x09C6, 0x01C6, 0x01C6, 0x01C5, 0x01E6, 0x01E6, 0x01E6, 0x01E6,
    0x01E5, 0x01E5, 0x0205, 0x0225, 0x0245, 0x0265, 0x0265, 0x02E6, 0x03A6, 0x0345, 0x0365, 0x0B84,
    0x1BC4, 0x2C23, 0x4CA2, 0xD640, 0xEE40, 0xDE20, 0xD5E0, 0xCD80, 0xBD40, 0xA4A0, 0x5407, 0x1A68,
    0x22C2, 0x4C48, 0x54A4, 0x3BE1, 0x4402, 0x4402, 0x4443, 0x4422, 0x4423, 0x3C02, 0x2BA2, 0x1B42,
    0x0AC2, 0x0284, 0x01C4, 0x0164, 0x0165, 0x0124, 0x0145, 0x0124, 0x0125, 0x0105, 0x00E4, 0x00E5,
    0x00C4, 0x00C4, 0x00C5, 0x00C5, 0x00A5, 0x00A5, 0x00A5, 0x00A5, 0x00A5, 0x00A6, 0x00A6, 0x00A6,
    0x00A6, 0x00A6, 0x00A6, 0x00A6, 0x00A6, 0x00A7, 0x00A7, 0x00A7, 0x00A7, 0x00A7, 0x00A7, 0x00A7,
    0x00A7, 0x00A7, 0x00A7, 0x00A7, 0x00A8, 0x00A7, 0x00A7, 0x00A8, 0x00A8, 0x00A8, 0x00A8, 0x00A8,
    0x00A8, 0x00A8, 0x00A8, 0x00A8, 0x00A8, 0x00A8, 0x00A8, 0x00A8, 0x00A8, 0x00A9, 0x00A9, 0x00C9,
    0x00C9, 0x00C9, 0x00C9, 0x00C9, 0x00C9, 0x00A9, 0x00A9, 0x00A9, 0x00C9, 0x00C9, 0x00CA, 0x00CA,
    0x00CA, 0x00CA, 0x00CA, 0x00CA, 0x00CA, 0x00CA, 0x00CA, 0x00CA, 0x00CA, 0x00CA, 0x00CA, 0x00CA,
    0x00EA, 0x00EA, 0x00EA, 0x00EA, 0x00EA, 0x00EA, 0x00EA, 0x00EA, 0x00EA, 0x00E9, 0x00E9, 0x0109,
    0x0109, 0x0109, 0x0109, 0x0109, 0x0129, 0x0148, 0x0168, 0x0168, 0x0188, 0x0188, 0x0187, 0x0187,
    0x0187, 0x0187, 0x0187, 0x01A6, 0x09C6, 0x09E6, 0x09E6, 0x09C6, 0x09C6, 0x01C6, 0x01E6, 0x01E6,
    0x0206, 0x0206, 0x0206, 0x0206, 0x0206, 0x0226, 0x0226, 0x0246, 0x0286, 0x0285, 0x02C6, 0x0366,
    0x0345, 0x0365, 0x0365, 0x13A4, 0x2C03, 0x3C83, 0xC620, 0xE640, 0xDE20, 0xDE00, 0xCDC0, 0xC580,
    0xBD20, 0x6405, 0x2AE9, 0x0966, 0x2B22, 0x2322, 0x5468, 0x54A4, 0x5481, 0x5461, 0x4C41, 0x3BC1,
    0x2BC2, 0x1B42, 0x0A82, 0x01E3, 0x0163, 0x0144, 0x0124, 0x0144, 0x0144, 0x0124, 0x0104, 0x0104,
    0x0104, 0x00C4, 0x00C4, 0x00C4, 0x00C4, 0x00C4, 0x00C4, 0x00A5, 0x00A5, 0x00A5, 0x00A5, 0x00A5,
    0x00A5, 0x00A5, 0x00A5, 0x00A6, 0x00A6, 0x00A6, 0x00A6, 0x00A6, 0x00A6, 0x00A6, 0x00A7, 0x00A7,
    0x00A7, 0x00A7, 0x00A7, 0x00A7, 0x00A7, 0x00A7, 0x00A7, 0x00A7, 0x00A7, 0x00A7, 0x00A7, 0x00A7,
    0x00A7, 0x00A7, 0x00A8, 0x00A8, 0x00A8, 0x00A8, 0x00A8, 0x00A8, 0x00A8, 0x00A8, 0x00A8, 0x00A8,
    0x00A8, 0x00A8, 0x00A8, 0x00A8, 0x00A9, 0x00C9, 0x00A9, 0x00A9, 0x00A9, 0x00A9, 0x00A9, 0x00A9,
    0x00C9, 0x00C9, 0x00C9, 0x00C9, 0x00C9, 0x00C9, 0x00C9, 0x00C9, 0x00C9, 0x00C9, 0x00C9, 0x00CA,
    0x00CA, 0x00C9, 0x00C9, 0x00CA, 0x00CA, 0x00C9, 0x00C9, 0x00E9, 0x00EA, 0x00EA, 0x00E9, 0x00E9,
    0x00E9, 0x00E9, 0x00E9, 0x00E9, 0x00E9, 0x00E9, 0x00E8, 0x0108, 0x0108, 0x0108, 0x0128, 0x0147,
    0x0167, 0x0167, 0x0167, 0x0187, 0x0187, 0x0187, 0x01A6, 0x01A6, 0x01A6, 0x01A6, 0x09C5, 0x09E6,
    0x09E6, 0x01E5, 0x01E5, 0x0206, 0x0206, 0x0206, 0x0206, 0x0205, 0x0226, 0x0226, 0x0245, 0x0265,
    0x0285, 0x0285, 0x0346, 0x0325, 0x0325, 0x0344, 0x03A4, 0x2403, 0x2C22, 0xADA0, 0xEE60, 0xDE20,
    0xDE00, 0xD5C0, 0xCDA0, 0xC540, 0x6C04, 0x336A, 0x11A7, 0x0966, 0x3342, 0x3341, 0x3342, 0x64C8,
    0x5CE5, 0x3445, 0x23E6, 0x13A6, 0x0B05, 0x0206, 0x01E6, 0x0207, 0x01C6, 0x0186, 0x0186, 0x01A7,
    0x0187, 0x0166, 0x0187, 0x0147, 0x0106, 0x0127, 0x0106, 0x0107, 0x0107, 0x00E7, 0x00E7, 0x00C7,
    0x00C7, 0x00C7, 0x00C7, 0x00C7, 0x00C8, 0x00C8, 0x00C8, 0x00C8, 0x00C8, 0x00C9, 0x00C9, 0x00C9,
    0x00C9, 0x00E9, 0x00C9, 0x00C9, 0x00C9, 0x00C9, 0x00E9, 0x00C9, 0x00C9, 0x00C9, 0x00C9, 0x00C9,
    0x00CA, 0x00C9, 0x00C9, 0x00CA, 0x00CA, 0x00CA, 0x00CA, 0x00CA, 0x00CA, 0x00CA, 0x00CA, 0x00CA,
    0x00CA, 0x00CA, 0x00CA, 0x00CB, 0x00EB, 0x00EB, 0x00EB, 0x00EB, 0x00EB, 0x00EB, 0x00EB, 0x00EB,
    0x00EB, 0x00EB, 0x00EB, 0x00EB, 0x00EB, 0x00EB, 0x00EC, 0x00EC, 0x00EC, 0x00EC, 0x00EC, 0x00EC,
    0x00EC, 0x00EC, 0x010C, 0x00EC, 0x010C, 0x010C, 0x010C, 0x010C, 0x010C, 0x010C, 0x010C, 0x010C,
    0x010C, 0x010C, 0x010C, 0x010C, 0x010C, 0x010C, 0x010B, 0x010B, 0x012B, 0x010B, 0x012B, 0x012B,
    0x012B, 0x014B, 0x014A, 0x014A, 0x016A, 0x01AA, 0x01CA, 0x01C9, 0x01C9, 0x01C9, 0x01C9, 0x01E9,
    0x01E9, 0x01E9, 0x01E9, 0x0209, 0x0248, 0x0248, 0x0248, 0x0248, 0x0248, 0x0268, 0x0248, 0x0268,
    0x0288, 0x0288, 0x02C9, 0x02E8, 0x02E8, 0x0369, 0x0368, 0x0348, 0x03A9, 0x03C9, 0x1C07, 0x2467,
    0x8D86, 0xD604, 0xC5C4, 0xCDE4, 0xC5C4, 0xBD83, 0xC583, 0x84A6, 0x334A, 0x1186, 0x0947, 0x0927,
    0x12E4, 0x0B26, 0x02E6, 0x0225, 0x0247, 0x02A8, 0x0229, 0x0167, 0x0126, 0x01A7, 0x01C8, 0x0166,
    0x0166, 0x0187, 0x0187, 0x0167, 0x0167, 0x0188, 0x0167, 0x0168, 0x0147, 0x0127, 0x0148, 0x0148,
    0x0149, 0x0149, 0x0149, 0x016A, 0x016A, 0x016A, 0x016A, 0x016A, 0x016B, 0x016B, 0x016B, 0x016C,
    0x018C, 0x018D, 0x018D, 0x018D, 0x018D, 0x018D, 0x018D, 0x018E, 0x018E, 0x018E, 0x018D, 0x018D,
    0x018D, 0x016D, 0x016D, 0x018D, 0x016D, 0x016D, 0x016D, 0x016D, 0x016D, 0x016D, 0x018D, 0x018E,
    0x018E, 0x018E, 0x016D, 0x016D, 0x016D, 0x016D, 0x016D, 0x016D, 0x016E, 0x018E, 0x018E, 0x016E,
    0x016E, 0x016E, 0x016E, 0x018E, 0x018E, 0x018E, 0x018E, 0x018E, 0x018E, 0x018E, 0x018E, 0x018E,
    0x016E, 0x016E, 0x018E, 0x018F, 0x018F, 0x018F, 0x018F, 0x018F, 0x018F, 0x018F, 0x018F, 0x018F,
    0x018F, 0x018E, 0x018E, 0x018E, 0x018E, 0x018E, 0x018E, 0x018E, 0x018E, 0x018E, 0x018E, 0x018E,
    0x018E, 0x018E, 0x018E, 0x018E, 0x018E, 0x018D, 0x01AD, 0x01AD, 0x01AE, 0x01AD, 0x01CD, 0x01CD,
    0x01CC, 0x01CC, 0x01CC, 0x01CC, 0x01ED, 0x01ED, 0x01ED, 0x01ED, 0x01EC, 0x020C, 0x022C, 0x020C,
    0x020C, 0x020C, 0x020C, 0x022C, 0x020C, 0x020C, 0x022D, 0x020D, 0x024D, 0x026C, 0x024C, 0x026C,
    0x028C, 0x02EC, 0x02EC, 0x2B6A, 0x6448, 0x5C68, 0x5C08, 0x5BE8, 0x5C28, 0x5C28, 0x2AE9, 0x01CC,
    0x01EB, 0x01CB, 0x018A, 0x014A, 0x66D6, 0x66D6, 0x6EF6, 0x6EF5, 0x5EB5, 0x15F7, 0x0E17, 0x0E17,
    0x0617, 0x05B9, 0x0598, 0x0578, 0x05B9, 0x05B9, 0x05B9, 0x05B9, 0x05B9, 0x05B9, 0x05B9, 0x05B9,
    0x05B9, 0x05B9, 0x05B9, 0x05B9, 0x05B9, 0x05D9, 0x05DA, 0x05DA, 0x05DA, 0x05DA, 0x05DA, 0x05DA,
    0x05DA, 0x05DA, 0x05FA, 0x05FB, 0x15FB, 0x2DFB, 0x35FC, 0x361C, 0x3E1C, 0x463D, 0x465D, 0x465D,
    0x465D, 0x3E3D, 0x361C, 0x361C, 0x2DFC, 0x25FB, 0x15FB, 0x05FB, 0x05FB, 0x05FB, 0x05FB, 0x05FB,
    0x05FB, 0x05FB, 0x05FB, 0x05FB, 0x05DB, 0x05FB, 0x05FB, 0x05FB, 0x05FB, 0x05FB, 0x05FB, 0x05DB,
    0x05DB, 0x05FB, 0x05DB, 0x05DB, 0x05FB, 0x05FB, 0x05FB, 0x05FC, 0x05FC, 0x05FB, 0x05FB, 0x05FC,
    0x05FC, 0x05FC, 0x05FC, 0x05FC, 0x05FB, 0x05FC, 0x05FC, 0x061C, 0x061C, 0x061C, 0x05FC, 0x05FC,
    0x05FC, 0x05FC, 0x05FC, 0x061C, 0x05FC, 0x05FC, 0x05FC, 0x05FC, 0x05FC, 0x061C, 0x061C, 0x05FC,
    0x05FC, 0x061C, 0x061C, 0x061C, 0x061C, 0x061C, 0x061C, 0x061C, 0x061C, 0x061C, 0x061C, 0x061C,
    0x061C, 0x061C, 0x061C, 0x061C, 0x061C, 0x063C, 0x063C, 0x063C, 0x063C, 0x063C, 0x063C, 0x063C,
    0x063C, 0x065C, 0x065C, 0x067C, 0x067D, 0x067D, 0x069D, 0x06BD, 0x06DD, 0x0EDD, 0x16FD, 0x271D,
    0x273D, 0x16FD, 0x0EFD, 0x06BD, 0x067D, 0x067C, 0x069D, 0x0E9C, 0x0E3A, 0x0E3A, 0x0EBA, 0x0EB9,
    0x0E98, 0x0E78, 0x3EF7, 0x46F6, 0x4EF7, 0x4F17, 0x56D8, 0x4ED7, 0xFE01, 0xFDE0, 0xFEA0, 0xFF61,
    0x7D04, 0x02C6, 0x0327, 0x0388, 0x026C, 0x012E, 0x012C, 0x01B0, 0x016F, 0x012D, 0x012D, 0x012D,
    0x012D, 0x012D, 0x012D, 0x012D, 0x012D, 0x012D, 0x012D, 0x012D, 0x012D, 0x012D, 0x012D, 0x012E,
    0x014E, 0x014E, 0x014E, 0x016F, 0x016F, 0x016F, 0x016F, 0x0190, 0x01B1, 0x01D2, 0x01F3, 0x0214,
    0x0255, 0x0276, 0x0A97, 0x0297, 0x0276, 0x0255, 0x0214, 0x01F3, 0x01D3, 0x01D2, 0x01B2, 0x01B2,
    0x01B2, 0x01B2, 0x01B2, 0x01B2, 0x01B2, 0x01B2, 0x01B2, 0x01B2, 0x0192, 0x0192, 0x01B2, 0x01B2,
    0x01B2, 0x01B3, 0x01B3, 0x01B3, 0x01B3, 0x01B3, 0x01B3, 0x01B3, 0x01D3, 0x01D3, 0x01D3, 0x01D3,
    0x01D3, 0x01D3, 0x01D3, 0x01D4, 0x01D4, 0x01D4, 0x01D4, 0x01D4, 0x01D4, 0x01D4, 0x01D4, 0x01F4,
    0x01F4, 0x01F4, 0x01F4, 0x01F4, 0x01F4, 0x01F4, 0x01F4, 0x01F4, 0x01F4, 0x01F4, 0x01F4, 0x01F4,
    0x01F4, 0x01F4, 0x0214, 0x0214, 0x0214, 0x0214, 0x0214, 0x0215, 0x0215, 0x0235, 0x0235, 0x0235,
    0x0235, 0x0235, 0x0255, 0x0255, 0x0255, 0x0255, 0x0255, 0x0275, 0x0276, 0x0296, 0x02B6, 0x02B7,
    0x02D7, 0x02F7, 0x02F7, 0x0318, 0x0318, 0x0339, 0x0359, 0x039A, 0x03BB, 0x041C, 0x045C, 0x049D,
    0x04DE, 0x0D3F, 0x157F, 0x25BF, 0x259F, 0x155F, 0x0CFF, 0x045F, 0x03FE, 0x039C, 0x035B, 0x031A,
    0x1BBA, 0x0339, 0x0376, 0x040E, 0x03CC, 0x038B, 0x85C6, 0xFFC2, 0xFF61, 0xFF21, 0xFEC6, 0xFE66,
    0xDCE0, 0xEDA0, 0xFE80, 0xBDC1, 0x0305, 0x0346, 0x0347, 0x02C8, 0x010C, 0x00EB, 0x014E, 0x016F,
    0x00CA, 0x00EB, 0x00EB, 0x00EA, 0x00CA, 0x00CA, 0x00CA, 0x00CA, 0x00CA, 0x00CA, 0x00CA, 0x00EA,
    0x00EA, 0x00EA, 0x00EB, 0x00EB, 0x00EB, 0x00EB, 0x00EB, 0x010B, 0x00EB, 0x010C, 0x010C, 0x010D,
    0x012D, 0x012D, 0x012E, 0x014F, 0x0150, 0x0150, 0x0170, 0x0170, 0x0170, 0x0150, 0x012F, 0x012F,
    0x012F, 0x012F, 0x012F, 0x012F, 0x012E, 0x012F, 0x012F, 0x012F, 0x012F, 0x014F, 0x014F, 0x0150,
    0x0150, 0x014F, 0x0150, 0x0150, 0x0150, 0x0150, 0x0150, 0x0150, 0x0150, 0x0150, 0x0150, 0x0150,
    0x0151, 0x0151, 0x0151, 0x0151, 0x0151, 0x0171, 0x0171, 0x0171, 0x0171, 0x0171, 0x0171, 0x0171,
    0x0171, 0x0171, 0x0171, 0x0171, 0x0171, 0x0171, 0x0172, 0x0172, 0x0172, 0x0172, 0x0172, 0x0172,
    0x0171, 0x0171, 0x0172, 0x0192, 0x0192, 0x0192, 0x0191, 0x0191, 0x0191, 0x0192, 0x0192, 0x0192,
    0x0192, 0x01B2, 0x01B2, 0x01B2, 0x01B2, 0x01B2, 0x01D2, 0x01B2, 0x01D2, 0x01D2, 0x01D3, 0x01F3,
    0x01F3, 0x0213, 0x0214, 0x0214, 0x0234, 0x0255, 0x0255, 0x0255, 0x0275, 0x0275, 0x0296, 0x02D7,
    0x02F8, 0x0318, 0x0359, 0x035A, 0x037A, 0x039C, 0x03BC, 0x03BD, 0x03BD, 0x039D, 0x035C, 0x033B,
    0x02FA, 0x02D9, 0x02B8, 0x0277, 0x0AD8, 0x1B78, 0x0295, 0x032F, 0x03EA, 0x03EA, 0x03E9, 0xBE62,
    0xFF40, 0xF6A0, 0xF641, 0xF606, 0xDCE0, 0xED80, 0xF620, 0x2363, 0x0305, 0x0387, 0x03A8, 0x01AB,
    0x00EB, 0x010B, 0x018F, 0x00EB, 0x00EA, 0x00EA, 0x00CA, 0x00CA, 0x00CA, 0x00CA, 0x00CA, 0x00C9,
    0x00C9, 0x00C9, 0x00CA, 0x00CA, 0x00CA, 0x00CA, 0x00CA, 0x00EA, 0x00EA, 0x00EA, 0x00EA, 0x00EB,
    0x00EB, 0x00EB, 0x00EB, 0x010C, 0x010C, 0x010C, 0x010D, 0x010D, 0x010D, 0x012D, 0x012E, 0x012E,
    0x012E, 0x012E, 0x010D, 0x012D, 0x012E, 0x012D, 0x010D, 0x012E, 0x012E, 0x012E, 0x012E, 0x012E,
    0x012E, 0x012E, 0x012E, 0x012E, 0x012E, 0x012F, 0x012F, 0x012F, 0x012F, 0x012F, 0x012F, 0x012F,
    0x012F, 0x012F, 0x0150, 0x0150, 0x0150, 0x0150, 0x0150, 0x0150, 0x0150, 0x0150, 0x0150, 0x0150,
    0x0150, 0x0150, 0x0150, 0x0170, 0x0150, 0x0150, 0x0150, 0x0150, 0x0171, 0x0171, 0x0151, 0x0151,
    0x0171, 0x0151, 0x0171, 0x0171, 0x0151, 0x0171, 0x0171, 0x0171, 0x0171, 0x0171, 0x0170, 0x0171,
    0x0171, 0x0171, 0x0171, 0x0171, 0x0171, 0x0171, 0x0191, 0x0191, 0x0191, 0x0191, 0x0191, 0x0191,
    0x0191, 0x0191, 0x01B1, 0x01B2, 0x01D2, 0x01D2, 0x01D2, 0x01F3, 0x01F3, 0x0213, 0x0214, 0x0234,
    0x0234, 0x0255, 0x0255, 0x0276, 0x0296, 0x02B7, 0x02D7, 0x02D8, 0x02F8, 0x02F9, 0x0319, 0x0319,
    0x02FA, 0x02D9, 0x02D9, 0x02B8, 0x0298, 0x0277, 0x0276, 0x0256, 0x0215, 0x1AD6, 0x0AB5, 0x0294,
    0x040C, 0x0409, 0x03E8, 0x2466, 0xF6E0, 0xFEA0, 0xEE00, 0xEDA1, 0xCC60, 0xED60, 0x6C21, 0x02A4,
    0x0325, 0x0386, 0x02AA, 0x00EC, 0x00EB, 0x016E, 0x012D, 0x00CA, 0x00CA, 0x00CA, 0x00C9, 0x00C9,
    0x00C9, 0x00C9, 0x00C9, 0x00C9, 0x00C9, 0x00C9, 0x00C9, 0x00C9, 0x00C9, 0x00C9, 0x00C9, 0x00CA,
    0x00CA, 0x00CA, 0x00CA, 0x00CA, 0x00CA, 0x00EB, 0x00EB, 0x00EB, 0x00EB, 0x00EC, 0x00EC, 0x00EC,
    0x010C, 0x010C, 0x010D, 0x010D, 0x010D, 0x010D, 0x010D, 0x010D, 0x010D, 0x010D, 0x010D, 0x010D,
    0x010D, 0x010D, 0x010D, 0x010E, 0x010E, 0x010E, 0x010E, 0x010E, 0x010E, 0x010E, 0x012E, 0x012E,
    0x012E, 0x012E, 0x012E, 0x012E, 0x012F, 0x012F, 0x012F, 0x012F, 0x012F, 0x012F, 0x012F, 0x012F,
    0x012F, 0x0130, 0x0130, 0x012F, 0x0130, 0x0150, 0x0150, 0x0150, 0x0150, 0x0150, 0x0150, 0x0150,
    0x0150, 0x0150, 0x0150, 0x0150, 0x0150, 0x0150, 0x0150, 0x0150, 0x0150, 0x0150, 0x0150, 0x0150,
    0x0150, 0x0150, 0x0150, 0x0150, 0x0150, 0x0150, 0x0150, 0x0150, 0x0150, 0x0150, 0x0170, 0x0170,
    0x0170, 0x0170, 0x0170, 0x0170, 0x0170, 0x0170, 0x0170, 0x0191, 0x0191, 0x0191, 0x01B1, 0x01B2,
    0x01D2, 0x01D2, 0x01D3, 0x01F3, 0x0213, 0x0214, 0x0234, 0x0234, 0x0255, 0x0255, 0x0276, 0x0276,
    0x0297, 0x0297, 0x0297, 0x0297, 0x0297, 0x0277, 0x0277, 0x0256, 0x0256, 0x0235, 0x0215, 0x0215,
    0x01F4, 0x0214, 0x1B37, 0x0235, 0x02F1, 0x0429, 0x0408, 0x03C7, 0x6D23, 0xFEA0, 0xEDE0, 0xE560,
    0xCC40, 0xAC60, 0x0263, 0x02C4, 0x0325, 0x0328, 0x012B, 0x00EA, 0x012C, 0x018F, 0x00C9, 0x00CA,
    0x00C9, 0x00C9, 0x00A9, 0x00A9, 0x00A9, 0x00A9, 0x00A9, 0x00A8, 0x00A9, 0x00A9, 0x00A9, 0x00A9,
    0x00A9, 0x00A9, 0x00A9, 0x00A9, 0x00A9, 0x00C9, 0x00C9, 0x00CA, 0x00CA, 0x00CA, 0x00CA, 0x00CB,
    0x00CB, 0x00CB, 0x00EB, 0x00EB, 0x00EB, 0x00EB, 0x00EC, 0x00EC, 0x00EC, 0x00EC, 0x00EC, 0x00EC,
    0x00EC, 0x00EC, 0x00EC, 0x00EC, 0x00EC, 0x010D, 0x010D, 0x010D, 0x00ED, 0x010D, 0x00ED, 0x00ED,
    0x00ED, 0x00ED, 0x010D, 0x010D, 0x010E, 0x010E, 0x010E, 0x010E, 0x010E, 0x010E, 0x010E, 0x010E,
    0x010E, 0x010E, 0x010F, 0x010F, 0x010F, 0x012F, 0x012F, 0x012F, 0x012F, 0x012F, 0x012F, 0x012F,
    0x012F, 0x012F, 0x012F, 0x012F, 0x012F, 0x012F, 0x012F, 0x012F, 0x012F, 0x012F, 0x012F, 0x012F,
    0x012F, 0x012F, 0x012F, 0x012F, 0x012F, 0x012F, 0x012F, 0x012F, 0x012F, 0x012F, 0x012F, 0x012F,
    0x012F, 0x012F, 0x012F, 0x014F, 0x014F, 0x014F, 0x0150, 0x0150, 0x014F, 0x014F, 0x0150, 0x0150,
    0x0170, 0x0170, 0x0190, 0x0191, 0x0191, 0x01B1, 0x01B2, 0x01B2, 0x01D2, 0x01D3, 0x01D3, 0x01F3,
    0x01F4, 0x0214, 0x0234, 0x0235, 0x0235, 0x0255, 0x0235, 0x0235, 0x0235, 0x0235, 0x0215, 0x0215,
    0x0214, 0x01F4, 0x01F4, 0x01F4, 0x01F3, 0x01B3, 0x1275, 0x12B5, 0x01B2, 0x038D, 0x0448, 0x0407,
    0x03C5, 0xAD81, 0xF5E0, 0xDD40, 0xBC00, 0x2A82, 0x0223, 0x0284, 0x0305, 0x01CA, 0x00CB, 0x00EA,
    0x01AF, 0x00EB, 0x00C9, 0x00C9, 0x00A9, 0x00A9, 0x00A8, 0x00A8, 0x00A8, 0x00A8, 0x00A8, 0x00A8,
    0x00A8, 0x00A8, 0x00A8, 0x00A8, 0x00A8, 0x00A8, 0x00A8, 0x00A8, 0x00A9, 0x00A9, 0x00A9, 0x00A9,
    0x00C9, 0x00C9, 0x00CA, 0x00CA, 0x00CA, 0x00CA, 0x00CA, 0x00CB, 0x00CB, 0x00CB, 0x00EB, 0x00EB,
    0x00EB, 0x00EB, 0x00EB, 0x00EB, 0x00EC, 0x00EC, 0x00EC, 0x00EC, 0x00EC, 0x00EC, 0x00EC, 0x00EC,
    0x00EC, 0x00EC, 0x00EC, 0x00EC, 0x00ED, 0x00ED, 0x00ED, 0x00ED, 0x010D, 0x00ED, 0x00ED, 0x010D,
    0x010D, 0x010D, 0x010D, 0x010E, 0x010E, 0x010E, 0x010E, 0x010E, 0x010E, 0x010E, 0x010E, 0x010E,
    0x010E, 0x010E, 0x010E, 0x010E, 0x010E, 0x010E, 0x010E, 0x010E, 0x010E, 0x010E, 0x010E, 0x010E,
    0x010E, 0x010E, 0x010E, 0x010E, 0x010E, 0x010E, 0x010E, 0x010E, 0x010E, 0x010E, 0x010E, 0x010E,
    0x012E, 0x010E, 0x010E, 0x010E, 0x010E, 0x012E, 0x012E, 0x012E, 0x012E, 0x012E, 0x012F, 0x012F,
    0x012F, 0x012F, 0x014F, 0x014F, 0x014F, 0x014F, 0x0150, 0x0170, 0x0170, 0x0170, 0x0170, 0x0191,
    0x0191, 0x01B1, 0x01B2, 0x01B2, 0x01B2, 0x01D3, 0x01F3, 0x01F3, 0x01F3, 0x01F4, 0x01F4, 0x01F4,
    0x01F4, 0x01F4, 0x01F4, 0x01F3, 0x01D3, 0x01D3, 0x01D3, 0x01D3, 0x01D2, 0x01D2, 0x0191, 0x1AB5,
    0x0213, 0x0231, 0x0409, 0x03E7, 0x03A6, 0x1BA4, 0xD560, 0xD500, 0x4A61, 0x0183, 0x0203, 0x0264,
    0x0227, 0x00A9, 0x00C9, 0x016D, 0x016D, 0x0088, 0x00A9, 0x00A8, 0x00A8, 0x00A8, 0x00A8, 0x00A8,
    0x00A8, 0x00A8, 0x00A8, 0x00A8, 0x00A7, 0x00A7, 0x00A7, 0x00A8, 0x00A8, 0x00A8, 0x00A8, 0x00A8,
    0x00A8, 0x00A8, 0x00A8, 0x00A9, 0x00A9, 0x00A9, 0x00A9, 0x00C9, 0x00CA, 0x00CA, 0x00CA, 0x00CA,
    0x00CA, 0x00CA, 0x00CA, 0x00CA, 0x00CB, 0x00CB, 0x00EB, 0x00EB, 0x00CB, 0x00CB, 0x00CB, 0x00CB,
    0x00EB, 0x00EB, 0x00EB, 0x00EB, 0x00EB, 0x00EC, 0x00EC, 0x00EC, 0x00EC, 0x00EC, 0x00EC, 0x00EC,
    0x00EC, 0x00EC, 0x00EC, 0x00EC, 0x00ED, 0x00ED, 0x010D, 0x010D, 0x00ED, 0x00ED, 0x00ED, 0x00ED,
    0x010D, 0x010D, 0x010D, 0x010D, 0x010D, 0x010D, 0x010D, 0x010D, 0x010D, 0x010D, 0x010D, 0x010D,
    0x010D, 0x010D, 0x010D, 0x010D, 0x010D, 0x010D, 0x010D, 0x010E, 0x010D, 0x010E, 0x010E, 0x010D,
    0x010D, 0x010D, 0x010D, 0x010D, 0x010D, 0x010D, 0x010D, 0x010D, 0x010D, 0x010D, 0x010D, 0x010D,
    0x010D, 0x010D, 0x010D, 0x012E, 0x012E, 0x012E, 0x012E, 0x012E, 0x012E, 0x012E, 0x014F, 0x014F,
    0x014F, 0x014F, 0x014F, 0x016F, 0x0170, 0x0170, 0x0190, 0x0191, 0x0191, 0x01B1, 0x01B1, 0x01B2,
    0x01B2, 0x01B2, 0x01D2, 0x01D2, 0x01B2, 0x01B2, 0x01B2, 0x01B2, 0x01B2, 0x01B2, 0x01B2, 0x01B1,
    0x0191, 0x0191, 0x0191, 0x09F3, 0x12B4, 0x0171, 0x028E, 0x03C7, 0x0386, 0x0305, 0x53C2, 0xCCC0,
    0x0162, 0x0182, 0x01C3, 0x0224, 0x00E8, 0x00A8, 0x00EA, 0x01AE, 0x00A8, 0x00A8, 0x00A8, 0x00A8,
    0x00A8, 0x00A8, 0x00A8, 0x00A8, 0x0088, 0x0088, 0x0087, 0x0087, 0x0087, 0x0087, 0x0087, 0x00A7,
    0x00A7, 0x00A8, 0x00A8, 0x00A8, 0x00A8, 0x00A8, 0x00A8, 0x00A8, 0x00A9, 0x00A9, 0x00A9, 0x00C9,
    0x00C9, 0x00CA, 0x00CA, 0x00CA, 0x00CA, 0x00CA, 0x00CA, 0x00CA, 0x00CA, 0x00CA, 0x00CB, 0x00CB,
    0x00CB, 0x00CB, 0x00CB, 0x00CB, 0x00CB, 0x00CB, 0x00CB, 0x00CB, 0x00CB, 0x00EB, 0x00EB, 0x00EB,
    0x00EB, 0x00EC, 0x00EC, 0x00EC, 0x00EC, 0x00EC, 0x00EC, 0x00EC, 0x00EC, 0x00EC, 0x00EC, 0x00EC,
    0x00EC, 0x00EC, 0x00ED, 0x00ED, 0x00ED, 0x00ED, 0x00ED, 0x00ED, 0x00ED, 0x010D, 0x010D, 0x010D,
    0x010D, 0x010D, 0x010D, 0x00ED, 0x010D, 0x010D, 0x00ED, 0x00ED, 0x00ED, 0x00ED, 0x00ED, 0x00ED,
    0x00ED, 0x00ED, 0x010D, 0x010D, 0x00ED, 0x00ED, 0x00ED, 0x00ED, 0x010D, 0x010D, 0x010D, 0x00ED,
    0x00ED, 0x010D, 0x010D, 0x010D, 0x010D, 0x010D, 0x010D, 0x010D, 0x010D, 0x010D, 0x010D, 0x010D,
    0x012E, 0x012E, 0x012E, 0x012E, 0x012E, 0x012E, 0x012E, 0x014F, 0x014F, 0x014F, 0x016F, 0x0170,
    0x0170, 0x0170, 0x0170, 0x0191, 0x0191, 0x0191, 0x0191, 0x0191, 0x0191, 0x0191, 0x0191, 0x01B2,
    0x01B2, 0x01B2, 0x01B2, 0x01D3, 0x01F3, 0x01B2, 0x0191, 0x0170, 0x0A54, 0x0A12, 0x016F, 0x030A,
    0x0345, 0x0305, 0x02A4, 0x6B61, 0x0142, 0x0162, 0x01C3, 0x0166, 0x0088, 0x00A7, 0x01AE, 0x010A,
    0x0088, 0x00A8, 0x00A8, 0x00A8, 0x00A8, 0x00A8, 0x00A9, 0x0087, 0x0087, 0x0087, 0x0087, 0x0087,
    0x0087, 0x0087, 0x0087, 0x0087, 0x0087, 0x0087, 0x0087, 0x00A8, 0x00A8, 0x00A8, 0x00A8, 0x00A8,
    0x00A8, 0x00A8, 0x00A9, 0x00A9, 0x00A9, 0x00A9, 0x00C9, 0x00C9, 0x00A9, 0x00C9, 0x00CA, 0x00CA,
    0x00CA, 0x00CA, 0x00CA, 0x00CA, 0x00CA, 0x00CA, 0x00CA, 0x00CA, 0x00CB, 0x00CB, 0x00CB, 0x00CB,
    0x00CB, 0x00CB, 0x00CB, 0x00CB, 0x00CB, 0x00CB, 0x00EB, 0x00CB, 0x00CB, 0x00EC, 0x00EC, 0x00EC,
    0x00EC, 0x00EC, 0x00EC, 0x00EC, 0x00EC, 0x00EC, 0x00EC, 0x00EC, 0x00EC, 0x00EC, 0x00ED, 0x00ED,
    0x00ED, 0x00ED, 0x00ED, 0x00EC, 0x00ED, 0x00ED, 0x00ED, 0x00ED, 0x00ED, 0x00ED, 0x00ED, 0x00ED,
    0x00EC, 0x00EC, 0x00ED, 0x00ED, 0x00EC, 0x00ED, 0x00EC, 0x00EC, 0x00EC, 0x00EC, 0x00EC, 0x00EC,
    0x00EC, 0x00EC, 0x00EC, 0x00EC, 0x00EC, 0x00EC, 0x00EC, 0x00EC, 0x00EC, 0x00EC, 0x00EC, 0x00EC,
    0x00EC, 0x00EC, 0x010D, 0x010D, 0x010D, 0x010D, 0x010D, 0x010D, 0x010D, 0x010D, 0x012E, 0x012E,
    0x012E, 0x012E, 0x014F, 0x014F, 0x014F, 0x014F, 0x014F, 0x0170, 0x0170, 0x0170, 0x0170, 0x0170,
    0x0170, 0x0170, 0x016F, 0x0171, 0x01B3, 0x0192, 0x0192, 0x0192, 0x01D3, 0x0234, 0x0171, 0x0170,
    0x0191, 0x0A94, 0x016F, 0x018D, 0x0306, 0x02C4, 0x0264, 0x0A43, 0x0122, 0x0142, 0x0164, 0x0086,
    0x0066, 0x010A, 0x018D, 0x0087, 0x00A8, 0x0087, 0x0087, 0x0087, 0x0087, 0x00A9, 0x00A7, 0x0087,
    0x0087, 0x0086, 0x0086, 0x0086, 0x0087, 0x0087, 0x0087, 0x0087, 0x0087, 0x0087, 0x0087, 0x0087,
    0x00A7, 0x00A8, 0x00A8, 0x00A8, 0x00A8, 0x00A8, 0x00A8, 0x00A8, 0x00A9, 0x00A9, 0x00A9, 0x00A9,
    0x00A9, 0x00A9, 0x00A9, 0x00A9, 0x00A9, 0x00CA, 0x00CA, 0x00CA, 0x00CA, 0x00CA, 0x00CA, 0x00CA,
    0x00CA, 0x00CA, 0x00CA, 0x00CB, 0x00CB, 0x00CB, 0x00CB, 0x00CB, 0x00CB, 0x00CB, 0x00CB, 0x00CB,
    0x00CB, 0x00CB, 0x00CB, 0x00CB, 0x00CB, 0x00CB, 0x00CB, 0x00CB, 0x00CC, 0x00EC, 0x00CC, 0x00EC,
    0x00CC, 0x00CC, 0x00EC, 0x00EC, 0x00EC, 0x00EC, 0x00EC, 0x00EC, 0x00EC, 0x00EC, 0x00EC, 0x00EC,
    0x00EC, 0x00EC, 0x00EC, 0x00EC, 0x00EC, 0x00EC, 0x00EC, 0x00EC, 0x00EC, 0x00EC, 0x00CC, 0x00EC,
    0x00CC, 0x00EC, 0x00EC, 0x00EC, 0x00EC, 0x00EC, 0x00EC, 0x00EC, 0x00EC, 0x00EC, 0x00EC, 0x00EC,
    0x00EC, 0x00EC, 0x00EC, 0x00EB, 0x00EB, 0x00EC, 0x00EC, 0x00EC, 0x00EC, 0x00EC, 0x010C, 0x010D,
    0x010D, 0x010D, 0x010D, 0x010D, 0x012D, 0x012D, 0x012E, 0x012E, 0x012E, 0x014E, 0x014F, 0x014F,
    0x014F, 0x014F, 0x014F, 0x014F, 0x014F, 0x014F, 0x014E, 0x014E, 0x0191, 0x0193, 0x0193, 0x0193,
    0x0192, 0x0214, 0x01F3, 0x0170, 0x0170, 0x01F2, 0x0231, 0x00EC, 0x01E9, 0x02A4, 0x0224, 0x0203,
    0x0101, 0x0142, 0x00A5, 0x0066, 0x0086, 0x018D, 0x00A8, 0x0087, 0x0087, 0x0087, 0x0087, 0x0086,
    0x00A8, 0x00A8, 0x0066, 0x0086, 0x0086, 0x0086, 0x0086, 0x0086, 0x0086, 0x0086, 0x0086, 0x0086,
    0x0086, 0x0086, 0x0087, 0x0087, 0x0087, 0x0087, 0x0087, 0x0087, 0x00A8, 0x00A8, 0x00A8, 0x00A8,
    0x00A8, 0x00A8, 0x00A8, 0x00A8, 0x00A9, 0x00A9, 0x00A9, 0x00A9, 0x00A9, 0x00A9, 0x00A9, 0x00A9,
    0x00A9, 0x00CA, 0x00CA, 0x00C9, 0x00CA, 0x00CA, 0x00CA, 0x00CA, 0x00CA, 0x00CA, 0x00CA, 0x00CA,
    0x00CA, 0x00CA, 0x00CA, 0x00CA, 0x00CA, 0x00CA, 0x00CA, 0x00CB, 0x00CB, 0x00CB, 0x00CB, 0x00CB,
    0x00CB, 0x00CB, 0x00CB, 0x00CB, 0x00CB, 0x00CB, 0x00CB, 0x00CB, 0x00CB, 0x00CB, 0x00CB, 0x00CB,
    0x00CB, 0x00CB, 0x00CB, 0x00CB, 0x00CB, 0x00CB, 0x00CB, 0x00CB, 0x00CB, 0x00CB, 0x00CB, 0x00CB,
    0x00CB, 0x00CB, 0x00CB, 0x00CB, 0x00CB, 0x00CB, 0x00CB, 0x00CB, 0x00CB, 0x00CB, 0x00CB, 0x00CB,
    0x00CB, 0x00CB, 0x00CB, 0x00CB, 0x00CB, 0x00CB, 0x00CB, 0x00CB, 0x00CB, 0x00CB, 0x00CB, 0x00EB,
    0x00EB, 0x00EC, 0x00EC, 0x00EC, 0x010C, 0x010C, 0x010C, 0x010C, 0x010D, 0x010D, 0x010D, 0x010D,
    0x012D, 0x012D, 0x012E, 0x012E, 0x012E, 0x012E, 0x012E, 0x014E, 0x012E, 0x012E, 0x012E, 0x012D,
    0x012E, 0x0193, 0x0193, 0x0192, 0x0192, 0x0193, 0x0276, 0x0191, 0x014F, 0x012E, 0x0212, 0x014C,
    0x00EA, 0x0206, 0x0223, 0x01C3, 0x0101, 0x00C3, 0x0065, 0x0044, 0x012B, 0x010A, 0x0066, 0x0087,
    0x0086, 0x0086, 0x0086, 0x0086, 0x00A9, 0x0066, 0x0066, 0x0066, 0x0066, 0x0066, 0x0066, 0x0066,
    0x0066, 0x0066, 0x0066, 0x0066, 0x0066, 0x0066, 0x0086, 0x0086, 0x0086, 0x0087, 0x0087, 0x0087,
    0x0087, 0x0087, 0x0087, 0x0087, 0x0088, 0x00A8, 0x0088, 0x00A8, 0x00A8, 0x00A8, 0x00A8, 0x00A8,
    0x00A8, 0x00A8, 0x00A8, 0x00A8, 0x00A9, 0x00A9, 0x00A9, 0x00A9, 0x00A9, 0x00A9, 0x00A9, 0x00A9,
    0x00A9, 0x00A9, 0x00A9, 0x00A9, 0x00A9, 0x00A9, 0x00AA, 0x00AA, 0x00AA, 0x00AA, 0x00AA, 0x00AA,
    0x00AA, 0x00AA, 0x00AA, 0x00CA, 0x00CA, 0x00CA, 0x00CA, 0x00CA, 0x00AA, 0x00AA, 0x00CA, 0x00AA,
    0x00AA, 0x00CA, 0x00CA, 0x00CA, 0x00CA, 0x00CA, 0x00CA, 0x00CA, 0x00AA, 0x00AA, 0x00AA, 0x00CA,
    0x00AA, 0x00CA, 0x00CA, 0x00CA, 0x00AA, 0x00CA, 0x00CA, 0x00AA, 0x00AA, 0x00CA, 0x00CA, 0x00AA,
    0x00AA, 0x00CA, 0x00CA, 0x00AA, 0x00AA, 0x00CA, 0x00CA, 0x00CA, 0x00CA, 0x00CA, 0x00CA, 0x00CA,
    0x00CA, 0x00CA, 0x00CA, 0x00CA, 0x00CA, 0x00CB, 0x00CB, 0x00CB, 0x00EB, 0x00EB, 0x00EB, 0x00EB,
    0x00EC, 0x00EC, 0x00EC, 0x010C, 0x010C, 0x010D, 0x010D, 0x010D, 0x010D, 0x012D, 0x012D, 0x012D,
    0x012E, 0x012D, 0x012D, 0x012D, 0x010C, 0x0150, 0x0193, 0x0173, 0x0193, 0x0172, 0x01F4, 0x0275,
    0x012E, 0x012E, 0x016F, 0x0211, 0x00C9, 0x0109, 0x01E4, 0x01A3, 0x00C2, 0x0064, 0x0044, 0x00A6,
    0x014C, 0x0086, 0x0087, 0x0086, 0x0086, 0x0086, 0x0066, 0x00C9, 0x0087, 0x0065, 0x0066, 0x0065,
    0x0065, 0x0065, 0x0065, 0x0065, 0x0065, 0x0065, 0x0066, 0x0066, 0x0066, 0x0066, 0x0086, 0x0086,
    0x0086, 0x0086, 0x0086, 0x0087, 0x0087, 0x0087, 0x0087, 0x0087, 0x0087, 0x0087, 0x0087, 0x0088,
    0x0088, 0x0088, 0x0088, 0x00A8, 0x0088, 0x00A8, 0x0088, 0x00A8, 0x0088, 0x00A8, 0x00A8, 0x00A8,
    0x00A8, 0x00A9, 0x00A9, 0x00A9, 0x00A9, 0x00A9, 0x00A9, 0x00A9, 0x00A9, 0x00A9, 0x00A9, 0x00A9,
    0x00A9, 0x00A9, 0x00A9, 0x00A9, 0x00A9, 0x00AA, 0x00AA, 0x00AA, 0x00AA, 0x00AA, 0x00AA, 0x00AA,
    0x00AA, 0x00AA, 0x00AA, 0x00AA, 0x00AA, 0x00AA, 0x00AA, 0x00AA, 0x00AA, 0x00AA, 0x00AA, 0x00AA,
    0x00AA, 0x00AA, 0x00AA, 0x00AA, 0x00AA, 0x00AA, 0x00AA, 0x00AA, 0x00AA, 0x00AA, 0x00AA, 0x00AA,
    0x00AA, 0x00AA, 0x00AA, 0x00AA, 0x00AA, 0x00AA, 0x00AA, 0x00AA, 0x00AA, 0x00AA, 0x00AA, 0x00AA,
    0x00AA, 0x00AA, 0x00AA, 0x00CA, 0x00CA, 0x00CA, 0x00AA, 0x00CA, 0x00CA, 0x00CA, 0x00CA, 0x00CA,
    0x00CA, 0x00CB, 0x00CB, 0x00CB, 0x00EB, 0x00EB, 0x00EB, 0x00EC, 0x00EC, 0x00EC, 0x010C, 0x010C,
    0x010C, 0x010C, 0x010D, 0x010D, 0x010D, 0x010D, 0x010D, 0x010D, 0x010D, 0x010C, 0x0171, 0x0193,
    0x0193, 0x0193, 0x0172, 0x0276, 0x01F2, 0x010D, 0x012D, 0x01D1, 0x016D, 0x00A8, 0x0127, 0x0183,
    0x0064, 0x0044, 0x0043, 0x012B, 0x00C8, 0x0086, 0x0087, 0x0086, 0x0086, 0x0066, 0x0087, 0x00C9,
    0x0065, 0x0066, 0x0065, 0x0065, 0x0065, 0x0065, 0x0065, 0x0065, 0x0065, 0x0065, 0x0065, 0x0065,
    0x0066, 0x0066, 0x0066, 0x0066, 0x0066, 0x0066, 0x0066, 0x0086, 0x0087, 0x0087, 0x0087, 0x0087,
    0x0087, 0x0087, 0x0087, 0x0087, 0x0088, 0x0088, 0x0088, 0x0088, 0x0088, 0x0088, 0x0088, 0x0088,
    0x0088, 0x00A8, 0x00A8, 0x00A8, 0x00A8, 0x00A8, 0x00A8, 0x00A8, 0x00A8, 0x00A9, 0x00A9, 0x00A9,
    0x00A9, 0x00A9, 0x00A9, 0x00A9, 0x00A9, 0x00A9, 0x00A9, 0x00A9, 0x00A9, 0x00A9, 0x00A9, 0x00A9,
    0x00A9, 0x00A9, 0x00A9, 0x00A9, 0x00A9, 0x00A9, 0x00A9, 0x00AA, 0x00AA, 0x00AA, 0x00AA, 0x00AA,
    0x00AA, 0x00AA, 0x00A9, 0x00A9, 0x00AA, 0x00AA, 0x00AA, 0x00AA, 0x00AA, 0x00AA, 0x00AA, 0x00AA,
    0x00AA, 0x00A9, 0x00A9, 0x00A9, 0x00A9, 0x00A9, 0x00A9, 0x00AA, 0x00A9, 0x00A9, 0x00A9, 0x00A9,
    0x00A9, 0x00A9, 0x00A9, 0x00A9, 0x00A9, 0x00A9, 0x00A9, 0x00A9, 0x00A9, 0x00A9, 0x00A9, 0x00A9,
    0x00A9, 0x00AA, 0x00CA, 0x00CA, 0x00CA, 0x00CA, 0x00CA, 0x00CA, 0x00CA, 0x00CB, 0x00CB, 0x00EB,
    0x00EB, 0x00EB, 0x00EB, 0x00EC, 0x010C, 0x010C, 0x010C, 0x010C, 0x010C, 0x010C, 0x010C, 0x010D,
    0x010C, 0x00EB, 0x012D, 0x0193, 0x0193, 0x0192, 0x0192, 0x0193, 0x02D6, 0x016F, 0x012D, 0x012D,
    0x01F1, 0x00C9, 0x00A7, 0x0145, 0x0044, 0x0043, 0x00A7, 0x00EA, 0x0066, 0x0086, 0x0086, 0x0086,
    0x0086, 0x0086, 0x00CA, 0x0087, 0x0086, 0x0066, 0x0066, 0x0065, 0x0065, 0x0065, 0x0065, 0x0065,
    0x0065, 0x0065, 0x0066, 0x0066, 0x0066, 0x0066, 0x0086, 0x0086, 0x0086, 0x0086, 0x0086, 0x0087,
    0x0087, 0x0087, 0x0087, 0x0087, 0x0087, 0x0087, 0x0087, 0x00A8, 0x0088, 0x00A8, 0x00A8, 0x0088,
    0x0088, 0x00A8, 0x00A8, 0x00A8, 0x00A8, 0x00A8, 0x00A8, 0x00A8, 0x00A8, 0x00A8, 0x00A9, 0x00A9,
    0x00A9, 0x00A9, 0x00A9, 0x00A9, 0x00A9, 0x00A9, 0x00A9, 0x00A9, 0x00A9, 0x00A9, 0x00A9, 0x00A9,
    0x00A9, 0x00A9, 0x00A9, 0x00A9, 0x00A9, 0x00A9, 0x00AA, 0x00AA, 0x00AA, 0x00AA, 0x00AA, 0x00CA,
    0x00AA, 0x00AA, 0x00AA, 0x00AA, 0x00AA, 0x00AA, 0x00AA, 0x00AA, 0x00CA, 0x00CA, 0x00AA, 0x00AA,
    0x00CA, 0x00AA, 0x00AA, 0x00AA, 0x00AA, 0x00AA, 0x00AA, 0x00AA, 0x00AA, 0x00AA, 0x00AA, 0x00AA,
    0x00CA, 0x00CA, 0x00C9, 0x00A9, 0x00C9, 0x00A9, 0x00A9, 0x00A9, 0x00A9, 0x00A9, 0x00A9, 0x00C9,
    0x00CA, 0x00CA, 0x00CA, 0x00C9, 0x00CA, 0x00CA, 0x00CA, 0x00CA, 0x00CA, 0x00CA, 0x00CA, 0x00CA,
    0x00EB, 0x00EB, 0x00EB, 0x00EB, 0x00EB, 0x00EB, 0x00EB, 0x00EC, 0x010C, 0x010C, 0x010C, 0x010C,
    0x010C, 0x010C, 0x010C, 0x010C, 0x010C, 0x010C, 0x00EB, 0x014F, 0x0194, 0x0193, 0x0193, 0x0173,
    0x0235, 0x0294, 0x00ED, 0x012D, 0x016F, 0x016D, 0x0087, 0x00C7, 0x0043, 0x0044, 0x014D, 0x00A8,
    0x00C8, 0x00C9, 0x00C9, 0x00C8, 0x00A8, 0x00EA, 0x00A8, 0x0065, 0x0066, 0x0065, 0x0065, 0x0065,
    0x0065, 0x0065, 0x0065, 0x0065, 0x0065, 0x0065, 0x0065, 0x0065, 0x0065, 0x0065, 0x0066, 0x0066,
    0x0066, 0x0066, 0x0086, 0x0086, 0x0086, 0x0086, 0x0086, 0x0086, 0x0087, 0x0087, 0x0087, 0x0087,
    0x0087, 0x0087, 0x0087, 0x0087, 0x0087, 0x0087, 0x0087, 0x0087, 0x0087, 0x0088, 0x0088, 0x0088,
    0x00A8, 0x00A8, 0x00A8, 0x00A8, 0x0088, 0x00A8, 0x00A8, 0x00A8, 0x00A8, 0x00A8, 0x00A8, 0x00A8,
    0x00A8, 0x00A8, 0x00A8, 0x00A9, 0x00A9, 0x00A8, 0x00A8, 0x00A9, 0x00A9, 0x00A9, 0x00A9, 0x00A9,
    0x00A9, 0x00A9, 0x00A9, 0x00A9, 0x00A9, 0x00A9, 0x00A9, 0x00A9, 0x00A9, 0x00A9, 0x00A9, 0x00A9,
    0x00A9, 0x00A9, 0x00A9, 0x00A9, 0x00A9, 0x00A9, 0x00A9, 0x00A9, 0x00A9, 0x00A9, 0x00A9, 0x00A9,
    0x00A9, 0x00A9, 0x00A9, 0x00A9, 0x00A9, 0x00A9, 0x00A9, 0x00A9, 0x00A9, 0x00A9, 0x00A9, 0x00A9,
    0x00A9, 0x00A9, 0x00A9, 0x00A9, 0x00A9, 0x00A9, 0x00A9, 0x00A9, 0x00A9, 0x00C9, 0x00C9, 0x00C9,
    0x00C9, 0x00C9, 0x00C9, 0x00CA, 0x00CA, 0x00CA, 0x00CA, 0x00CA, 0x00EA, 0x00EA, 0x00EB, 0x00EB,
    0x00EB, 0x00EB, 0x00EC, 0x00EC, 0x00EC, 0x00EC, 0x00EC, 0x00EC, 0x00EC, 0x010C, 0x00EB, 0x00EB,
    0x0171, 0x0193, 0x0172, 0x0193, 0x0152, 0x02B6, 0x01D0, 0x00EC, 0x00EB, 0x016F, 0x00E9, 0x0086,
    0x0023, 0x00C9, 0x00EA, 0x00A8, 0x00C8, 0x00C8, 0x00C8, 0x00A8, 0x00A8, 0x00A7, 0x0065, 0x0065,
    0x0065, 0x0065, 0x0065, 0x0065, 0x0065, 0x0065, 0x0065, 0x0065, 0x0065, 0x0065, 0x0065, 0x0065,
    0x0065, 0x0065, 0x0065, 0x0065, 0x0065, 0x0065, 0x0066, 0x0066, 0x0066, 0x0086, 0x0086, 0x0086,
    0x0086, 0x0086, 0x0086, 0x0087, 0x0087, 0x0087, 0x0087, 0x0087, 0x0087, 0x0087, 0x0087, 0x0087,
    0x0087, 0x0087, 0x0087, 0x0087, 0x0087, 0x0087, 0x0087, 0x0088, 0x0088, 0x0088, 0x00A8, 0x0088,
    0x0088, 0x00A8, 0x0088, 0x0088, 0x0088, 0x0088, 0x00A8, 0x00A8, 0x00A8, 0x00A8, 0x00A8, 0x00A8,
    0x00A8, 0x00A8, 0x00A8, 0x00A8, 0x00A8, 0x00A8, 0x00A8, 0x0088, 0x00A8, 0x00A8, 0x00A8, 0x00A8,
    0x00A8, 0x00A8, 0x00A8, 0x00A8, 0x00A8, 0x00A8, 0x00A8, 0x00A8, 0x00A8, 0x00A8, 0x00A8, 0x00A8,
    0x00A8, 0x00A8, 0x00A8, 0x00A8, 0x00A8, 0x00A8, 0x00A8, 0x00A8, 0x00A8, 0x00A8, 0x00A8, 0x00A8,
    0x00A8, 0x00A8, 0x00A8, 0x00A8, 0x00A8, 0x00A8, 0x00A8, 0x00A8, 0x00A8, 0x00A8, 0x00A8, 0x00A8,
    0x00A8, 0x00A8, 0x00A9, 0x00A9, 0x00A9, 0x00A9, 0x00A9, 0x00A9, 0x00C9, 0x00C9, 0x00C9, 0x00C9,
    0x00CA, 0x00CA, 0x00EA, 0x00EA, 0x00EB, 0x00EB, 0x00EB, 0x00EB, 0x00EB, 0x00EB, 0x00EC, 0x00EC,
    0x00EC, 0x00EC, 0x00EB, 0x00EA, 0x010D, 0x0173, 0x0172, 0x0172, 0x0172, 0x0193, 0x02D5, 0x010C,
    0x00EB, 0x010C, 0x014D, 0x0086, 0x0086, 0x00EA, 0x0065, 0x0086, 0x0066, 0x0066, 0x0065, 0x0065,
    0x0065, 0x0065, 0x0065, 0x0065, 0x0065, 0x0065, 0x0064, 0x0064, 0x0065, 0x0065, 0x0065, 0x0065,
    0x0065, 0x0065, 0x0065, 0x0065, 0x0065, 0x0065, 0x0065, 0x0065, 0x0065, 0x0065, 0x0065, 0x0065,
    0x0066, 0x0066, 0x0066, 0x0066, 0x0086, 0x0066, 0x0086, 0x0086, 0x0086, 0x0086, 0x0087, 0x0087,
    0x0087, 0x0087, 0x0087, 0x0087, 0x0087, 0x0087, 0x0087, 0x0087, 0x0087, 0x0087, 0x0087, 0x0087,
    0x0087, 0x0087, 0x0087, 0x0087, 0x0087, 0x0087, 0x0087, 0x0087, 0x0087, 0x0087, 0x0087, 0x0088,
    0x0087, 0x0088, 0x0088, 0x0088, 0x0088, 0x0088, 0x0088, 0x00A8, 0x0088, 0x0088, 0x0088, 0x0088,
    0x0088, 0x0088, 0x0088, 0x0088, 0x00A8, 0x00A8, 0x0088, 0x0088, 0x0088, 0x0088, 0x0088, 0x0088,
    0x0088, 0x00A8, 0x0088, 0x00A8, 0x00A8, 0x00A8, 0x00A8, 0x0088, 0x0088, 0x0088, 0x00A8, 0x0088,
    0x0088, 0x0088, 0x0088, 0x0088, 0x0088, 0x0087, 0x0088, 0x0088, 0x0088, 0x0088, 0x0088, 0x0088,
    0x00A8, 0x00A8, 0x00A8, 0x0088, 0x00A8, 0x00A8, 0x00A8, 0x00A8, 0x00A8, 0x00A8, 0x00A8, 0x00A8,
    0x00A9, 0x00A9, 0x00A9, 0x00C9, 0x00C9, 0x00C9, 0x00CA, 0x00CA, 0x00EA, 0x00EA, 0x00EB, 0x00EB,
    0x00EB, 0x00EB, 0x00EB, 0x00EB, 0x00EB, 0x00EB, 0x00EB, 0x00EB, 0x00EA, 0x0150, 0x0172, 0x0172,
    0x0192, 0x0152, 0x0235, 0x0231, 0x00CA, 0x00EA, 0x012D, 0x00EA
};
