#pragma once

#include <Arduino.h>

// ES32Lab Eleicoes 2026 - Tela de abertura
// Resolucao: 160 x 128 pixels
// Formato: RGB565
// Armazenamento: PROGMEM

static constexpr uint16_t ES32LAB_ELEICOES_SPLASH_WIDTH  = 160;
static constexpr uint16_t ES32LAB_ELEICOES_SPLASH_HEIGHT = 128;

static const uint16_t ES32LAB_ELEICOES_SPLASH_RGB565[] PROGMEM = {
    0x01A2, 0x01E2, 0x0263, 0x0304, 0x03C5, 0x03C6, 0x0385, 0x0344, 0x02E4, 0x0283, 0x01E2, 0x0181,
    0x0161, 0x0161, 0x0182, 0x01C2, 0x0202, 0x0223, 0x2B23, 0xBD01, 0xFE00, 0xFE60, 0xFEA3, 0xFEC5,
    0xFEE6, 0xFEE7, 0xFEE7, 0xFEC5, 0xFEA2, 0x9D62, 0x0BA5, 0x0305, 0x0283, 0x0223, 0x0202, 0x0222,
    0x0263, 0x02C4, 0x0325, 0x0365, 0x03A6, 0x03C7, 0x03E6, 0x03A6, 0x0304, 0x0243, 0x01A2, 0x0162,
    0x0162, 0x01C3, 0x0223, 0x02A4, 0x02E5, 0x0345, 0x0386, 0x03A6, 0x03A6, 0x0365, 0x02A4, 0x01E3,
    0x0162, 0x0141, 0x0141, 0x01A2, 0x0223, 0x02C4, 0x0365, 0x1C48, 0x34EA, 0x1C08, 0x0264, 0x00A2,
    0x0022, 0x0042, 0x0063, 0x0063, 0x0064, 0x0064, 0x0085, 0x0085, 0x0085, 0x0085, 0x0085, 0x0086,
    0x0086, 0x0087, 0x00A7, 0x00A8, 0x00C8, 0x00C9, 0x00C9, 0x00EA, 0x00EB, 0x012D, 0x749A, 0xCF1F,
    0xD71F, 0xDF5F, 0xE79F, 0xE79F, 0xDF7F, 0xCEFF, 0xA5FD, 0x6C9A, 0x4355, 0x1A31, 0x016E, 0x014D,
    0x012D, 0x010C, 0x010C, 0x00EB, 0x00EB, 0x00EB, 0x00EB, 0x00EB, 0x00EB, 0x00EB, 0x00EB, 0x00EB,
    0x00EB, 0x00EB, 0x00EB, 0x00EA, 0x00EA, 0x00EA, 0x00EA, 0x00EA, 0x00EA, 0x00EB, 0x00EB, 0x00EA,
    0x00EA, 0x00EA, 0x00EA, 0x00EA, 0x00EA, 0x00EA, 0x00EA, 0x00EA, 0x00EA, 0x00EA, 0x00EA, 0x00EA,
    0x00EA, 0x00EA, 0x00EA, 0x00EA, 0x00EA, 0x00EA, 0x00EA, 0x00EB, 0x00EB, 0x010B, 0x00EB, 0x00EA,
    0x00EA, 0x00CA, 0x00CA, 0x00CA, 0x01A2, 0x01C2, 0x0203, 0x0283, 0x0345, 0x03C6, 0x03C6, 0x03A5,
    0x0344, 0x02E4, 0x0263, 0x01E2, 0x0181, 0x0161, 0x0181, 0x0182, 0x01A2, 0x42A1, 0xAC00, 0xDCE0,
    0xED80, 0xFE00, 0xFE60, 0xFE81, 0xFEA4, 0xFEC6, 0xFEE7, 0xFEE6, 0xFEA4, 0xFEC2, 0xCDC1, 0x33C3,
    0x02A4, 0x0243, 0x0222, 0x0222, 0x0243, 0x02A4, 0x02E4, 0x0345, 0x0386, 0x03C6, 0x03E7, 0x03E6,
    0x0385, 0x02A4, 0x01E2, 0x0182, 0x0162, 0x0182, 0x01E3, 0x0264, 0x02E5, 0x0345, 0x0365, 0x0386,
    0x03A6, 0x03A6, 0x0325, 0x0264, 0x01C2, 0x0142, 0x0141, 0x0162, 0x01C3, 0x0264, 0x02E5, 0x0BC6,
    0x2CA9, 0x34CA, 0x0B46, 0x0163, 0x0042, 0x0042, 0x0043, 0x0063, 0x0064, 0x0084, 0x0085, 0x0085,
    0x0085, 0x0085, 0x0085, 0x0086, 0x0086, 0x00A7, 0x00A7, 0x00A8, 0x00C9, 0x00C9, 0x00EA, 0x00EB,
    0x00EB, 0x53B6, 0xD71F, 0xDF5F, 0xDF5F, 0xBE9F, 0x9DBC, 0x7499, 0x4B76, 0x2252, 0x018F, 0x012E,
    0x012E, 0x012D, 0x00ED, 0x00CC, 0x00CC, 0x00EC, 0x010C, 0x00EB, 0x010B, 0x010B, 0x00EB, 0x00EB,
    0x00EB, 0x00EB, 0x00EB, 0x00EB, 0x00EB, 0x00EB, 0x00EB, 0x00EB, 0x00EA, 0x00EB, 0x00EB, 0x00EB,
    0x00EB, 0x00EB, 0x00EB, 0x00EB, 0x010B, 0x00EB, 0x00EA, 0x00EA, 0x00EA, 0x00EA, 0x00EA, 0x00EA,
    0x00EA, 0x00EA, 0x00EA, 0x00EA, 0x00EA, 0x00EA, 0x00EA, 0x00EA, 0x00EA, 0x00EA, 0x00EA, 0x00EA,
    0x00EB, 0x010B, 0x00EB, 0x00EA, 0x00EA, 0x00CA, 0x00CA, 0x00CA, 0x0202, 0x01C2, 0x01E2, 0x0222,
    0x02A3, 0x0344, 0x03C6, 0x03E6, 0x03C5, 0x0365, 0x02E4, 0x0263, 0x01E2, 0x0182, 0x0161, 0x11A1,
    0x62A0, 0x9B40, 0xA380, 0xB420, 0xD4E0, 0xED80, 0xFE00, 0xFE40, 0xFE61, 0xFEA3, 0xFEC6, 0xFEE7,
    0xFEC6, 0xFEA4, 0xFEC1, 0xFE20, 0x7422, 0x02A3, 0x0223, 0x0222, 0x0223, 0x0263, 0x02C4, 0x0325,
    0x0365, 0x03A6, 0x03E6, 0x0407, 0x03C6, 0x0325, 0x0263, 0x01A2, 0x0182, 0x0182, 0x01C2, 0x0243,
    0x02A4, 0x0325, 0x0365, 0x0386, 0x0386, 0x03A6, 0x0386, 0x0305, 0x0243, 0x01A2, 0x0141, 0x0142,
    0x0182, 0x01E3, 0x0264, 0x0325, 0x1C28, 0x350A, 0x2449, 0x0284, 0x00E2, 0x0022, 0x0043, 0x0063,
    0x0064, 0x0084, 0x0085, 0x0085, 0x0085, 0x0085, 0x0085, 0x0086, 0x00A6, 0x00A7, 0x00A8, 0x00C8,
    0x00C9, 0x00EA, 0x010B, 0x00CB, 0x1A10, 0xBE7F, 0xDF5F, 0xD73F, 0x6C59, 0x11B0, 0x012D, 0x00EC,
    0x00EC, 0x010D, 0x014E, 0x018F, 0x0192, 0x0254, 0x2B56, 0x2B55, 0x1272, 0x012D, 0x00CB, 0x00CB,
    0x008B, 0x006B, 0x00AB, 0x00EB, 0x00EB, 0x00EB, 0x00EB, 0x00EB, 0x00EB, 0x00EB, 0x00EB, 0x00EB,
    0x00EB, 0x010B, 0x010B, 0x00EB, 0x010B, 0x010B, 0x00CA, 0x00AA, 0x0069, 0x00AA, 0x010B, 0x00EB,
    0x00EB, 0x00EA, 0x00EA, 0x00EA, 0x00EA, 0x00EA, 0x00EA, 0x00EA, 0x00EA, 0x00EA, 0x00EA, 0x00EA,
    0x00EA, 0x00EA, 0x00EA, 0x00EA, 0x010B, 0x010B, 0x010B, 0x00EA, 0x00EA, 0x00EA, 0x00EA, 0x00CA,
    0x0304, 0x0222, 0x01E2, 0x0202, 0x0243, 0x02C4, 0x0344, 0x03C5, 0x03E6, 0x03C5, 0x0365, 0x02E4,
    0x0243, 0x01E2, 0x4240, 0x7AE0, 0x8300, 0x8300, 0x9320, 0xA380, 0xBC20, 0xDCE0, 0xED80, 0xFE00,
    0xFE40, 0xFE60, 0xFEA3, 0xFEC6, 0xFEE6, 0xFEC5, 0xFEA4, 0xFE81, 0xFE20, 0xACA0, 0x22C2, 0x0203,
    0x0223, 0x0263, 0x0283, 0x02E4, 0x0345, 0x0386, 0x03C6, 0x03E6, 0x03E6, 0x03A6, 0x02C4, 0x01E2,
    0x0182, 0x0182, 0x01A2, 0x0203, 0x0284, 0x02E4, 0x0325, 0x0365, 0x0386, 0x03A6, 0x03A6, 0x0365,
    0x02C4, 0x0203, 0x0162, 0x0142, 0x0142, 0x0182, 0x01E3, 0x0284, 0x0B86, 0x2C89, 0x34CA, 0x13A7,
    0x01C4, 0x0082, 0x0043, 0x0063, 0x0064, 0x0084, 0x0085, 0x0085, 0x0085, 0x0085, 0x0086, 0x00A6,
    0x00A7, 0x00A7, 0x00A8, 0x00C9, 0x00EA, 0x00EB, 0x010C, 0x00EB, 0x5BD7, 0xDF5F, 0xE79F, 0x7CDA,
    0x00EC, 0x00EC, 0x012D, 0x012D, 0x014E, 0x018F, 0x01B1, 0x0256, 0x653C, 0x96BF, 0x6E3F, 0x457F,
    0x24BF, 0x035C, 0x0191, 0x21AB, 0x4ACD, 0x8C6D, 0x73AB, 0x00AB, 0x010B, 0x00EB, 0x00EB, 0x00EB,
    0x00EB, 0x010B, 0x010B, 0x010B, 0x010B, 0x00CA, 0x00CA, 0x010B, 0x00CA, 0x00AA, 0x012C, 0x2A0F,
    0x63D4, 0x42D1, 0x00AA, 0x010B, 0x00EB, 0x00EB, 0x00EA, 0x00EA, 0x00EA, 0x00EA, 0x00EA, 0x00EA,
    0x00EA, 0x00EA, 0x00EA, 0x00EA, 0x00EA, 0x00EA, 0x00EA, 0x00EB, 0x00EB, 0x010B, 0x00EB, 0x00EA,
    0x00EA, 0x00EA, 0x00EA, 0x00CA, 0x0447, 0x0324, 0x0242, 0x0202, 0x0222, 0x0263, 0x02C4, 0x0345,
    0x03C5, 0x03E6, 0x03A6, 0x0B85, 0x53A2, 0x93A0, 0x9B60, 0x8300, 0x82E0, 0x82E0, 0x8B00, 0x9340,
    0xA3A0, 0xBC40, 0xDD00, 0xED80, 0xFDE0, 0xFE20, 0xFE61, 0xFE84, 0xFEC6, 0xFEC6, 0xFEC6, 0xFEA3,
    0xFE40, 0xFDE0, 0xD4E0, 0x5B41, 0x0242, 0x0243, 0x0283, 0x02C4, 0x0304, 0x0365, 0x0386, 0x03C6,
    0x03E6, 0x03E6, 0x0325, 0x0243, 0x01A2, 0x0182, 0x0182, 0x01E2, 0x0243, 0x02C4, 0x0305, 0x0345,
    0x0386, 0x03A6, 0x03A6, 0x03A6, 0x0345, 0x02A4, 0x01E2, 0x0162, 0x0142, 0x0142, 0x0182, 0x0203,
    0x02C5, 0x13A7, 0x2C8A, 0x2489, 0x0306, 0x01A4, 0x00C3, 0x0063, 0x0064, 0x0064, 0x0085, 0x0085,
    0x0085, 0x0085, 0x0086, 0x00A7, 0x00A7, 0x00A8, 0x00C8, 0x00C9, 0x00EA, 0x010B, 0x010C, 0x012D,
    0x8D3B, 0xEFDF, 0xD73F, 0x2252, 0x00EC, 0x012D, 0x012D, 0x012D, 0x014E, 0x01B1, 0x0AD8, 0x9E9F,
    0x7E7F, 0x0C5F, 0x039F, 0x031F, 0x02DE, 0x02DD, 0x025A, 0xAD72, 0xFFF3, 0xFFF2, 0xAD4C, 0x008B,
    0x010B, 0x010B, 0x010B, 0x010B, 0x00EB, 0x00CA, 0x00EB, 0x00CB, 0x00AA, 0x118D, 0x118D, 0x006A,
    0x2A2F, 0xB5FB, 0xDF5F, 0xF7FF, 0xFFFF, 0x6C15, 0x008A, 0x010B, 0x00EB, 0x00EB, 0x00EB, 0x00EB,
    0x010B, 0x00EB, 0x00EA, 0x00EA, 0x00EA, 0x00EA, 0x00EA, 0x00EA, 0x00EB, 0x00EB, 0x00EB, 0x00EB,
    0x00EB, 0x00EB, 0x00EA, 0x00EA, 0x00EA, 0x00EA, 0x00CA, 0x00CA, 0x0488, 0x0447, 0x0324, 0x0263,
    0x0242, 0x0263, 0x0283, 0x02E4, 0x0345, 0x1C05, 0x7CE3, 0xDD80, 0xF560, 0xD4A0, 0xABC0, 0x9340,
    0x8300, 0x82E0, 0x82E0, 0x8B00, 0x9340, 0xABC0, 0xCC80, 0xED40, 0xFE00, 0xFE60, 0xFEA0, 0xFEE0,
    0xFF24, 0xFF26, 0xFF06, 0xFEC6, 0xFE83, 0xFE20, 0xED80, 0xD4C0, 0x9BE0, 0x32C2, 0x0243, 0x0284,
    0x02E4, 0x0325, 0x0365, 0x03A6, 0x03E6, 0x0407, 0x0386, 0x02A4, 0x01E2, 0x0182, 0x0182, 0x01C2,
    0x0223, 0x02A4, 0x0305, 0x0345, 0x0385, 0x03A6, 0x03A6, 0x03A6, 0x03A6, 0x0325, 0x0263, 0x01A2,
    0x0142, 0x0142, 0x0142, 0x0182, 0x0223, 0x02E5, 0x0BA7, 0x1C48, 0x1408, 0x0306, 0x0205, 0x0104,
    0x0084, 0x0064, 0x0085, 0x0085, 0x0085, 0x0086, 0x0086, 0x00A7, 0x00A7, 0x00C8, 0x00C9, 0x00CA,
    0x00EB, 0x010C, 0x010C, 0x014E, 0x9DBD, 0xFFFF, 0xC69E, 0x098F, 0x010C, 0x012D, 0x012D, 0x014E,
    0x0190, 0x0276, 0x969F, 0x5DFF, 0x03BF, 0x03DF, 0x03BF, 0x035F, 0x02DD, 0x027A, 0x01D7, 0x1A34,
    0xE6F4, 0xFFD3, 0x9CED, 0x008B, 0x010B, 0x00CB, 0x008A, 0x008A, 0x00EB, 0x19CE, 0x118D, 0x19CE,
    0xB5FB, 0xEFDF, 0xF7FF, 0x5BB4, 0x4312, 0xFFFF, 0x8CF8, 0x3271, 0x014D, 0x00EB, 0x010B, 0x010B,
    0x00EB, 0x00EB, 0x00EB, 0x00EB, 0x010B, 0x00EB, 0x00EB, 0x00EB, 0x00EB, 0x00EB, 0x00EB, 0x00EB,
    0x00EB, 0x00EB, 0x00EB, 0x00EA, 0x00EA, 0x00EA, 0x00EA, 0x00CA, 0x00EA, 0x00EA, 0x00CA, 0x00EA,
    0x03E6, 0x0487, 0x0447, 0x0344, 0x02A3, 0x0263, 0x0263, 0x0AA3, 0x6C02, 0xDD60, 0xFE00, 0xFDE0,
    0xF5A0, 0xDD20, 0xC460, 0xABC0, 0x9340, 0x82E0, 0x82E0, 0x8B00, 0x9340, 0x9340, 0x8B01, 0x7AC3,
    0x6AC6, 0x6AC9, 0x6AEA, 0x7B6B, 0x9C4B, 0xC56B, 0xEE69, 0xFF27, 0xFF05, 0xFEA2, 0xFDE0, 0xE520,
    0xCCA0, 0xC460, 0x7BA1, 0x1AC2, 0x02A4, 0x0305, 0x0365, 0x0385, 0x03E6, 0x0427, 0x03E6, 0x0304,
    0x0223, 0x0182, 0x0162, 0x01A2, 0x0203, 0x0284, 0x0305, 0x0345, 0x0385, 0x03A6, 0x03A6, 0x03A6,
    0x03C6, 0x0386, 0x02E4, 0x0223, 0x0162, 0x0122, 0x0121, 0x0142, 0x01A2, 0x0223, 0x02C4, 0x0366,
    0x1449, 0x1C69, 0x0387, 0x0266, 0x0145, 0x0084, 0x0085, 0x0085, 0x0086, 0x0086, 0x00A6, 0x00A7,
    0x00A8, 0x00C8, 0x00C9, 0x00EA, 0x00EB, 0x012D, 0x012D, 0x016F, 0x9DBD, 0xFFFF, 0xC6BE, 0x098F,
    0x010C, 0x012D, 0x012D, 0x016E, 0x0192, 0x551C, 0x869F, 0x03DF, 0x043F, 0x03FF, 0x037F, 0x031E,
    0x029B, 0x0218, 0x01D5, 0x0112, 0x94D3, 0xFFF4, 0x9CCD, 0x00AB, 0x010C, 0x2A30, 0x6C15, 0x9539,
    0xC69C, 0xFFFF, 0x7C97, 0xAE1B, 0xCEBD, 0x4AD1, 0xA5DA, 0x7476, 0x42F2, 0xFFFF, 0x42F2, 0x322F,
    0x7456, 0x118D, 0x00EB, 0x010C, 0x010B, 0x010B, 0x010B, 0x010B, 0x010B, 0x00EB, 0x00EB, 0x00EB,
    0x00EB, 0x00EB, 0x00EB, 0x00EB, 0x00EB, 0x00EB, 0x00EB, 0x00EB, 0x010B, 0x010C, 0x010B, 0x00EA,
    0x00EA, 0x00EA, 0x00EB, 0x010B, 0x0324, 0x03E6, 0x0488, 0x0427, 0x0364, 0x12E3, 0x5321, 0xA400,
    0xDCC0, 0xE520, 0xED80, 0xFDC0, 0xFDC0, 0xF5A0, 0xDD00, 0xC440, 0xA3A0, 0x9B60, 0x8B20, 0x6A61,
    0x3964, 0x10C6, 0x0048, 0x002A, 0x004C, 0x006F, 0x0090, 0x00B2, 0x00F4, 0x1135, 0x29D4, 0x6311,
    0xB4EC, 0xFE87, 0xFEE1, 0xFDE0, 0xDCE0, 0xC480, 0xCC80, 0xBC60, 0x6BA1, 0x0B04, 0x0305, 0x0365,
    0x03C6, 0x0427, 0x0427, 0x0365, 0x0263, 0x01A2, 0x0162, 0x0182, 0x01E3, 0x0263, 0x0304, 0x0345,
    0x0345, 0x0386, 0x03A6, 0x03A6, 0x03C7, 0x03C6, 0x0366, 0x0284, 0x01C2, 0x0142, 0x0121, 0x0122,
    0x0162, 0x01A2, 0x0223, 0x02C5, 0x03A7, 0x1C6A, 0x1C8B, 0x0BC9, 0x02A7, 0x0166, 0x00A5, 0x0086,
    0x0086, 0x0086, 0x00A7, 0x00E9, 0x00EA, 0x00C9, 0x00CA, 0x00EB, 0x010C, 0x012E, 0x012E, 0x0170,
    0x9DBD, 0xFFFF, 0xC6BE, 0x0990, 0x010D, 0x012D, 0x012E, 0x016F, 0x0276, 0x96BF, 0x1CBF, 0x041F,
    0x041F, 0x03BF, 0x033F, 0x02BD, 0x0259, 0x01D6, 0x01B4, 0x0112, 0x6392, 0xFFF4, 0x9CCE, 0x00AC,
    0x00CB, 0xADFB, 0xF7DF, 0xFFFF, 0xC6BD, 0x5333, 0x4313, 0xFFFF, 0x7CB7, 0x196D, 0x11AF, 0x0009,
    0x5353, 0xFFFF, 0xF7FF, 0xF7FF, 0xDF5F, 0x19EF, 0x00CB, 0x010C, 0x010B, 0x010B, 0x00EB, 0x00EB,
    0x010B, 0x00EB, 0x00EB, 0x00EB, 0x00EB, 0x00EB, 0x00EB, 0x00EB, 0x00EB, 0x00EB, 0x00EB, 0x010B,
    0x014E, 0x0190, 0x014E, 0x010B, 0x010B, 0x010B, 0x010B, 0x010C, 0x0263, 0x0324, 0x54E4, 0xB604,
    0xD5E1, 0xDD40, 0xD4A0, 0xC440, 0xC460, 0xCCC0, 0xE540, 0xF5A0, 0xFDC0, 0xFDC0, 0xED80, 0xE520,
    0xCC80, 0x7AC2, 0x2925, 0x0047, 0x0028, 0x0048, 0x0068, 0x0069, 0x008A, 0x00AC, 0x08EF, 0x0910,
    0x0932, 0x1154, 0x1155, 0x0936, 0x0936, 0x3A34, 0x9C4C, 0xF5E2, 0xFDE0, 0xD4E0, 0xC460, 0xCC80,
    0xD4C0, 0xBCA0, 0x5BE2, 0x0345, 0x0386, 0x0427, 0x0447, 0x03C6, 0x02E4, 0x01E2, 0x0162, 0x0182,
    0x01C2, 0x0243, 0x02C4, 0x0325, 0x0345, 0x0345, 0x0386, 0x03A6, 0x03C7, 0x03C7, 0x03A6, 0x0305,
    0x0223, 0x0182, 0x0121, 0x0121, 0x0142, 0x0162, 0x01A3, 0x0244, 0x02E5, 0x03A7, 0x1C8B, 0x24CC,
    0x0C0A, 0x02C8, 0x0187, 0x00C6, 0x0087, 0x00A7, 0x00C9, 0x012B, 0x012C, 0x00EA, 0x00EB, 0x010C,
    0x012D, 0x014E, 0x014F, 0x0191, 0x9DDD, 0xFFFF, 0xC6BE, 0x0990, 0x010D, 0x012E, 0x012E, 0x014F,
    0x1B98, 0x8EBF, 0x041F, 0x043F, 0x03DF, 0x035F, 0x02FE, 0x027A, 0x01F7, 0x01B5, 0x0193, 0x0111,
    0x6391, 0xFFF4, 0x9CAD, 0x008C, 0x012D, 0x19CF, 0x096E, 0xD71E, 0x9539, 0x0009, 0x096D, 0xBE7D,
    0xFFFF, 0xFFFF, 0xF7DF, 0x6C15, 0x4B33, 0xFFFF, 0x63F5, 0x118E, 0x008B, 0x00AB, 0x010C, 0x010C,
    0x010C, 0x010C, 0x010C, 0x010B, 0x010B, 0x00EB, 0x00EB, 0x00EB, 0x00EB, 0x00EB, 0x00EB, 0x00EB,
    0x00EB, 0x010B, 0x010B, 0x010C, 0x018F, 0x01B1, 0x014E, 0x00EB, 0x00AA, 0x008A, 0x008A, 0x00AB,
    0x1A42, 0x9401, 0xFDA0, 0xFE61, 0xFE82, 0xFE40, 0xED80, 0xD4C0, 0xCC80, 0xCCC0, 0xDD00, 0xED60,
    0xF5A0, 0xFDE0, 0xFE20, 0xCCC2, 0x49E8, 0x0069, 0x0028, 0x0047, 0x0047, 0x0047, 0x0048, 0x0068,
    0x0069, 0x008B, 0x00AD, 0x00CF, 0x0911, 0x0933, 0x1154, 0x1995, 0x1995, 0x0956, 0x0116, 0x29D2,
    0xA428, 0xF580, 0xDCE0, 0xC460, 0xCC80, 0xD4E0, 0xE520, 0xBCE1, 0x4C24, 0x03C7, 0x0428, 0x0427,
    0x0325, 0x0223, 0x0182, 0x0162, 0x01A2, 0x0203, 0x0284, 0x02E4, 0x0325, 0x0325, 0x0365, 0x03A6,
    0x03A6, 0x03C7, 0x03C6, 0x0365, 0x0284, 0x01C2, 0x0142, 0x0142, 0x0142, 0x0162, 0x0182, 0x01C3,
    0x0264, 0x0306, 0x0BE8, 0x24CC, 0x250E, 0x042C, 0x02EA, 0x01A9, 0x00C8, 0x00A8, 0x00C9, 0x010B,
    0x010B, 0x00EB, 0x00EB, 0x010C, 0x012D, 0x014F, 0x0170, 0x01B2, 0xA5DD, 0xFFFF, 0xC6BE, 0x0990,
    0x010D, 0x012E, 0x014E, 0x012F, 0x33D9, 0x6E5F, 0x03DF, 0x03FF, 0x037F, 0x02FE, 0x027B, 0x0218,
    0x01B5, 0x0193, 0x0192, 0x0111, 0x8C91, 0xFFF2, 0x9CAD, 0x00AC, 0x012D, 0x00EC, 0x010D, 0xD73E,
    0x9559, 0x00CC, 0x00EC, 0x010D, 0x3AF3, 0x5333, 0xBE7C, 0xD71E, 0x5394, 0xFFFF, 0x42F2, 0x3230,
    0x7C97, 0x42F2, 0x00CB, 0x010C, 0x010C, 0x010C, 0x010C, 0x010C, 0x010C, 0x010B, 0x00EB, 0x00EB,
    0x010B, 0x010B, 0x010B, 0x010B, 0x010B, 0x00EB, 0x00CA, 0x00AA, 0x00CB, 0x00ED, 0x010D, 0x098E,
    0x2250, 0x4333, 0x6C57, 0x957B, 0x8B40, 0xBC00, 0xCCA0, 0xED80, 0xFE20, 0xFE82, 0xFE40, 0xF5A0,
    0xDD20, 0xD4E0, 0xDCE0, 0xDD20, 0xED80, 0xF5A0, 0x8B88, 0x1110, 0x006E, 0x008B, 0x0069, 0x0068,
    0x0048, 0x0048, 0x0048, 0x0048, 0x0069, 0x006A, 0x008B, 0x00AD, 0x00F0, 0x0912, 0x0933, 0x0955,
    0x1175, 0x1195, 0x1195, 0x0935, 0x00D3, 0x4A4C, 0xC482, 0xDD00, 0xCC80, 0xCCA0, 0xD4E0, 0xED60,
    0xFDA0, 0xB542, 0x3CA6, 0x0428, 0x0386, 0x0283, 0x01A2, 0x0162, 0x0182, 0x01C2, 0x0243, 0x02A4,
    0x0304, 0x0325, 0x0345, 0x0386, 0x03A6, 0x03A6, 0x03C7, 0x0386, 0x02E5, 0x0223, 0x0182, 0x0142,
    0x0142, 0x0162, 0x0182, 0x01A3, 0x0204, 0x0285, 0x0327, 0x0C0A, 0x1CCE, 0x1D10, 0x0C4E, 0x02EC,
    0x0169, 0x00A8, 0x00A8, 0x00C9, 0x00CA, 0x00CA, 0x00EB, 0x010C, 0x012E, 0x014F, 0x0170, 0x01B2,
    0x9DDD, 0xFFFF, 0xC6BE, 0x0990, 0x010D, 0x012E, 0x014E, 0x010F, 0x2357, 0x663F, 0x03BF, 0x03BF,
    0x031E, 0x029B, 0x0238, 0x01D5, 0x0193, 0x0172, 0x0171, 0x0151, 0xD650, 0xFFF0, 0x948C, 0x00AC,
    0x012D, 0x010D, 0x014D, 0xDF3F, 0x9539, 0x006A, 0x2A51, 0x9D79, 0x2A50, 0x08EC, 0xC67C, 0xAE1B,
    0x4B54, 0xFFFF, 0xF7FF, 0xEFBF, 0xEFBF, 0x63D5, 0x00AB, 0x012C, 0x010C, 0x010C, 0x010C, 0x010C,
    0x010C, 0x010C, 0x010B, 0x00EB, 0x00CB, 0x00AA, 0x008A, 0x008A, 0x00CB, 0x014C, 0x19EF, 0x3AD2,
    0x5BD6, 0x7CD9, 0x9DDC, 0xB67E, 0xC6FF, 0xD73F, 0xDF7F, 0xE77F, 0x8B20, 0x9340, 0xABC0, 0xCCA0,
    0xED80, 0xFE20, 0xFE81, 0xFE40, 0xFDC0, 0xE540, 0xDCE0, 0xE540, 0xCCC1, 0x39EA, 0x00B1, 0x1111,
    0x08EF, 0x00AD, 0x008A, 0x0069, 0x0068, 0x0048, 0x0048, 0x0048, 0x0048, 0x0069, 0x008A, 0x00AC,
    0x00CE, 0x00F0, 0x0932, 0x0954, 0x1175, 0x1175, 0x1176, 0x1174, 0x1153, 0x00D2, 0x110E, 0x8B65,
    0xDCE0, 0xCC80, 0xCCA0, 0xD4E0, 0xE560, 0xFDE0, 0xFE20, 0x9D64, 0x1406, 0x02E5, 0x0202, 0x0182,
    0x0182, 0x01A2, 0x0203, 0x0284, 0x02C4, 0x0305, 0x0325, 0x0345, 0x0386, 0x03A6, 0x03C6, 0x03C6,
    0x0345, 0x0284, 0x01C2, 0x0142, 0x0142, 0x0162, 0x0182, 0x01A3, 0x01E4, 0x0224, 0x02C6, 0x0388,
    0x046C, 0x1D10, 0x1D31, 0x040F, 0x024B, 0x00E9, 0x00A8, 0x00C9, 0x00CA, 0x00CA, 0x00EB, 0x010D,
    0x012E, 0x0170, 0x0171, 0x01D3, 0x9DDD, 0xFFFF, 0xC6BE, 0x0990, 0x010D, 0x012E, 0x012E, 0x012E,
    0x01F2, 0x45DE, 0x03BF, 0x031F, 0x02BC, 0x0239, 0x01D6, 0x0194, 0x0172, 0x0192, 0x00D2, 0x6BB0,
    0xFF8F, 0x95EC, 0x130B, 0x00CD, 0x012D, 0x010C, 0x012D, 0xDF3F, 0x9539, 0x006A, 0x3291, 0xF7FF,
    0xF7FF, 0xEFBF, 0xD71E, 0x2210, 0x2A71, 0x7C97, 0x4313, 0x2230, 0x012D, 0x010C, 0x012C, 0x012C,
    0x012C, 0x010C, 0x00EB, 0x00CB, 0x00AA, 0x00AA, 0x00AA, 0x010C, 0x118E, 0x2A51, 0x4B54, 0x6C58,
    0x957B, 0xAE3E, 0xC6DF, 0xCF3F, 0xD73F, 0xD73F, 0xCF1F, 0xCEFF, 0xC6DF, 0xC6DF, 0xCEFF, 0xD71F,
    0x8B00, 0x8B20, 0x9340, 0xABC0, 0xCCA0, 0xED80, 0xFE20, 0xFE61, 0xFE40, 0xF5C0, 0xF5A0, 0xC461,
    0x2129, 0x006D, 0x00CE, 0x08F0, 0x08F0, 0x00CE, 0x00AC, 0x008A, 0x0069, 0x0068, 0x0068, 0x0048,
    0x0048, 0x0069, 0x006A, 0x008B, 0x00AD, 0x00CF, 0x0911, 0x0133, 0x0954, 0x1175, 0x1175, 0x1175,
    0x1154, 0x0932, 0x00D0, 0x008E, 0x6AA6, 0xD4C0, 0xCCA0, 0xD4A0, 0xDD00, 0xED80, 0xFE00, 0xFE80,
    0xDE02, 0x43E3, 0x0243, 0x01A2, 0x0181, 0x0182, 0x01C2, 0x0243, 0x0284, 0x02C4, 0x0305, 0x0345,
    0x0345, 0x0366, 0x03A6, 0x03C6, 0x03A6, 0x02E5, 0x0203, 0x0162, 0x0142, 0x0162, 0x01A2, 0x01E3,
    0x0204, 0x0224, 0x0285, 0x0307, 0x03CA, 0x048E, 0x1D32, 0x14F2, 0x034E, 0x01AB, 0x00A9, 0x00C9,
    0x00CA, 0x00EB, 0x00EC, 0x010D, 0x012F, 0x0170, 0x0171, 0x01D4, 0x9DDE, 0xFFFF, 0xC69E, 0x0170,
    0x010D, 0x012E, 0x012D, 0x012E, 0x010E, 0x1377, 0x0C7F, 0x029D, 0x0259, 0x01F6, 0x01B4, 0x0192,
    0x0172, 0x0112, 0x3A50, 0xD60D, 0x4CEB, 0x048A, 0x032B, 0x00CD, 0x012D, 0x010C, 0x014E, 0xE77F,
    0x8D19, 0x00AC, 0x00EC, 0x2210, 0x5BD5, 0x4313, 0x014D, 0x00CC, 0x010C, 0x00AB, 0x00CB, 0x00EC,
    0x00EC, 0x00EC, 0x00CB, 0x00AB, 0x00AB, 0x00EC, 0x096D, 0x2210, 0x4313, 0x6416, 0x851A, 0xA5FD,
    0xBE9F, 0xCF1F, 0xD73F, 0xD73F, 0xD73F, 0xCF1F, 0xCEFF, 0xC6DF, 0xC6DF, 0xC6DF, 0xC6DF, 0xC6DF,
    0xC6DF, 0xC6FF, 0xCEFF, 0xD73F, 0x8B20, 0x8B20, 0x9320, 0x9B40, 0xABC0, 0xCCA0, 0xED80, 0xFE20,
    0xFE40, 0xFE80, 0xD502, 0x190A, 0x004B, 0x008B, 0x00AC, 0x00CE, 0x00F0, 0x00F0, 0x00CE, 0x008C,
    0x006A, 0x0069, 0x0068, 0x0068, 0x0068, 0x0068, 0x0069, 0x008A, 0x00AC, 0x00CE, 0x08F0, 0x0911,
    0x0132, 0x0153, 0x1175, 0x1196, 0x1175, 0x0933, 0x0111, 0x00EF, 0x006E, 0x5A47, 0xD4C0, 0xCCA0,
    0xD4C0, 0xE520, 0xF5C0, 0xFE20, 0xFE82, 0xFE20, 0x6BC1, 0x01E2, 0x0162, 0x0182, 0x01A2, 0x0203,
    0x0263, 0x02A4, 0x02E4, 0x0325, 0x0345, 0x0345, 0x0366, 0x03A6, 0x03C6, 0x0345, 0x0263, 0x01A2,
    0x0142, 0x0162, 0x01A3, 0x01E3, 0x0224, 0x0245, 0x0265, 0x02C6, 0x0348, 0x040C, 0x0CD0, 0x1D53,
    0x0471, 0x02AD, 0x010A, 0x00AA, 0x00CA, 0x00EB, 0x010C, 0x010D, 0x014F, 0x0171, 0x0192, 0x01F4,
    0xA5FE, 0xFFFF, 0xBE9E, 0x016F, 0x010D, 0x012D, 0x010D, 0x012D, 0x012D, 0x010D, 0x0296, 0x02BB,
    0x01F8, 0x0174, 0x0153, 0x0112, 0x0111, 0x3A50, 0x74AC, 0x146B, 0x042A, 0x04EA, 0x030B, 0x00CD,
    0x012D, 0x010C, 0x012D, 0x3AD3, 0x11CF, 0x010C, 0x012D, 0x00EC, 0x00AB, 0x00CB, 0x010C, 0x010C,
    0x00EC, 0x00CB, 0x00CB, 0x00CC, 0x012D, 0x11AF, 0x3292, 0x5395, 0x7498, 0x957B, 0xB67E, 0xCF1F,
    0xD75F, 0xD75F, 0xD75F, 0xCF1F, 0xCEFF, 0xC6DF, 0xC6DF, 0xC6DF, 0xC6DF, 0xC6DF, 0xC6DF, 0xC6DF,
    0xC6DF, 0xC6DF, 0xC6DF, 0xC6DF, 0xC6DF, 0xC6DF, 0xCEFF, 0xD71F, 0x9340, 0x8B20, 0x9320, 0x9320,
    0x9B60, 0xB3E0, 0xD4C0, 0xF580, 0xFE60, 0xDD83, 0x216F, 0x008E, 0x00AB, 0x008B, 0x008B, 0x00AD,
    0x00CF, 0x00F0, 0x00CF, 0x00AD, 0x008B, 0x0069, 0x0069, 0x0068, 0x0068, 0x0068, 0x0069, 0x006A,
    0x008B, 0x00AD, 0x00CF, 0x00F0, 0x0111, 0x0112, 0x0154, 0x1175, 0x1196, 0x0974, 0x0932, 0x08F0,
    0x00CE, 0x006E, 0x5A67, 0xD4C0, 0xCCA0, 0xD4E0, 0xED60, 0xFDE0, 0xFE40, 0xFE81, 0xFE00, 0x93E0,
    0x19E1, 0x0162, 0x0182, 0x01E3, 0x0223, 0x0263, 0x02A4, 0x02E5, 0x0325, 0x0325, 0x0346, 0x03A6,
    0x03E7, 0x03A6, 0x02C4, 0x01C3, 0x0162, 0x0162, 0x01A3, 0x0203, 0x0244, 0x0265, 0x0285, 0x02A6,
    0x0307, 0x038A, 0x044E, 0x1513, 0x0D34, 0x03B0, 0x01CC, 0x00CA, 0x00CA, 0x00EB, 0x010C, 0x010D,
    0x014F, 0x0171, 0x0192, 0x01F4, 0xA5FE, 0xF7FF, 0xBE7E, 0x016F, 0x010D, 0x012D, 0x010D, 0x010D,
    0x010D, 0x010D, 0x00EC, 0x012F, 0x11F1, 0x32B1, 0x2A30, 0x5B0F, 0x73ED, 0x3CAB, 0x04CA, 0x04CA,
    0x04CA, 0x04EA, 0x030B, 0x00CD, 0x012D, 0x012D, 0x012D, 0x00EC, 0x010C, 0x010D, 0x00EC, 0x00CC,
    0x00CC, 0x00CC, 0x00EC, 0x098E, 0x2231, 0x4313, 0x6417, 0x8D3A, 0xAE1D, 0xC6BF, 0xD73F, 0xDF7F,
    0xDF7F, 0xD75F, 0xD73F, 0xCEFF, 0xCEFF, 0xC6DF, 0xC6DF, 0xC6DF, 0xC6DF, 0xC6DF, 0xC6DF, 0xC6FF,
    0xC6FF, 0xC6DF, 0xC6DF, 0xC6FF, 0xC6DF, 0xC6DF, 0xC6DF, 0xC6DF, 0xC6DF, 0xC6DF, 0xCEFF, 0xD71F,
    0xA380, 0x9340, 0x9320, 0x9320, 0x9340, 0x9B80, 0xB400, 0xD4E0, 0xED80, 0x3A0D, 0x08F3, 0x1130,
    0x00CE, 0x00AC, 0x00AB, 0x00AC, 0x00CE, 0x00EF, 0x08F0, 0x00EF, 0x00AD, 0x008B, 0x0069, 0x0069,
    0x0068, 0x0068, 0x0069, 0x0069, 0x008B, 0x00AC, 0x00AD, 0x00CE, 0x00F0, 0x0111, 0x0132, 0x0154,
    0x0975, 0x1175, 0x1154, 0x0912, 0x08F0, 0x08EE, 0x008E, 0x6AA5, 0xD4A0, 0xCC80, 0xDD00, 0xED80,
    0xFE00, 0xFE61, 0xFE61, 0xF5A0, 0xAC00, 0x4A60, 0x09C1, 0x01A2, 0x01E3, 0x0243, 0x0284, 0x02C4,
    0x02E4, 0x0325, 0x0346, 0x03A6, 0x0427, 0x03E7, 0x0305, 0x0203, 0x0182, 0x0162, 0x01A3, 0x0203,
    0x0264, 0x0285, 0x02A5, 0x02A6, 0x02E7, 0x0349, 0x03EC, 0x04B1, 0x1554, 0x0492, 0x028E, 0x010B,
    0x00CB, 0x00EB, 0x010C, 0x012E, 0x014F, 0x0171, 0x0192, 0x01F4, 0xA61E, 0xF7FF, 0xB67E, 0x014F,
    0x010C, 0x010D, 0x010D, 0x010D, 0x010D, 0x010D, 0x012D, 0x00CC, 0x3A4A, 0xFEE1, 0xFE81, 0xA5A7,
    0x1CAA, 0x044B, 0x03CB, 0x032C, 0x028C, 0x020D, 0x016D, 0x010D, 0x00EC, 0x00CC, 0x00AB, 0x00CC,
    0x00EC, 0x012D, 0x11CF, 0x32B2, 0x53B6, 0x7CB9, 0x9DBC, 0xBE7E, 0xCF1F, 0xDF5F, 0xDF7F, 0xDF5F,
    0xD73F, 0xD73F, 0xDF5F, 0xCEFF, 0xCF1F, 0xD73F, 0xC6DF, 0xCF1F, 0xCEFF, 0xCEFF, 0xC6DF, 0xC6DF,
    0xC6DF, 0xC6DF, 0xC6DF, 0xC6FF, 0xC6FF, 0xC6DF, 0xC6DF, 0xC6DF, 0xC6DF, 0xC6DF, 0xC6DF, 0xC6DF,
    0xC6DF, 0xC6DF, 0xCEFF, 0xD71F, 0xB400, 0xA380, 0x9340, 0x9340, 0x9340, 0x9B60, 0xA380, 0xC460,
    0x6A84, 0x000C, 0x00AE, 0x08D1, 0x00B0, 0x008E, 0x006C, 0x006B, 0x008D, 0x008E, 0x008F, 0x006F,
    0x004D, 0x004B, 0x0049, 0x0049, 0x0069, 0x0069, 0x0069, 0x0089, 0x008B, 0x008B, 0x00AC, 0x00AD,
    0x00CE, 0x00D0, 0x00F1, 0x0132, 0x0154, 0x0975, 0x0975, 0x0954, 0x0912, 0x08F0, 0x00CE, 0x008C,
    0x8B43, 0xD4A0, 0xCC80, 0xDD00, 0xF5A0, 0xFE20, 0xFE61, 0xFE20, 0xE520, 0xB3E0, 0x8300, 0x4A61,
    0x1202, 0x01E3, 0x0223, 0x0284, 0x02E4, 0x0305, 0x0346, 0x03A7, 0x0427, 0x0427, 0x0365, 0x0243,
    0x0182, 0x0162, 0x01A2, 0x0203, 0x0264, 0x02C5, 0x02E6, 0x02E6, 0x0307, 0x0348, 0x03AB, 0x042E,
    0x04F2, 0x0514, 0x03B0, 0x01CD, 0x00CB, 0x00EB, 0x010C, 0x012E, 0x014F, 0x0171, 0x0193, 0x0215,
    0xA61E, 0xF7FF, 0xB65E, 0x014F, 0x010C, 0x010D, 0x010D, 0x010D, 0x010D, 0x010D, 0x012D, 0x00ED,
    0x2A0B, 0xBCE5, 0x532A, 0x01ED, 0x01CC, 0x014D, 0x00EC, 0x00AC, 0x006B, 0x006B, 0x00AC, 0x010D,
    0x098F, 0x2251, 0x4354, 0x6C58, 0x8D3A, 0xAE1D, 0xC6DF, 0xD73F, 0xDF7F, 0xDF7F, 0xDF5F, 0xDF7F,
    0xD71F, 0xD71F, 0xDF5F, 0xDF5F, 0xD75F, 0xBE9E, 0x951A, 0xCEFF, 0xBEBE, 0x5374, 0x4313, 0xAE3D,
    0xD73F, 0xCEDF, 0xC6DF, 0xC6DF, 0xC6DF, 0xC6DF, 0xC6DF, 0xC6DF, 0xC6DF, 0xC6FF, 0xC6FF, 0xC6DF,
    0xC6DF, 0xC6DF, 0xC6DF, 0xC6DF, 0xC6DF, 0xC6DF, 0xCEFF, 0xD71F, 0xCC80, 0xB3E0, 0x9B60, 0x9340,
    0x9340, 0x9340, 0x9B80, 0x9B80, 0x296A, 0x39EE, 0x6394, 0x7C77, 0x9D19, 0x7CB7, 0x7C96, 0x8CB7,
    0x63F4, 0x7415, 0x7C58, 0x7C38, 0x5334, 0x3230, 0x218E, 0x10EB, 0x0069, 0x0028, 0x0028, 0x0029,
    0x004A, 0x008A, 0x00AC, 0x00AC, 0x08EE, 0x00EF, 0x00D0, 0x0111, 0x0132, 0x0154, 0x0975, 0x0974,
    0x0953, 0x0111, 0x08EF, 0x00AE, 0x190A, 0xB420, 0xC460, 0xCC80, 0xDD20, 0xF5C0, 0xFE40, 0xFE61,
    0xFE00, 0xD4C0, 0xABA0, 0xA380, 0x8B60, 0x5AE1, 0x1A62, 0x0263, 0x0284, 0x02E5, 0x0345, 0x03A6,
    0x0407, 0x0448, 0x03A6, 0x02A4, 0x01C2, 0x0162, 0x0182, 0x01E3, 0x0264, 0x02C5, 0x0306, 0x0326,
    0x0327, 0x0348, 0x0369, 0x03CC, 0x0490, 0x0513, 0x0493, 0x02CF, 0x012C, 0x00CC, 0x010D, 0x012E,
    0x014F, 0x0171, 0x0193, 0x0A15, 0xAE1E, 0xF7DF, 0xB65E, 0x014F, 0x010C, 0x012D, 0x010D, 0x012D,
    0x012D, 0x012D, 0x012D, 0x012D, 0x010C, 0x008C, 0x006C, 0x008B, 0x008B, 0x00EC, 0x096E, 0x1A10,
    0x3AF3, 0x5BF6, 0x84FA, 0xA5DC, 0xBE7E, 0xCF1F, 0xDF5F, 0xDF7F, 0xDF7F, 0xD75F, 0xCF1F, 0xCEFF,
    0xCEFF, 0xD71F, 0xD73F, 0xA5FC, 0xCEFF, 0xCEFF, 0x5BB5, 0x5BB5, 0xBE5D, 0x42F3, 0x42B2, 0x5353,
    0x63F6, 0x3AD3, 0x6416, 0xBE7E, 0xCF1F, 0xCEDF, 0xC6DF, 0xC6DF, 0xC6DF, 0xC6DF, 0xC6DF, 0xC6DF,
    0xC6DF, 0xC6DF, 0xC6DF, 0xC6DF, 0xC6DF, 0xC6DF, 0xC6DF, 0xC6DF, 0xC6DF, 0xC6DF, 0xCEFF, 0xCF1F,
    0xDD00, 0xC460, 0xABC0, 0x9B60, 0x9340, 0x9340, 0x9340, 0x93C7, 0x8452, 0x53EC, 0x8D33, 0x4C8D,
    0x7DD4, 0x8E35, 0x85F5, 0x7D93, 0x5CD0, 0x9DF6, 0x6591, 0x7DD3, 0xE75E, 0xD6DD, 0x8513, 0x7472,
    0x8433, 0x6350, 0x4A8E, 0x31CD, 0x214D, 0x008B, 0x002A, 0x0009, 0x8455, 0x8477, 0x008E, 0x00F0,
    0x0111, 0x0132, 0x0153, 0x0174, 0x0954, 0x0932, 0x00F0, 0x08CE, 0x006D, 0x4A06, 0xC460, 0xBC40,
    0xCCA0, 0xE540, 0xFE00, 0xFE61, 0xFE61, 0xFDC0, 0xD4C0, 0xABC0, 0xA3A0, 0xABE0, 0xA3C0, 0x7B61,
    0x3B02, 0x0AE4, 0x02E5, 0x0366, 0x03E7, 0x0447, 0x0407, 0x0305, 0x0203, 0x0182, 0x0182, 0x01C3,
    0x0244, 0x02C5, 0x0326, 0x0327, 0x0347, 0x0348, 0x0349, 0x038B, 0x040E, 0x0491, 0x04F3, 0x03D2,
    0x020E, 0x00EC, 0x00EC, 0x012E, 0x0150, 0x0171, 0x0192, 0x0A15, 0xA61E, 0xEFDF, 0xAE3E, 0x016F,
    0x010D, 0x012D, 0x010C, 0x00EC, 0x00CC, 0x00AB, 0x00CC, 0x00EC, 0x014E, 0x1A10, 0x3AD3, 0x53D6,
    0x7CB9, 0x9D9C, 0xB65E, 0xC6FF, 0xD75F, 0xDF7F, 0xDF7F, 0xDF7F, 0xDF7F, 0xD71F, 0xCEFF, 0xCEFF,
    0xCEFF, 0xCEFF, 0xDF5F, 0xDF5F, 0xD71F, 0xCEFF, 0x4B75, 0x3A71, 0x5BB5, 0x53B5, 0x7497, 0x4B33,
    0x5395, 0xCF1E, 0x7CB8, 0x5374, 0x3271, 0x7457, 0x42F3, 0x5BB5, 0xDF7F, 0xC6DF, 0xC6DF, 0xC6DF,
    0xC6DF, 0xC6DF, 0xC6DF, 0xC6DF, 0xC6DF, 0xC6DF, 0xC6DF, 0xC6DF, 0xC6DF, 0xC6DF, 0xC6DF, 0xC6DF,
    0xC6DF, 0xC6DF, 0xCEFF, 0xCF1F, 0xED60, 0xDCE0, 0xBC40, 0xA3A0, 0x9340, 0x9340, 0x8B20, 0x940E,
    0x5B8D, 0x436B, 0x43AC, 0x3B8B, 0x6D11, 0x7DD4, 0x7DB3, 0x85D4, 0x6D72, 0xA657, 0x246B, 0x3CAD,
    0xDF3E, 0xDEDD, 0x2B8A, 0x6C70, 0xBDB8, 0x9D14, 0x3329, 0x7490, 0x8D14, 0x6BF1, 0x73D4, 0x4250,
    0x52B1, 0x29F0, 0x002C, 0x00CE, 0x00F0, 0x0111, 0x0132, 0x0153, 0x0154, 0x0953, 0x0111, 0x00CF,
    0x00AD, 0x00AB, 0x8B42, 0xBC20, 0xBC20, 0xD4C0, 0xED60, 0xFE00, 0xFE40, 0xFE40, 0xF5A0, 0xD4A0,
    0xB400, 0xABC0, 0xB3E0, 0xBC20, 0xC460, 0xB480, 0x8442, 0x43E4, 0x03C7, 0x0428, 0x0448, 0x0365,
    0x0263, 0x01A2, 0x0162, 0x01A2, 0x0203, 0x02A5, 0x0306, 0x0327, 0x0347, 0x0368, 0x0369, 0x036A,
    0x03AC, 0x042F, 0x04B2, 0x0472, 0x02F0, 0x016D, 0x00ED, 0x012E, 0x0150, 0x0171, 0x0192, 0x0A15,
    0xA5FE, 0xEFBF, 0xAE1D, 0x00ED, 0x00AC, 0x00ED, 0x014E, 0x11D0, 0x32B2, 0x5396, 0x7499, 0x957B,
    0xAE3E, 0xC6DF, 0xD73F, 0xD75F, 0xDF5F, 0xD73F, 0xD75F, 0xD73F, 0xCEDF, 0xCEFF, 0xCF1F, 0xAE1D,
    0x8D1A, 0xA5FD, 0xDF5F, 0xD71F, 0xD73F, 0xD73F, 0x9D9C, 0x8D5A, 0xD73F, 0xBE9E, 0x9DBB, 0x84F9,
    0x4B54, 0x32B1, 0xC6FF, 0x6C36, 0x7457, 0xB63C, 0x32B2, 0xCF1E, 0x3291, 0x7477, 0x4B54, 0x7477,
    0xD75F, 0xC6DF, 0xC6DF, 0xC6DF, 0xC6DF, 0xC6DF, 0xC6DF, 0xC6DF, 0xC6DF, 0xC6DF, 0xC6DF, 0xC6DF,
    0xC6DF, 0xC6DF, 0xC6DF, 0xC6DF, 0xC6DF, 0xC6DF, 0xCEFF, 0xCEFF, 0xF5C0, 0xE540, 0xD4A0, 0xB400,
    0x9B80, 0x9340, 0x9362, 0x9471, 0x8431, 0x4B2B, 0x63CF, 0x7411, 0x7C33, 0x6C13, 0x7C96, 0xA55A,
    0x84F7, 0x9559, 0xADFA, 0xAE3A, 0xD6FD, 0xDEFE, 0x6D12, 0x8D54, 0xCE3B, 0x84D3, 0x3B8A, 0x7CD2,
    0x336A, 0x338A, 0xB638, 0x7D52, 0x9DB7, 0x9CF8, 0x42B2, 0x090F, 0x004E, 0x00B0, 0x0132, 0x0153,
    0x0153, 0x0153, 0x0932, 0x00F0, 0x08CE, 0x008D, 0x39A7, 0xB400, 0xB3E0, 0xBC40, 0xD4E0, 0xED80,
    0xFE00, 0xFE40, 0xFE20, 0xF580, 0xD4C0, 0xC440, 0xBC20, 0xBC20, 0xBC40, 0xD4C0, 0xED40, 0xF580,
    0xCD61, 0x6CE5, 0x0C48, 0x03C7, 0x02E4, 0x01E3, 0x0162, 0x0182, 0x01C3, 0x0244, 0x02E5, 0x0346,
    0x0367, 0x0388, 0x0389, 0x038A, 0x038C, 0x03CE, 0x0450, 0x04B3, 0x03D1, 0x020E, 0x010D, 0x012E,
    0x0150, 0x0171, 0x0192, 0x0A15, 0xA61E, 0xEFBF, 0xAE5E, 0x4B96, 0x6C79, 0x8D3B, 0xA5FD, 0xBE9F,
    0xCEFF, 0xCF3F, 0xD75F, 0xDF9F, 0xDF7F, 0xD73F, 0xCEFF, 0xC6BF, 0xCEFF, 0xDF5F, 0x9D9B, 0x957B,
    0xDF9F, 0xC6DF, 0xDF5F, 0x959C, 0x32B4, 0x9DBC, 0xC6BE, 0x5396, 0x5395, 0x6C57, 0x2210, 0x6C58,
    0xC6DF, 0xDF5F, 0xB65D, 0x3AD3, 0xCF1E, 0x4313, 0x6417, 0x3AD3, 0x7CB8, 0x118F, 0x2A31, 0x6C37,
    0xB65D, 0x5354, 0x7CB9, 0xCF1F, 0xC6DF, 0xC6DF, 0xC6DF, 0xC6DF, 0xC6FF, 0xC6DF, 0xC6DF, 0xC6DF,
    0xC6DF, 0xC6DF, 0xC6DF, 0xC6DF, 0xC6DF, 0xC6DF, 0xC6DF, 0xC6DF, 0xC6DF, 0xC6DF, 0xCEFF, 0xCEFF,
    0xFDE0, 0xF580, 0xDD00, 0xC460, 0xABC0, 0x9B60, 0x8303, 0x422D, 0x29AB, 0x10EA, 0x0889, 0x0069,
    0x006A, 0x008C, 0x00AF, 0x00AF, 0x00F1, 0x0112, 0x0932, 0x1172, 0x19B2, 0x2A32, 0x4AB3, 0x52F1,
    0x6B93, 0x73F2, 0xA556, 0xC61A, 0x6CB0, 0x7531, 0x7D32, 0x6D11, 0x7D92, 0xAE97, 0x85D4, 0xC67B,
    0x7C37, 0x29D2, 0x0090, 0x00D1, 0x0132, 0x0153, 0x0133, 0x0111, 0x00CF, 0x00AD, 0x008B, 0x8B41,
    0xB3E0, 0xABE0, 0xC460, 0xDD00, 0xF5A0, 0xFE00, 0xFE20, 0xFE00, 0xED80, 0xDCE0, 0xCC80, 0xC460,
    0xC460, 0xC480, 0xD4C0, 0xED60, 0xFDE0, 0xFE40, 0xD604, 0x4CA6, 0x0325, 0x0223, 0x0182, 0x0162,
    0x01A3, 0x0204, 0x02A5, 0x0326, 0x0368, 0x03A9, 0x03AA, 0x03AB, 0x03AC, 0x03AD, 0x03EF, 0x0471,
    0x0472, 0x02F0, 0x016E, 0x010E, 0x0150, 0x0172, 0x0193, 0x0A15, 0xA61E, 0xE77F, 0xCEFF, 0xC6FF,
    0xCF3F, 0xCF1F, 0xCEFF, 0xC6DF, 0xC6BF, 0xC6BF, 0xBEBF, 0x8D5B, 0x6438, 0x74DA, 0x6438, 0xD75F,
    0xA5FD, 0xBE9E, 0x9D9B, 0x957B, 0x84F9, 0x3AB3, 0x851A, 0x6417, 0x7C98, 0x4314, 0x3292, 0x4334,
    0x4B54, 0x7CB9, 0x5BD6, 0x2A31, 0xB63D, 0xC6DF, 0x11D0, 0x2A72, 0x7477, 0xAE1D, 0x5354, 0x955A,
    0xC6DE, 0xA5DC, 0xBE9E, 0xC6DF, 0xCF1F, 0xDF7F, 0xD75F, 0xC6DF, 0xCEFF, 0xCEFF, 0xCEFF, 0xCF1F,
    0xB67E, 0xBE9F, 0xC6FF, 0xC6DF, 0xC6DF, 0xC6DF, 0xC6DF, 0xC6DF, 0xC6DF, 0xC6DF, 0xC6DF, 0xC6DF,
    0xC6DF, 0xC6DF, 0xCEFF, 0xCEFF, 0xFE00, 0xF5C0, 0xED60, 0xD4C0, 0xB400, 0xABA0, 0x5203, 0x0008,
    0x0007, 0x31EC, 0x192A, 0x0028, 0x0069, 0x008A, 0x00AD, 0x08EF, 0x0110, 0x0111, 0x0111, 0x00F1,
    0x00D0, 0x00AF, 0x004C, 0x002A, 0x0029, 0x006A, 0x10EC, 0x3210, 0x6374, 0x8454, 0xADB7, 0x7D52,
    0xAE77, 0x6D71, 0x6D72, 0xBEB9, 0x7DB3, 0x85B5, 0x9D1A, 0x3A55, 0x00B1, 0x00D1, 0x0133, 0x0111,
    0x00EF, 0x00CE, 0x006D, 0x4A05, 0xB3E0, 0xA3A0, 0xB3E0, 0xC480, 0xDD20, 0xF5A0, 0xFDE0, 0xFE00,
    0xFDE0, 0xED60, 0xD4E0, 0xCCA0, 0xC480, 0xC460, 0xCCA0, 0xDD00, 0xED80, 0xFE00, 0xFE82, 0xFE62,
    0x84A3, 0x0284, 0x01C3, 0x0162, 0x0182, 0x01C3, 0x0244, 0x02E6, 0x0367, 0x03A9, 0x03CA, 0x03CB,
    0x03AC, 0x03AC, 0x03AD, 0x0410, 0x0472, 0x0391, 0x020F, 0x012F, 0x0150, 0x0172, 0x0193, 0x0A15,
    0xA61E, 0xE77F, 0xC6DF, 0xBE9F, 0xBEBF, 0xBEBF, 0xBEBF, 0xC6BF, 0xC6BF, 0xCF1F, 0x9DBC, 0x1A11,
    0x7CD9, 0x8D5B, 0x4B96, 0x8D3A, 0x32B3, 0x3AF4, 0x5BD6, 0x4B75, 0x4334, 0xC6DF, 0x8D3A, 0x3292,
    0xB65D, 0x4334, 0x5354, 0x3A92, 0x6C58, 0xA5DC, 0x5BD6, 0x6C37, 0xC6DF, 0xC6BF, 0xA5DC, 0xB65E,
    0xC6BF, 0xD71F, 0xDF7F, 0xDF5F, 0xCF1F, 0xD75F, 0xD73F, 0xCF1F, 0xCEFF, 0xC6DF, 0xCEDF, 0xCEFF,
    0xC6BF, 0xBE9F, 0xB67F, 0xAE5E, 0x9DDD, 0xAE3E, 0xCEFF, 0xC6DF, 0xC6DF, 0xC6DF, 0xC6DF, 0xC6DF,
    0xC6DF, 0xC6DF, 0xC6DF, 0xC6DF, 0xC6DF, 0xC6DF, 0xCEFF, 0xCEFF, 0xFE00, 0xFDE0, 0xF5A0, 0xE520,
    0xC480, 0xB400, 0x41A4, 0x0029, 0x0048, 0x426D, 0x218B, 0x0028, 0x0069, 0x0069, 0x008B, 0x00AD,
    0x00CF, 0x00F0, 0x0111, 0x0111, 0x0110, 0x00F0, 0x00CE, 0x00AC, 0x008B, 0x006A, 0x006A, 0x006C,
    0x006D, 0x004A, 0x10EB, 0x422E, 0x9497, 0x9575, 0x7571, 0xAE98, 0x34AC, 0x5D70, 0xCF3B, 0x75B4,
    0x7CB8, 0x3215, 0x00D2, 0x0112, 0x0110, 0x00CE, 0x008E, 0x1909, 0xA3A0, 0xA3A0, 0xA3C0, 0xB420,
    0xCCA0, 0xE540, 0xED80, 0xF5C0, 0xF5C0, 0xED80, 0xE540, 0xD4E0, 0xCCA0, 0xC460, 0xC460, 0xCCA0,
    0xDD20, 0xF5A0, 0xFE00, 0xFE63, 0xFE61, 0x9C81, 0x0A23, 0x0162, 0x0162, 0x0183, 0x01E4, 0x0285,
    0x0327, 0x0388, 0x03EA, 0x040C, 0x03ED, 0x03CD, 0x03AD, 0x03CF, 0x0431, 0x0412, 0x02D0, 0x018F,
    0x0130, 0x0172, 0x0173, 0x0A35, 0xAE3E, 0xE77F, 0xC6DF, 0xBE9F, 0xC6DF, 0xC6BF, 0xBEBF, 0xBEBF,
    0xBEBF, 0xCF1F, 0x9DDC, 0x2232, 0x6C57, 0x955B, 0x5BD7, 0x4314, 0x42F4, 0x6418, 0x4B75, 0x5BD6,
    0x4B34, 0x4313, 0x851A, 0x7CB9, 0x4314, 0xADFC, 0xCF3F, 0x957B, 0xB63D, 0xCF1F, 0xC6DF, 0xD73F,
    0xCF1F, 0xCF1F, 0xDF5F, 0xD75F, 0xD73F, 0xCF1F, 0xCF1F, 0xC6DF, 0xCEFF, 0xBE9E, 0xBE9F, 0xAE5E,
    0xADFD, 0xCF1F, 0xAE1E, 0x8D5C, 0x8D5C, 0x959C, 0x9DDD, 0x7CFB, 0x853B, 0xAE5E, 0xCEFF, 0xC6DF,
    0xC6DF, 0xC6DF, 0xC6DF, 0xC6DF, 0xC6DF, 0xC6DF, 0xC6DF, 0xC6DF, 0xC6DF, 0xC6DF, 0xC6DF, 0xCEFF,
    0xFE00, 0xFDE0, 0xF5C0, 0xED80, 0xD4E0, 0xC460, 0x41A5, 0x0009, 0x0068, 0x0028, 0x0048, 0x0048,
    0x0048, 0x0049, 0x006A, 0x008B, 0x00AD, 0x00CF, 0x00B0, 0x00D1, 0x00F1, 0x00F0, 0x00CF, 0x00AD,
    0x008B, 0x008A, 0x008B, 0x00CD, 0x08EF, 0x00CD, 0x0029, 0x194C, 0x218C, 0x10AA, 0x52D1, 0x9D18,
    0xAE79, 0xB6F9, 0x75B3, 0x44EF, 0xDF9D, 0xB69B, 0x5BD6, 0x0932, 0x00B0, 0x00EF, 0x00CE, 0x00AD,
    0x8302, 0xABE0, 0xA3A0, 0xABC0, 0xBC40, 0xCCC0, 0xD4E0, 0xDD20, 0xDD20, 0xDD20, 0xD500, 0xD4C0,
    0xCCA0, 0xC460, 0xBC40, 0xBC20, 0xCCA0, 0xE540, 0xF5C0, 0xFE21, 0xFE63, 0xFE20, 0xA420, 0x19C2,
    0x0142, 0x0182, 0x01C3, 0x0224, 0x02C6, 0x0368, 0x03CA, 0x042C, 0x044D, 0x040E, 0x03CE, 0x03AF,
    0x03F0, 0x0432, 0x0372, 0x0211, 0x0150, 0x0172, 0x0173, 0x0A35, 0xA61F, 0xDF5F, 0xC6DF, 0xBE9F,
    0xC6DF, 0xBEBF, 0xBEBF, 0xBEBF, 0xBEBF, 0xCF1F, 0x957C, 0x2232, 0x7CD9, 0x7CFA, 0x3AD3, 0x84FA,
    0x5375, 0x84FA, 0x9DBC, 0xAE3D, 0xAE3D, 0x2A73, 0xC6DF, 0xD75F, 0xD73F, 0xD71F, 0xCEFF, 0xD75F,
    0xD73F, 0xCF1F, 0xCF1F, 0xC6DF, 0xCF1F, 0xB67E, 0xAE3D, 0xB67E, 0xAE3E, 0xB65E, 0x9DBC, 0x959D,
    0x959C, 0x9DBD, 0x851B, 0x9DBC, 0x9DBC, 0xB65E, 0x9DDD, 0xA5FD, 0x957C, 0xA5FD, 0x9DBD, 0x957C,
    0xA5DD, 0xB65E, 0xCEFF, 0xC6DF, 0xC6DF, 0xC6DF, 0xC6DF, 0xC6DF, 0xC6DF, 0xC6DF, 0xC6DF, 0xC6DF,
    0xC6DF, 0xC6DF, 0xC6FF, 0xCEFF, 0xFE00, 0xFDE0, 0xFDC0, 0xF5A0, 0xE520, 0xDCE0, 0x49E5, 0x0029,
    0x0068, 0x0068, 0x0069, 0x0048, 0x0048, 0x0048, 0x0069, 0x006A, 0x008B, 0x00AD, 0x3A73, 0x21D2,
    0x00D1, 0x00F0, 0x00CF, 0x00AE, 0x00AC, 0x008B, 0x008A, 0x008C, 0x00CE, 0x08EF, 0x004B, 0x52D0,
    0x6B72, 0x0008, 0x0009, 0x004B, 0x29B0, 0x7C37, 0x85B6, 0x9676, 0xDF5D, 0x4D30, 0x8E16, 0xB5FD,
    0x3254, 0x008F, 0x00CE, 0x008E, 0x6265, 0xB400, 0xA380, 0xA3A0, 0xB400, 0xB400, 0xBC40, 0xC460,
    0xC460, 0xC460, 0xC460, 0xBC40, 0xB400, 0xABE0, 0xABE0, 0xABE0, 0xBC20, 0xCCC0, 0xE540, 0xF5E0,
    0xFE42, 0xFE42, 0xF5C0, 0xA3A0, 0x3201, 0x0182, 0x0183, 0x01E3, 0x0265, 0x0307, 0x0389, 0x040C,
    0x044E, 0x044F, 0x0410, 0x03CF, 0x03AF, 0x0411, 0x03F2, 0x02B2, 0x0191, 0x0172, 0x0173, 0x0A35,
    0xA61F, 0xDF5F, 0xC6DF, 0xB69F, 0xBEBF, 0xBEBF, 0xBEBF, 0xBEBF, 0xBEBF, 0xC6DF, 0xAE3E, 0x6417,
    0x74B9, 0xA5FD, 0xAE5E, 0xC6DF, 0xCF1F, 0xCF1F, 0xCF1F, 0xD71F, 0xC6BF, 0xA5FD, 0xBEBE, 0xC6BF,
    0xC6DF, 0xBEBF, 0xCF1F, 0xC6BF, 0xBE7E, 0xAE3E, 0x9DBD, 0x8D7C, 0xB67E, 0xB65E, 0x957C, 0x853C,
    0x8D3C, 0x959C, 0x959D, 0xA61D, 0x8D3C, 0x8D5C, 0xAE1D, 0xA5FD, 0x9DBD, 0xBEBF, 0xBE9F, 0xC6DF,
    0xC6BF, 0xBE9F, 0xC6FF, 0xC6FF, 0xCEFF, 0xCEFF, 0xC6DF, 0xC6DF, 0xC6DF, 0xC6DF, 0xC6DF, 0xC6DF,
    0xC6DF, 0xC6DF, 0xC6DF, 0xBEBF, 0xBEBF, 0xBEBF, 0xBEBF, 0xBEBF, 0xFE00, 0xFDE0, 0xF5C0, 0xF5A0,
    0xED60, 0xE540, 0x6264, 0x002A, 0x0068, 0x0068, 0x0068, 0x0068, 0x0048, 0x0068, 0x0068, 0x0069,
    0x008A, 0x008B, 0x94D7, 0x6396, 0x00B0, 0x0111, 0x00F0, 0x00CF, 0x00AD, 0x008B, 0x008B, 0x008B,
    0x00AD, 0x00CE, 0x00AD, 0x006B, 0x0049, 0x0069, 0x0069, 0x008A, 0x006B, 0x004C, 0x2191, 0x7438,
    0xB65B, 0x5531, 0x85D7, 0xA679, 0x6D55, 0x5336, 0x00AE, 0x006D, 0x41E8, 0xB420, 0xA380, 0xA3A0,
    0xA3C0, 0xB400, 0xBC40, 0xBC20, 0xB400, 0xABE0, 0xABE0, 0xABE0, 0xA3A0, 0x9B80, 0x9B60, 0x9B80,
    0xA3C0, 0xC460, 0xDD00, 0xF5A0, 0xFE00, 0xFE41, 0xFE41, 0xE520, 0x9340, 0x5A60, 0x19C1, 0x0183,
    0x01E4, 0x0285, 0x0328, 0x03CB, 0x042E, 0x0470, 0x0450, 0x0410, 0x03B0, 0x03D0, 0x0412, 0x0352,
    0x01F1, 0x0172, 0x0172, 0x0A36, 0xA61F, 0xDF5F, 0xC6BF, 0xB69F, 0xBEBF, 0xBEBF, 0xBEBF, 0xBEBF,
    0xBEBF, 0xBEBF, 0xC6DF, 0xD73F, 0xD73F, 0xCF1F, 0xCF1F, 0xC6DF, 0xC6DF, 0xC6DF, 0xC6BF, 0xBEBF,
    0xB67F, 0xBE9F, 0xA5FE, 0x9DDD, 0xAE1E, 0x959D, 0xC6BF, 0x959C, 0x8D5C, 0x853C, 0x9DBD, 0xA5FD,
    0xAE3E, 0xBE9F, 0x959D, 0x9DDD, 0xAE3E, 0xB67E, 0xB67F, 0xC6BF, 0xAE1E, 0xAE3D, 0xCF1F, 0xC6FF,
    0xC6FF, 0xC6FF, 0xCEFF, 0xC6FF, 0xC6FF, 0xCEFF, 0xC6DF, 0xC6DF, 0xC6DF, 0xC6DF, 0xBEBF, 0xBEBF,
    0xBEBF, 0xBEBF, 0xBE9F, 0xBE9F, 0xBE9F, 0xBE9F, 0xBE9F, 0xBEBF, 0xBEBF, 0xBEBF, 0xC6DF, 0xCEFF,
    0xFE00, 0xFDC0, 0xEDA0, 0xED80, 0xED60, 0xED80, 0x8323, 0x002A, 0x0069, 0x0048, 0x0068, 0x0068,
    0x0068, 0x0048, 0x0048, 0x0068, 0x0069, 0x008A, 0x00CD, 0x00EF, 0x00D0, 0x00F0, 0x00F0, 0x00CF,
    0x00CD, 0x008C, 0x008B, 0x006B, 0x008C, 0x00AD, 0x00CE, 0x00AD, 0x008A, 0x0069, 0x0069, 0x0069,
    0x008A, 0x00AC, 0x00AE, 0x008F, 0x21B2, 0x6C16, 0xBE7C, 0x5D13, 0x3C30, 0xB65C, 0x6C16, 0x08EF,
    0x2949, 0xB420, 0xA380, 0x9B60, 0x9B80, 0xBC40, 0xC480, 0xC460, 0xB420, 0xABE0, 0xABE0, 0xA3A0,
    0x9B80, 0x9360, 0x9340, 0x9360, 0x9360, 0x8BA0, 0x83C1, 0x8442, 0x94A2, 0xBD43, 0xE5E3, 0xFDE0,
    0xCC80, 0x8B00, 0x72A0, 0x4A61, 0x1A03, 0x0225, 0x02A7, 0x0349, 0x03CC, 0x042F, 0x0470, 0x0431,
    0x03D0, 0x038F, 0x03D1, 0x0392, 0x0272, 0x0192, 0x0172, 0x0A35, 0xA61F, 0xDF3F, 0xBEBF, 0xB67F,
    0xBEBF, 0xBE9F, 0xBE9F, 0xBE9F, 0xBEBF, 0xBEBF, 0xC6DF, 0x9DBD, 0xB65F, 0xA61E, 0xAE3E, 0xB67F,
    0x9DDE, 0x9DDD, 0xA5FE, 0x8D3C, 0x8D7C, 0xA5FE, 0x8D5D, 0x7CDB, 0x9DDD, 0xA5FD, 0xBEBF, 0x9DDD,
    0x9DDE, 0xB65E, 0xBE9F, 0xC6BF, 0xC6BF, 0xC6DF, 0xBEBF, 0xC6FF, 0xCEFF, 0xCEFF, 0xCEFF, 0xCEFF,
    0xCEFF, 0xCEFF, 0xC6DF, 0xC6DF, 0xC6DF, 0xC6DF, 0xC6DF, 0xBEBF, 0xBEBF, 0xBEBF, 0xBEBF, 0xBE9F,
    0xBE9F, 0xBE9F, 0xBE9F, 0xBEBF, 0xBEBF, 0xBEBF, 0xC6DF, 0xC6DF, 0xC6DF, 0xC6DF, 0xC6DF, 0xC6DF,
    0xC6DF, 0xC6DF, 0xC6FF, 0xCEFF, 0xFE00, 0xF5E0, 0xED80, 0xED60, 0xE540, 0xED80, 0xB441, 0x008A,
    0x0069, 0x0068, 0x0068, 0x0048, 0x0027, 0x08C9, 0x0089, 0x0048, 0x0068, 0x0069, 0x006B, 0x008D,
    0x00CE, 0x00CF, 0x00EF, 0x00CF, 0x008D, 0x29CF, 0x73F3, 0x00AB, 0x008B, 0x00AD, 0x00CE, 0x00AD,
    0x008B, 0x0069, 0x0069, 0x0069, 0x006A, 0x008B, 0x00AD, 0x08EF, 0x00CF, 0x00AF, 0x3233, 0x5C55,
    0x7D37, 0x64F4, 0x5491, 0x5BD4, 0x39EC, 0xABE0, 0x9B80, 0x8B20, 0x9360, 0xB440, 0xCCC0, 0xCCC0,
    0xC480, 0xBC40, 0xB420, 0xABE0, 0xA3C0, 0xA3A0, 0x9360, 0x5AC0, 0x2A42, 0x0A23, 0x0244, 0x02A5,
    0x0306, 0x0387, 0x2C27, 0x74A6, 0xBCE1, 0xABC0, 0x7AC0, 0x7AE0, 0x7AE0, 0x52C2, 0x1A85, 0x02C8,
    0x034B, 0x03CD, 0x0430, 0x0451, 0x03F1, 0x038F, 0x0390, 0x03B2, 0x02D3, 0x01D3, 0x0152, 0x0A35,
    0xA5FF, 0xD73F, 0xBE9F, 0xB67F, 0xBE9F, 0xB69F, 0xB69F, 0xB69F, 0xBE9F, 0xBEBF, 0xB69F, 0x74DB,
    0x853C, 0x9DDD, 0x8D5C, 0x8D7D, 0x853C, 0x9DDE, 0x959D, 0x957D, 0x9DBD, 0x9DBD, 0xA61E, 0xAE3E,
    0xBE9F, 0xBE9F, 0xC6FF, 0xC6FF, 0xC6DF, 0xCEFF, 0xC6FF, 0xC6DF, 0xC6DF, 0xC6DF, 0xC6DF, 0xC6DF,
    0xC6DF, 0xC6BF, 0xC6BF, 0xC6BF, 0xBEBF, 0xBEBF, 0xBEBF, 0xBEBF, 0xBEBF, 0xBEBF, 0xBEBF, 0xBEBF,
    0xBEBF, 0xBEBF, 0xC6DF, 0xC6DF, 0xC6DF, 0xC6DF, 0xC6DF, 0xC6DF, 0xC6DF, 0xC6DF, 0xC6DF, 0xC6DF,
    0xC6DF, 0xC6DF, 0xC6DF, 0xC6DF, 0xC6DF, 0xC6DF, 0xC6DF, 0xCEFF, 0xFE00, 0xF5C0, 0xED80, 0xE540,
    0xDD20, 0xE520, 0xDD00, 0x2969, 0x004A, 0x0048, 0x0028, 0x3A0C, 0x298B, 0x0888, 0x0089, 0x0048,
    0x0068, 0x0069, 0x0069, 0x008B, 0x00AD, 0x00CE, 0x00CF, 0x00CF, 0x00AD, 0x112E, 0x29EF, 0x008B,
    0x008B, 0x00AD, 0x008D, 0x00AD, 0x00AC, 0x008A, 0x0069, 0x0069, 0x0069, 0x008A, 0x008B, 0x00AD,
    0x00CE, 0x00EF, 0x008E, 0x08CE, 0x5B76, 0x64B5, 0x43F0, 0x6CB5, 0x94D6, 0xAC01, 0x9B60, 0x7AC0,
    0x8B00, 0xA3C0, 0xC460, 0xD4C0, 0xCCC0, 0xC480, 0xBC60, 0xC460, 0xBC20, 0x8361, 0x2A42, 0x01A3,
    0x01A3, 0x01C3, 0x0204, 0x0264, 0x02E5, 0x0346, 0x03A7, 0x03A7, 0x2386, 0x7BC3, 0x9360, 0x7AE0,
    0x7AE0, 0x8321, 0x8343, 0x5B25, 0x2328, 0x034C, 0x03EE, 0x0431, 0x0411, 0x0390, 0x0370, 0x03B2,
    0x0333, 0x0213, 0x0153, 0x0A15, 0x9DDE, 0xCF1F, 0xB69F, 0xAE5F, 0xB69F, 0xB67F, 0xB67F, 0xB69F,
    0xB69F, 0xBEBF, 0x9DFE, 0x9DDD, 0x959D, 0x853C, 0xA61E, 0xA61E, 0xAE5E, 0xBEBF, 0xB69F, 0xBEBF,
    0xBEBF, 0xB67F, 0xCEFF, 0xC6DF, 0xC6DF, 0xC6DF, 0xC6DF, 0xC6DF, 0xC6BF, 0xBEBF, 0xBEBF, 0xBEBF,
    0xC6BF, 0xC6BF, 0xBEBF, 0xBEBF, 0xBEBF, 0xBEBF, 0xBEBF, 0xBEBF, 0xC6BF, 0xC6BF, 0xC6DF, 0xC6DF,
    0xC6DF, 0xC6DF, 0xC6DF, 0xC6DF, 0xC6DF, 0xC6DF, 0xC6DF, 0xC6DF, 0xC6DF, 0xC6DF, 0xC6DF, 0xC6DF,
    0xC6DF, 0xC6DF, 0xC6DF, 0xC6DF, 0xC6DF, 0xC6DF, 0xC6DF, 0xC6DF, 0xC6DF, 0xC6DF, 0xC6DF, 0xCEFF,
    0xFE00, 0xFDC0, 0xED80, 0xE540, 0xDD00, 0xD4E0, 0xE540, 0x72E5, 0x004B, 0x110A, 0x0048, 0x29AB,
    0x216A, 0x0028, 0x0048, 0x0048, 0x0028, 0x0048, 0x0049, 0x006A, 0x008B, 0x00CD, 0x008D, 0x42B2,
    0x3252, 0x004C, 0x004A, 0x0069, 0x008A, 0x008B, 0x29D0, 0x112E, 0x008C, 0x008B, 0x006A, 0x0069,
    0x0069, 0x0069, 0x008A, 0x008C, 0x00AD, 0x00CD, 0x00CD, 0x00AC, 0x004B, 0x21D0, 0x6435, 0x8D1A,
    0x8CB5, 0xA402, 0x8B20, 0x7281, 0x72A1, 0x8B20, 0xABE0, 0xC480, 0xC4A0, 0xCCA0, 0xCCA0, 0xAC21,
    0x5322, 0x0A44, 0x01E4, 0x01C3, 0x01A3, 0x01C3, 0x01E4, 0x0204, 0x0285, 0x02E6, 0x0367, 0x0387,
    0x0367, 0x0B26, 0x5323, 0x7B01, 0x72C1, 0x72E2, 0x8323, 0x9BA4, 0x93E5, 0x63E9, 0x1BAC, 0x03F0,
    0x0411, 0x03B1, 0x0370, 0x03B2, 0x0373, 0x0253, 0x0173, 0x0A15, 0x9DDE, 0xCEFF, 0xB67F, 0xAE5F,
    0xB67F, 0xB67F, 0xB67F, 0xB67F, 0xB67F, 0xB67F, 0xB67F, 0xBEBF, 0xBE9F, 0xAE5F, 0xBEBF, 0xBEBF,
    0xBEBF, 0xBEBF, 0xBEBF, 0xBEBF, 0xBE9F, 0xBEBF, 0xBE9F, 0xBE9F, 0xBEBF, 0xBEBF, 0xBEBF, 0xBEBF,
    0xC6BF, 0xC6BF, 0xC6DF, 0xC6DF, 0xC6DF, 0xC6DF, 0xC6DF, 0xC6DF, 0xC6DF, 0xC6DF, 0xCEFF, 0xC6FF,
    0xC6DF, 0xCEFF, 0xCEFF, 0xC6FF, 0xC6FF, 0xCF1F, 0xCEFF, 0xC6FF, 0xB67F, 0xBEBF, 0xC6DF, 0xC6DF,
    0xC6DF, 0xC6DF, 0xC6DF, 0xC6DF, 0xC6DF, 0xC6DF, 0xC6DF, 0xC6DF, 0xC6DF, 0xC6DF, 0xC6DF, 0xC6DF,
    0xC6DF, 0xC6DF, 0xC6DF, 0xCEFF, 0xFE00, 0xF5C0, 0xED80, 0xE540, 0xD500, 0xCCC0, 0xD4E0, 0xB420,
    0x110A, 0x428F, 0x08A9, 0x0027, 0x0047, 0x0068, 0x0048, 0x08A9, 0x194A, 0x0068, 0x0048, 0x0069,
    0x006A, 0x00AB, 0x008C, 0x112E, 0x1990, 0x114E, 0x008B, 0x0069, 0x0069, 0x006A, 0x4AF2, 0x218F,
    0x006C, 0x00AC, 0x008A, 0x0069, 0x0069, 0x0069, 0x006A, 0x008A, 0x008B, 0x00AC, 0x008C, 0x008B,
    0x00AC, 0x004B, 0x112D, 0x5BB6, 0x8432, 0x93A2, 0x8322, 0x6241, 0x6241, 0x72A1, 0x8B40, 0xAC00,
    0xBC61, 0xA421, 0x6383, 0x1AC5, 0x0285, 0x0244, 0x0204, 0x01E4, 0x01A3, 0x01A3, 0x01A3, 0x01C4,
    0x0224, 0x0285, 0x0306, 0x0347, 0x0367, 0x0327, 0x02C6, 0x42C4, 0x6AC3, 0x72C3, 0x72C3, 0x7B04,
    0x93A5, 0xAC46, 0x9C68, 0x542D, 0x0C10, 0x03D1, 0x0371, 0x03B2, 0x03B4, 0x0293, 0x0172, 0x0A15,
    0x9DDF, 0xCEFF, 0xB67F, 0xA63F, 0xB67F, 0xAE7F, 0xAE7F, 0xAE7F, 0xAE7F, 0xB67F, 0xB67F, 0xB67F,
    0xB67F, 0xB69F, 0xB69F, 0xB69F, 0xB69F, 0xB69F, 0xBE9F, 0xBE9F, 0xBE9F, 0xBE9F, 0xBEBF, 0xBEBF,
    0xBEBF, 0xBEBF, 0xC6BF, 0xC6BF, 0xC6DF, 0xC6DF, 0xBEBF, 0xBEBF, 0xBEBF, 0xBE9F, 0xB67F, 0xBE9F,
    0xC6DF, 0xC6DF, 0xB67F, 0xAE5F, 0xBEBF, 0xAE7F, 0x8DBE, 0x857E, 0x857D, 0x7D5D, 0x6CFD, 0x8D9E,
    0x859E, 0xB67F, 0xC6DF, 0xC6DF, 0xC6DF, 0xC6DF, 0xC6DF, 0xC6DF, 0xC6DF, 0xC6DF, 0xC6DF, 0xC6DF,
    0xC6DF, 0xC6DF, 0xC6DF, 0xC6DF, 0xC6DF, 0xC6DF, 0xC6DF, 0xC6FF, 0xFDE0, 0xFE00, 0xED80, 0xE540,
    0xD4E0, 0xCCA0, 0xBC60, 0xCCA0, 0x5245, 0x004B, 0x0069, 0x0048, 0x0068, 0x0068, 0x0048, 0x00A9,
    0x21AB, 0x0048, 0x0048, 0x0048, 0x0069, 0x006A, 0x008B, 0x006C, 0x00CD, 0x090D, 0x008B, 0x0069,
    0x0069, 0x0069, 0x006A, 0x008B, 0x008B, 0x008B, 0x008A, 0x0069, 0x0069, 0x0069, 0x0069, 0x006A,
    0x008A, 0x006A, 0x112D, 0x090D, 0x006A, 0x008A, 0x006A, 0x00CD, 0x5ACB, 0x8342, 0x72C3, 0x5A22,
    0x5202, 0x5A42, 0x7AC1, 0x8320, 0x4A61, 0x01A2, 0x0204, 0x0224, 0x0203, 0x0265, 0x0225, 0x01E4,
    0x01C4, 0x01A4, 0x01A4, 0x01A4, 0x01C4, 0x0225, 0x02A6, 0x0307, 0x0327, 0x0327, 0x02E7, 0x0A86,
    0x42A5, 0x62A4, 0x62A4, 0x6AC5, 0x7306, 0x8BA6, 0xAC67, 0xB4C9, 0x8CAC, 0x3C30, 0x03B2, 0x03B2,
    0x03D4, 0x02D3, 0x0192, 0x0A15, 0x95DF, 0xC6DF, 0xAE5F, 0xA61F, 0xA65F, 0xA63F, 0xA63F, 0xAE5F,
    0xAE5F, 0xAE5F, 0xAE5F, 0xAE5F, 0xB67F, 0xB67F, 0xB69F, 0xB69F, 0xB69F, 0xBE9F, 0xBEBF, 0xBEBF,
    0xBE9F, 0xBEBF, 0xBE9F, 0xBE9F, 0xBEBF, 0xBEBF, 0xBEBF, 0xC6DF, 0xBEBF, 0xA63F, 0xAE5F, 0x7D1C,
    0x5C19, 0x959D, 0xAE3F, 0xAE5F, 0xC6DF, 0xC6DF, 0x7D7E, 0x7D5D, 0x64BD, 0x6CFD, 0x6CFD, 0x7D5D,
    0x857D, 0x7D5D, 0x95DE, 0xB67F, 0xC6DF, 0xCEFF, 0xC6FF, 0xBEDF, 0xC6DF, 0xC6DF, 0xC6DF, 0xCEFF,
    0xCEFF, 0xC6DF, 0xC6DF, 0xC6DF, 0xBEBF, 0xC6DF, 0xC6DF, 0xC6DF, 0xC6DF, 0xC6DF, 0xC6DF, 0xC6FF,
    0x3C25, 0xC541, 0xFDC0, 0xE540, 0xD4E0, 0xC480, 0xB440, 0xB420, 0x9BA0, 0x10C8, 0x0049, 0x0068,
    0x0048, 0x0068, 0x0068, 0x112A, 0x0088, 0x0047, 0x0048, 0x0048, 0x0048, 0x0069, 0x006A, 0x008B,
    0x008B, 0x00EC, 0x090C, 0x006A, 0x0068, 0x0069, 0x0069, 0x006A, 0x008A, 0x008A, 0x006A, 0x0069,
    0x0069, 0x0069, 0x0069, 0x0069, 0x0069, 0x0049, 0x198D, 0x19AE, 0x0049, 0x112C, 0x08EB, 0x002A,
    0x41E6, 0x72E4, 0x6284, 0x5203, 0x49C3, 0x5203, 0x41C2, 0x4AA9, 0x9535, 0x7471, 0x1A06, 0x330A,
    0x8D53, 0x12C7, 0x0225, 0x0205, 0x01C4, 0x0184, 0x0184, 0x0184, 0x0184, 0x01C5, 0x0226, 0x0286,
    0x02E7, 0x0307, 0x0307, 0x02A7, 0x0A46, 0x4265, 0x5265, 0x5266, 0x62A6, 0x7B27, 0x93E7, 0xA489,
    0xB4CA, 0x9CAC, 0x542F, 0x13D2, 0x03D3, 0x0354, 0x01F3, 0x0A15, 0x8DBE, 0xBEBF, 0xA63F, 0x9E1F,
    0xA63F, 0xA63F, 0xA63F, 0xA65F, 0xAE5F, 0xAE5F, 0xAE5F, 0xAE7F, 0xAE7F, 0xB67F, 0xB67F, 0xB69F,
    0xB69F, 0xB67F, 0xA61F, 0x9DFE, 0x9DDE, 0x9DDE, 0x959E, 0x9DBE, 0xB67F, 0xBEBF, 0xBEBF, 0xC6BF,
    0xB69F, 0xA63F, 0x9DFF, 0x5BF9, 0x4B97, 0x7CDB, 0xAE5F, 0xAE5F, 0xC6DF, 0xC6DF, 0xB69F, 0xAE5F,
    0xA65F, 0xAE9F, 0xAE7F, 0xA65F, 0x95FF, 0x85BF, 0x755F, 0x651F, 0x4C9F, 0x3C3F, 0x2BFF, 0x1B9F,
    0x6D3F, 0xCEFF, 0xB69F, 0x95FF, 0x95FF, 0xB69F, 0x757F, 0x6D3F, 0x6D3F, 0x859F, 0xC6DF, 0xC6DF,
    0xC6DF, 0xC6DF, 0xC6DF, 0xC6DF, 0x03C7, 0x0386, 0x7C62, 0xE560, 0xDD00, 0xBC80, 0xB420, 0xA3C0,
    0xA3C0, 0x6284, 0x006A, 0x0089, 0x0068, 0x0068, 0x0068, 0x10E9, 0x0088, 0x0048, 0x0088, 0x0068,
    0x0068, 0x0069, 0x0069, 0x006A, 0x004A, 0x21AE, 0x2A0F, 0x0069, 0x0069, 0x112C, 0x00AA, 0x0069,
    0x008A, 0x008A, 0x0069, 0x0069, 0x0069, 0x0069, 0x0069, 0x0069, 0x0069, 0x0049, 0x0049, 0x0069,
    0x0069, 0x00AA, 0x008A, 0x08A9, 0x4A25, 0x5A65, 0x5A44, 0x4A04, 0x41A4, 0x3984, 0x1146, 0xD6FC,
    0xFFFF, 0xFFFF, 0xEF9E, 0xEF7E, 0xFFFF, 0x1A88, 0x0205, 0x0205, 0x01C5, 0x01A5, 0x0184, 0x0164,
    0x0185, 0x0185, 0x01E5, 0x0246, 0x0287, 0x02C7, 0x02E7, 0x02A7, 0x0247, 0x1227, 0x3A26, 0x4A27,
    0x5267, 0x62C7, 0x7B48, 0x7BA9, 0x63CB, 0x43AD, 0x2BAF, 0x0B91, 0x03B3, 0x0395, 0x0274, 0x0A76,
    0x8D9E, 0xBEBF, 0xA63F, 0x9E1F, 0xA63F, 0xA63F, 0xA63F, 0xA63F, 0xA63F, 0xA65F, 0xAE5F, 0xAE5F,
    0xAE5F, 0xAE7F, 0xB67F, 0xB67F, 0xB67F, 0x95DE, 0x74BC, 0x647A, 0x645A, 0x643A, 0x5C1A, 0x6C9B,
    0xA61F, 0xBEBF, 0xBEBF, 0xC6BF, 0xB69F, 0xA63F, 0xA61F, 0x5C19, 0x4BB8, 0x853C, 0xAE5F, 0xAE5F,
    0xBEBF, 0xCEFF, 0x7D9F, 0x2BDF, 0x23BF, 0x135F, 0x033F, 0x02FF, 0x02DF, 0x02BF, 0x02BF, 0x02BF,
    0x02DF, 0x02DF, 0x02FF, 0x02DF, 0x4C7F, 0xCEFF, 0x7D9E, 0x54BE, 0x757F, 0x961F, 0x6D3F, 0x755F,
    0x9E1F, 0x7D9F, 0xBE9F, 0xC6DF, 0xC6DF, 0xC6DF, 0xC6DF, 0xC6DF, 0x0407, 0x03A6, 0x0325, 0x3BA4,
    0xB4A0, 0xCCA0, 0xAC00, 0x9BA0, 0x8300, 0x7AE0, 0x2945, 0x0009, 0x0028, 0x0007, 0x0007, 0x0006,
    0x0007, 0x0047, 0x090A, 0x00C9, 0x0007, 0x0028, 0x0048, 0x0049, 0x0049, 0x008A, 0x00AA, 0x0028,
    0x0008, 0x0048, 0x0028, 0x0008, 0x0008, 0x0008, 0x0008, 0x0008, 0x0049, 0x0028, 0x0008, 0x0008,
    0x0008, 0x0048, 0x0028, 0x08EA, 0x090B, 0x0007, 0x0008, 0x08A6, 0x39A4, 0x41E5, 0x4A05, 0x41E5,
    0x3185, 0x00A5, 0x2A0A, 0xFFFF, 0xA576, 0x73D0, 0xDF1C, 0xFFFF, 0x9D56, 0x0165, 0x01E5, 0x01E5,
    0x01A4, 0x0164, 0x0124, 0x0124, 0x0104, 0x0124, 0x0144, 0x0185, 0x01E6, 0x0267, 0x02C8, 0x02A7,
    0x0226, 0x01A6, 0x0986, 0x29A6, 0x3A07, 0x4A69, 0x3A69, 0x228B, 0x02CD, 0x02EE, 0x030F, 0x0310,
    0x0352, 0x0374, 0x02F4, 0x1338, 0x95BF, 0xBE9F, 0xA61F, 0x9DFF, 0xA63F, 0xA61F, 0xA61F, 0xA63F,
    0xA63F, 0xA63F, 0xA65F, 0xAE5F, 0xAE5F, 0xAE5F, 0xAE7F, 0xB67F, 0xAE7F, 0x8D7E, 0x53FA, 0x4BB8,
    0x4BB8, 0x4BB8, 0x4398, 0x5C3A, 0x9DFE, 0xBEBF, 0xBE9F, 0xBEBF, 0xB69F, 0xA63F, 0xB69F, 0x74DB,
    0x53B8, 0x9DFE, 0xAE7F, 0xAE5F, 0xBEBF, 0xCEFF, 0x341F, 0x029F, 0x02DF, 0x02DF, 0x02DF, 0x02DF,
    0x02DF, 0x02DF, 0x02DF, 0x02DF, 0x02DF, 0x02DF, 0x02DF, 0x02BF, 0x54BF, 0xC6DF, 0xB69F, 0xAE7F,
    0xAE7F, 0xAE5F, 0xBEBF, 0xC6DF, 0xC6DF, 0xC6DF, 0xC6DF, 0xC6DF, 0xC6DF, 0xC6DF, 0xC6DF, 0xC6FF,
    0x0427, 0x03C6, 0x0365, 0x0305, 0x0B04, 0x73C2, 0xAC00, 0x9BA1, 0x8BA6, 0x8387, 0x7B48, 0x39EB,
    0x298C, 0x298C, 0x298B, 0x298C, 0x214B, 0x0067, 0x29CD, 0x29AC, 0x298B, 0x190B, 0x0048, 0x0048,
    0x0048, 0x0049, 0x0048, 0x192B, 0x29AD, 0x296C, 0x298C, 0x298C, 0x29CD, 0x2A2F, 0x29CE, 0x29CE,
    0x00AA, 0x216C, 0x29AC, 0x29AD, 0x214C, 0x0069, 0x0089, 0x0048, 0x0069, 0x29AC, 0x52F0, 0x6BAF,
    0x632C, 0x31A7, 0x2944, 0x29A6, 0x0906, 0x00A6, 0x0085, 0x320A, 0x4ACD, 0x428C, 0x6BB0, 0x6390,
    0x0106, 0x0124, 0x01C6, 0x01A5, 0x2269, 0x2AAA, 0x2A69, 0x2A49, 0x2A49, 0x2A49, 0x2A6A, 0x2A8A,
    0x22AA, 0x0248, 0x0206, 0x0288, 0x3B8C, 0x5BF0, 0x5BF0, 0x530D, 0x21E9, 0x0148, 0x01AA, 0x022B,
    0x02AD, 0x030E, 0x030F, 0x02F0, 0x02F0, 0x0311, 0x0333, 0x13B7, 0x8DBE, 0xB69F, 0x9E1F, 0x95FF,
    0x9E1F, 0x9E1F, 0x9E1F, 0xA63F, 0xA63F, 0xA63F, 0xA63F, 0xA65F, 0xAE5F, 0xAE5F, 0xAE7F, 0xAE7F,
    0xAE7F, 0x8D7E, 0x53FA, 0x4B98, 0x4BB8, 0x4BB8, 0x4BB8, 0x5C3A, 0x9DFE, 0xBEBF, 0xBE9F, 0xBEBF,
    0xBE9F, 0xA61F, 0x7CFC, 0x53F9, 0x4BB8, 0x5C19, 0x74BB, 0xA63F, 0xBEBF, 0xCEFF, 0x3C3F, 0x029F,
    0x02FF, 0x031F, 0x0B3F, 0x135F, 0x1B9F, 0x23DF, 0x343F, 0x447F, 0x54BF, 0x64FF, 0x755F, 0x859F,
    0xAE7F, 0xC6DF, 0xC6DF, 0xC6DF, 0xC6DF, 0xC6DF, 0xC6DF, 0xBEBF, 0xBEBF, 0xBEBF, 0xC6DF, 0xC6DF,
    0xC6DF, 0xC6DF, 0xC6DF, 0xC6FF, 0x0407, 0x0406, 0x0386, 0x0325, 0x02C5, 0x02A5, 0x32A3, 0x8383,
    0xF77C, 0xFFFF, 0xF7DF, 0xFFDF, 0xF7DF, 0xF7DF, 0xF7BF, 0xFFFF, 0xBE1A, 0x298B, 0xFFDF, 0xF7BF,
    0xFFFF, 0x9D17, 0x0007, 0x0068, 0x0048, 0x0069, 0x0007, 0xAD78, 0xFFFF, 0xF7BF, 0xFFDF, 0xF7DF,
    0xF7DF, 0xF7DF, 0xFFFF, 0xEF9E, 0x29AD, 0xD6BC, 0xFFFF, 0xFFFF, 0xCE9B, 0x0089, 0x0028, 0x31AD,
    0xBDFA, 0xFFDF, 0xFFFF, 0xFFFF, 0xFFFF, 0xDEFB, 0x634E, 0x00C6, 0x0107, 0x0065, 0x5B2F, 0xCE9B,
    0xFFFF, 0xFFFF, 0xFFFF, 0xF79E, 0xBE39, 0x328B, 0x0125, 0x09A6, 0xD6FB, 0xFFFF, 0xF7DF, 0xFFDF,
    0xFFDF, 0xFFDF, 0xF7BF, 0xFFFF, 0xC67A, 0x0125, 0x3B2C, 0xCEDB, 0xFFFF, 0xFFFF, 0xFFFF, 0xFFFF,
    0xD6FC, 0x5BD2, 0x098A, 0x020B, 0x028D, 0x030F, 0x0330, 0x0310, 0x02CF, 0x028F, 0x02D1, 0x0395,
    0x653C, 0xA63F, 0x9DFF, 0x95DF, 0x9E1F, 0x9DFF, 0x9E1F, 0x9E1F, 0xA63F, 0x9E3F, 0xA63F, 0xA61F,
    0x9E1F, 0x9E1F, 0xA61F, 0xA63F, 0xAE7F, 0x8D7E, 0x53FA, 0x4398, 0x4BB8, 0x43B8, 0x4398, 0x5C3A,
    0x9DFE, 0xBEBF, 0xBE9F, 0xBEBF, 0xB69F, 0x6C9B, 0x4BB8, 0x53F9, 0x645A, 0x647A, 0x6C7A, 0xA61E,
    0xC6DF, 0xBEBF, 0x9E1F, 0x859F, 0x95FF, 0x9E3F, 0xA65F, 0xB69F, 0xBEBF, 0xC6DF, 0xC6FF, 0xCF1F,
    0xCF1F, 0xCF1F, 0xCEFF, 0xCEFF, 0xC6DF, 0xBEDF, 0xBEDF, 0xBEBF, 0xBEBF, 0xBEBF, 0xBEBF, 0xBEBF,
    0xBEDF, 0xC6DF, 0xC6DF, 0xC6DF, 0xC6DF, 0xC6DF, 0xC6DF, 0xC6DF, 0x03C6, 0x03E7, 0x03C6, 0x0345,
    0x02C5, 0x0285, 0x0204, 0x1A45, 0xEF7D, 0xFFFF, 0xF7DF, 0xFFFF, 0xFFFF, 0xFFFF, 0xFFFF, 0xFFFF,
    0xC65A, 0x29AC, 0xFFFF, 0xF7DF, 0xFFFF, 0xA537, 0x0006, 0x0068, 0x0048, 0x0048, 0x0007, 0xAD78,
    0xFFFF, 0xF7DF, 0xFFFF, 0xFFFF, 0xFFFF, 0xFFFF, 0xFFFF, 0xF7BF, 0x218C, 0xD6DC, 0xFFFF, 0xFFFF,
    0xCE9B, 0x0007, 0x31CD, 0xF79E, 0xFFFF, 0xF7DF, 0xF7DF, 0xFFFF, 0xF7BF, 0xFFFF, 0xFFFF, 0x4AEE,
    0x0045, 0x7412, 0xFFFF, 0xFFFF, 0xF7DF, 0xFFFF, 0xFFFF, 0xF7DF, 0xFFFF, 0xF7BE, 0x324B, 0x00E5,
    0xDF1C, 0xFFFF, 0xF7DF, 0xFFFF, 0xFFFF, 0xFFFF, 0xFFFF, 0xFFFF, 0xC67A, 0x19E9, 0xEF7E, 0xFFFF,
    0xF7DF, 0xFFFF, 0xFFFF, 0xFFFF, 0xFFFF, 0xFFFF, 0x2A8D, 0x01AA, 0x026D, 0x02EE, 0x0330, 0x0330,
    0x02EF, 0x026F, 0x024F, 0x02F1, 0x3478, 0x859D, 0x8DDF, 0x8DDF, 0x95FF, 0x95FF, 0x9DFF, 0x9E1F,
    0x8DBF, 0x751E, 0x649D, 0x5C7C, 0x5C5C, 0x543B, 0x647C, 0x95BF, 0xAE5F, 0x857E, 0x53FA, 0x4398,
    0x4399, 0x4398, 0x4398, 0x5C1A, 0x9DDE, 0xBEBF, 0xB69F, 0xBEBF, 0xBE9F, 0xAE3E, 0xAE5F, 0xB69F,
    0xBEBF, 0xBEDF, 0xC6DF, 0xC6DF, 0xBEBF, 0xBEBF, 0xC6DF, 0xCEFF, 0xC6DF, 0xC6DF, 0xC6FF, 0xC6DF,
    0xC6DF, 0xC6DF, 0xC6DF, 0xC6DF, 0xC6DF, 0xBEBF, 0xBEBF, 0xBEBF, 0xBEBF, 0xC6DF, 0xC6DF, 0xBEDF,
    0xC6DF, 0xC6DF, 0xC6DF, 0xC6DF, 0xC6DF, 0xC6DF, 0xC6DF, 0xC6DF, 0xC6DF, 0xC6DF, 0xC6DF, 0xC6DF,
    0x0345, 0x03C6, 0x03E6, 0x0366, 0x02E5, 0x0265, 0x0204, 0x1226, 0xE75D, 0xFFFF, 0xFFDF, 0xF7BF,
    0xDF1C, 0xDF1C, 0xDEFC, 0xE71D, 0xAD78, 0x29AC, 0xFFFF, 0xF7BF, 0xFFFF, 0x9D37, 0x0006, 0x0068,
    0x0048, 0x0068, 0x0006, 0xAD78, 0xFFFF, 0xF7BF, 0xF7DF, 0xDF1D, 0xDEFC, 0xDEFD, 0xDF1D, 0xCE7B,
    0x212A, 0xD6DC, 0xFFFF, 0xFFFF, 0xCE7B, 0x0047, 0xC65B, 0xFFFF, 0xEF9F, 0xFFFF, 0xE75E, 0xDEFC,
    0xFFFF, 0xEFBF, 0xFFFF, 0xC67A, 0x29A9, 0xFFDF, 0xF7DF, 0xF7BF, 0xFFFF, 0xDF1D, 0xE75E, 0xFFFF,
    0xF7BF, 0xFFFF, 0xCE9B, 0x0907, 0xD6DC, 0xFFFF, 0xF7DF, 0xF7BF, 0xDF1D, 0xDF1C, 0xDEFC, 0xE73D,
    0x9D36, 0x7412, 0xFFFF, 0xF7BF, 0xF7DF, 0x9D57, 0x9D37, 0xEF9E, 0xFFFF, 0x7C94, 0x0109, 0x01CB,
    0x020C, 0x02AE, 0x030F, 0x0330, 0x0310, 0x028F, 0x022E, 0x024F, 0x0BD3, 0x54D9, 0x755E, 0x8DBF,
    0x95DF, 0x95DF, 0x95FF, 0x95FF, 0x7D3E, 0x2B39, 0x0A34, 0x0A14, 0x0214, 0x01F3, 0x22D7, 0x7D3E,
    0xA63F, 0x855E, 0x53FA, 0x4399, 0x4399, 0x4398, 0x4398, 0x541A, 0x9DDE, 0xBE9F, 0xB69F, 0xB69F,
    0xB69F, 0xB69F, 0xB69F, 0xB69F, 0xAE5F, 0xAE5F, 0xAE3F, 0xAE5F, 0xBEBF, 0xBEBF, 0xBEBF, 0xBE9F,
    0xBEDF, 0xBEBF, 0xB69F, 0xBE9F, 0xAE5E, 0xAE5E, 0xAE5E, 0xC6BF, 0xA5FD, 0xB67F, 0xC6DF, 0xBEBF,
    0xBEBF, 0xBEBF, 0xBEDF, 0xBEDF, 0xC6DF, 0xC6DF, 0xC6DF, 0xC6DF, 0xC6DF, 0xC6DF, 0xC6DF, 0xC6DF,
    0xC6DF, 0xC6DF, 0xC6DF, 0xC6DF, 0x02C4, 0x0365, 0x03C6, 0x0386, 0x0305, 0x0265, 0x01E4, 0x1226,
    0xE75D, 0xFFFF, 0xFFFF, 0xCE9A, 0x1187, 0x1988, 0x1968, 0x1949, 0x0847, 0x29AB, 0xFFFF, 0xF7BF,
    0xFFFF, 0x9D17, 0x0006, 0x0068, 0x0048, 0x0068, 0x0006, 0xAD78, 0xFFFF, 0xF7DF, 0xEF9E, 0x29AC,
    0x10CA, 0x190A, 0x190B, 0x08A9, 0x0888, 0xDEFC, 0xFFFF, 0xFFFF, 0xBE1A, 0x39ED, 0xFFFF, 0xF7BF,
    0xFFFF, 0xCE9B, 0x194A, 0x08A7, 0xAD98, 0xFFFF, 0xEF9E, 0xBE1A, 0x9D16, 0xFFFF, 0xF7BF, 0xFFFF,
    0x94D5, 0x0888, 0x1929, 0xCE7B, 0xFFFF, 0xF7BF, 0xFFFF, 0x42AD, 0xCE7A, 0xFFFF, 0xFFFF, 0xC65A,
    0x1149, 0x1969, 0x198A, 0x198A, 0x00A6, 0x94F5, 0xFFFF, 0xF7BF, 0xF7BF, 0x6391, 0x1109, 0x21CB,
    0x6BF2, 0x0109, 0x0149, 0x018A, 0x01EB, 0x024D, 0x02EF, 0x0330, 0x0330, 0x02D0, 0x024E, 0x022E,
    0x0B72, 0x2C76, 0x4CBA, 0x755E, 0x8DDF, 0x8DDF, 0x8DDF, 0x95DF, 0x751E, 0x1297, 0x0150, 0x0171,
    0x0171, 0x0151, 0x1275, 0x751E, 0xA63F, 0x855E, 0x4BFA, 0x4399, 0x4399, 0x4399, 0x4398, 0x541A,
    0x95DE, 0xB69F, 0xB67F, 0xB69F, 0xAE7F, 0x9DFF, 0x9DFF, 0x647B, 0x4BD9, 0x855D, 0xA61F, 0xA61F,
    0xBE9F, 0xBEBF, 0x9DDD, 0x959D, 0x7CFC, 0x8D3C, 0x74BB, 0x7CBB, 0x7CDB, 0x7CFB, 0x8D3B, 0x9DBD,
    0x957D, 0xBE9F, 0xC6DF, 0xC6DF, 0xBEDF, 0xBEBF, 0xBEBF, 0xBEBF, 0xBEBF, 0xBEDF, 0xBEDF, 0xBEDF,
    0xC6DF, 0xC6DF, 0xC6DF, 0xC6DF, 0xC6DF, 0xC6DF, 0xC6DF, 0xC6DF, 0x0243, 0x02E4, 0x0365, 0x0386,
    0x0325, 0x0285, 0x0204, 0x1206, 0xE75D, 0xFFFF, 0xF7DF, 0xF7BF, 0xDEFC, 0xDEFC, 0xDEFC, 0xDF1C,
    0x21AA, 0x218A, 0xFFFF, 0xEFBF, 0xFFFF, 0x9D17, 0x0006, 0x0068, 0x0048, 0x0068, 0x0006, 0xAD78,
    0xFFFF, 0xF7BF, 0xF7BF, 0xDEFD, 0xD6DD, 0xD6BC, 0xE71D, 0x52D0, 0x0028, 0xDF1D, 0xF7FF, 0xFFFF,
    0xBDF9, 0x6B92, 0xFFFF, 0xEF9F, 0xFFFF, 0x73F3, 0x0006, 0x0087, 0x196B, 0x428E, 0x194A, 0x0067,
    0xB5F9, 0xFFFF, 0xF7BF, 0xF7DF, 0x218A, 0x0046, 0x0005, 0x6391, 0xFFFF, 0xEF9F, 0xFFFF, 0x73F2,
    0xC65A, 0xFFFF, 0xF7DF, 0xEF9E, 0xD6DC, 0xDEFC, 0xDEFD, 0xDF1C, 0x196A, 0x5B50, 0xFFFF, 0xEFBF,
    0xF7DF, 0xFFFF, 0xF7BF, 0xBE3A, 0x6391, 0x0929, 0x0129, 0x016A, 0x01AB, 0x01EC, 0x028E, 0x0330,
    0x0351, 0x0310, 0x026F, 0x022E, 0x0B51, 0x1C13, 0x1417, 0x54BC, 0x859F, 0x8DDF, 0x8DBF, 0x8DDF,
    0x6CFE, 0x1297, 0x0171, 0x0171, 0x0171, 0x0171, 0x1276, 0x74FE, 0xA63F, 0x7D5E, 0x4BFA, 0x4399,
    0x4399, 0x4399, 0x4399, 0x541B, 0x95BE, 0xB69F, 0xAE7F, 0xB69F, 0xAE5F, 0x9DFF, 0x8DBE, 0x4BB8,
    0x4377, 0x74FC, 0xA63F, 0xA61F, 0xB69F, 0xB69F, 0x9E5F, 0x9E5F, 0x9E3F, 0xAEBF, 0xA67F, 0xA65F,
    0xB69F, 0xBEBF, 0xB69F, 0xB67F, 0xB69F, 0xBE9F, 0xB69F, 0xB69F, 0xBE9F, 0xBEBF, 0xBEDF, 0xBEFF,
    0xBEDF, 0xBEDF, 0xC6BF, 0xC69F, 0xC6BF, 0xC6DF, 0xC6DF, 0xC6DF, 0xC6DF, 0xC6DF, 0xC6DF, 0xC6DF,
    0x01E3, 0x0263, 0x02E4, 0x0345, 0x0325, 0x02C5, 0x0224, 0x1206, 0xE75D, 0xFFFF, 0xF7DF, 0xFFFF,
    0xFFFF, 0xFFFF, 0xFFFF, 0xFFFF, 0x324B, 0x21C9, 0xFFFF, 0xEFBF, 0xFFFF, 0x9D17, 0x0006, 0x0068,
    0x0068, 0x0068, 0x0007, 0xAD78, 0xFFFF, 0xEFBF, 0xF7BF, 0xFFFF, 0xFFFF, 0xF7FF, 0xFFFF, 0x6372,
    0x0027, 0xDEFC, 0xF7DF, 0xFFFF, 0xBDF9, 0x7C13, 0xFFFF, 0xEF7F, 0xFFFF, 0x6371, 0x0026, 0x00C8,
    0x0047, 0x0005, 0x0047, 0x0067, 0xC65A, 0xFFFF, 0xF7DF, 0xE75E, 0x1929, 0x0088, 0x0026, 0x52CE,
    0xFFFF, 0xEFBF, 0xFFFF, 0x7C13, 0xC63A, 0xFFFF, 0xF7BF, 0xF7FF, 0xFFFF, 0xFFFF, 0xFFFF, 0xFFFF,
    0x322C, 0x0087, 0xBDF9, 0xFFFF, 0xFFFF, 0xF7DF, 0xF7DF, 0xFFFF, 0xFFFF, 0xC65A, 0x094A, 0x0129,
    0x016A, 0x01AB, 0x024D, 0x02EF, 0x0351, 0x0331, 0x02AF, 0x024F, 0x0310, 0x1391, 0x0373, 0x2C19,
    0x6D1E, 0x85BF, 0x85BF, 0x8DBF, 0x6CFE, 0x1297, 0x0151, 0x0171, 0x0171, 0x0171, 0x1276, 0x6CFE,
    0x9E1F, 0x7D5E, 0x543B, 0x4BDA, 0x4BFA, 0x4BFB, 0x4BFB, 0x5C7C, 0x95DF, 0xAE7F, 0xAE7F, 0xAE7F,
    0xA65F, 0x95FF, 0x8DBE, 0x53D9, 0x4378, 0x74FC, 0x9E1F, 0x9E1F, 0xB69F, 0xB6DF, 0xC55A, 0xDB71,
    0xDB71, 0xDAEF, 0xE2AD, 0xE28C, 0xEA0A, 0xE9EA, 0xAD5B, 0x9E1F, 0x9DDE, 0x95BE, 0x9DDE, 0x9DDE,
    0x9DDE, 0xBEBF, 0xC61D, 0xCCF8, 0xCD59, 0xC61D, 0xCD79, 0xCCF8, 0xCCB7, 0xC5BB, 0xC6DF, 0xC6BF,
    0xC6BF, 0xC6BF, 0xC6DF, 0xC6DF, 0x01A2, 0x0203, 0x0284, 0x02E5, 0x0306, 0x02C5, 0x0245, 0x1226,
    0xE75D, 0xFFFF, 0xF7DF, 0xEF9E, 0xD6DB, 0xD6DB, 0xD6DC, 0xDEFC, 0x21C9, 0x21C9, 0xF7DF, 0xEF9F,
    0xFFFF, 0x94F7, 0x0005, 0x0067, 0x0027, 0x0047, 0x0006, 0xAD98, 0xFFFF, 0xE79F, 0xEF9F, 0xCEDD,
    0xC69C, 0xCE9C, 0xD6FC, 0x4A8F, 0x0026, 0xD6DD, 0xEFDF, 0xF7FF, 0xB5D9, 0x6B92, 0xFFFF, 0xE77F,
    0xFFFF, 0x6BB3, 0x0006, 0x0067, 0x192A, 0x3A4D, 0x10E9, 0x0005, 0xBDFA, 0xFFFF, 0xEF9F, 0xEF9F,
    0x214A, 0x0067, 0x0005, 0x6350, 0xFFFF, 0xEF9F, 0xFFFF, 0x6BB2, 0xBE3A, 0xFFFF, 0xEFBF, 0xEF9F,
    0xD6BC, 0xD6DC, 0xD6DC, 0xCEBB, 0x21AB, 0x0067, 0x0087, 0x52EF, 0xBDF9, 0xEF9F, 0xFFFF, 0xF7BF,
    0xEF9F, 0xFFFF, 0x63D2, 0x00C8, 0x016A, 0x018B, 0x020C, 0x02CF, 0x0351, 0x0351, 0x02F0, 0x028F,
    0x02F0, 0x0330, 0x02D0, 0x0374, 0x4C9C, 0x7D7F, 0x859F, 0x85BF, 0x64FF, 0x0A98, 0x0171, 0x0172,
    0x0192, 0x0172, 0x1277, 0x6CFE, 0x9E1F, 0x8DBF, 0x64DE, 0x547D, 0x545D, 0x547D, 0x5CBE, 0x753F,
    0x9E3F, 0xAE7F, 0xA65F, 0xAE7F, 0xA63F, 0x95FF, 0x9E3F, 0x647B, 0x4398, 0x8D9E, 0x9E1F, 0xA61F,
    0xB67F, 0xAEDF, 0xDA8D, 0xF021, 0xF083, 0xF063, 0xF083, 0xF083, 0xF0A4, 0xF0A3, 0xAC98, 0x8DFF,
    0x9DBE, 0x9DDE, 0x9DDE, 0x9DDE, 0x9DDE, 0xB6BF, 0xC59B, 0xCC76, 0xD4B6, 0xC5DC, 0xC57A, 0xC61D,
    0xC5FC, 0xCD19, 0xBEDF, 0xBEBF, 0xBEBF, 0xBEBF, 0xC6DF, 0xC6DF, 0x0182, 0x01A2, 0x0223, 0x0284,
    0x02E5, 0x02C6, 0x0245, 0x1247, 0xE75D, 0xFFFF, 0xFFFF, 0xCE7A, 0x0926, 0x1147, 0x1148, 0x1128,
    0x0085, 0x2A0C, 0xEFBF, 0xE77F, 0xF7FF, 0xA578, 0x2109, 0x218B, 0x218C, 0x218C, 0x0889, 0xA578,
    0xF7FF, 0xE77F, 0xDF3E, 0x218D, 0x08AA, 0x10EB, 0x08CA, 0x0068, 0x08A9, 0xCEDC, 0xE7BF, 0xEFDF,
    0xB5DA, 0x3A2E, 0xF7DF, 0xE77F, 0xEFDF, 0xBE3B, 0x10C8, 0x0047, 0x9D57, 0xFFFF, 0xD71D, 0xA578,
    0xAD98, 0xF7DF, 0xE77F, 0xFFFF, 0x8454, 0x0026, 0x10E9, 0xC65B, 0xF7DF, 0xE79F, 0xF7FF, 0x3A4D,
    0xBE3B, 0xEFDF, 0xF7FF, 0xBE1A, 0x08C8, 0x112A, 0x112A, 0x0909, 0x08C8, 0x0005, 0x5310, 0x8454,
    0x0088, 0x08A8, 0x6392, 0xFFDF, 0xEFBF, 0xFFFF, 0x9517, 0x00C9, 0x014A, 0x016B, 0x01CC, 0x028E,
    0x0330, 0x0351, 0x0331, 0x02D0, 0x0310, 0x02F0, 0x026F, 0x02F2, 0x2C39, 0x6D3E, 0x859F, 0x85BF,
    0x64FF, 0x0A98, 0x0172, 0x0193, 0x0192, 0x0192, 0x0A97, 0x6CFF, 0x9E3F, 0x8DDF, 0x6D3F, 0x64DF,
    0x547E, 0x549E, 0x5CBF, 0x757F, 0x9E3F, 0xA65F, 0xA65F, 0xA65F, 0xA63F, 0x8D9F, 0x649B, 0x43B9,
    0x4398, 0x53F9, 0x6CDC, 0x9DFF, 0xAE7F, 0xAEDF, 0xDA8D, 0xF021, 0xF084, 0xF083, 0xF083, 0xF083,
    0xF083, 0xF0A4, 0xA4B9, 0x95FF, 0x9DBE, 0x9DDE, 0x9DDE, 0x9DDE, 0xA61E, 0xBEBF, 0xBE5E, 0xBE9E,
    0xBE9F, 0xBE7E, 0xBEBF, 0xBEBF, 0xBEDF, 0xBEDF, 0xBEBF, 0xBEBF, 0xBEBF, 0xBEBF, 0xBEBF, 0xC6DF,
    0x0162, 0x0182, 0x01C3, 0x0243, 0x02A4, 0x02A5, 0x0265, 0x1246, 0xE75D, 0xF7FF, 0xF7BF, 0xEF9E,
    0xD6DC, 0xCEDC, 0xCEBC, 0xD6FC, 0xADB8, 0x320C, 0xEF9F, 0xE79F, 0xE77F, 0xE77F, 0xE77F, 0xDF5F,
    0xD73E, 0xEFDF, 0x5B12, 0x8CD7, 0xEFFF, 0xDF5F, 0xD73F, 0xBE7C, 0xBE7C, 0xB65C, 0xBE7C, 0xBE5C,
    0x298D, 0xBE7C, 0xDF9F, 0xE79F, 0xBE3B, 0x0889, 0xC69C, 0xEFDF, 0xDF5F, 0xE7BF, 0xCEBD, 0xC67C,
    0xEFBF, 0xDF5F, 0xF7FF, 0xBE5B, 0x3A2D, 0xF7FF, 0xE79F, 0xE77F, 0xEFBF, 0xC67B, 0xD6FD, 0xEFDF,
    0xE77F, 0xF7FF, 0xBE3B, 0x0088, 0xC69C, 0xE7BF, 0xDF7F, 0xD73E, 0xC69C, 0xCEBC, 0xCEBC, 0xDF1D,
    0x9D16, 0x424C, 0xF79E, 0xFFFF, 0xD6DC, 0x8C95, 0xA558, 0xF7DF, 0xEF9F, 0xFFFF, 0x7454, 0x00C9,
    0x014B, 0x014B, 0x01AC, 0x022E, 0x02D0, 0x0331, 0x0332, 0x0311, 0x0351, 0x0311, 0x026F, 0x02F1,
    0x1418, 0x651E, 0x755F, 0x7D9F, 0x64FF, 0x0AB9, 0x0193, 0x01B3, 0x01B4, 0x01B3, 0x0A98, 0x64FF,
    0x85DF, 0x755F, 0x64FF, 0x54BF, 0x445E, 0x443D, 0x4C5E, 0x64FF, 0x8DDF, 0x9E3F, 0x9E3F, 0xA65F,
    0x9E3F, 0x5C3B, 0x4398, 0x4BD9, 0x53FA, 0x5419, 0x541A, 0x8DBE, 0xAE7F, 0xAE9F, 0xBCD8, 0xD310,
    0xCBB2, 0xCBD3, 0xCC14, 0xCC75, 0xC496, 0xC519, 0xB65F, 0xB67F, 0xB67F, 0xB69F, 0xB69F, 0xB69F,
    0xBEBF, 0xBEBF, 0xBEDF, 0xBEBF, 0xBEBF, 0xBEDF, 0xBEBF, 0xBEBF, 0xBEBF, 0xBEBF, 0xBEBF, 0xBEBF,
    0xBEBF, 0xBEBF, 0xBEBF, 0xC6DF, 0x0142, 0x0162, 0x0182, 0x01E3, 0x0244, 0x0285, 0x0244, 0x1266,
    0xE75D, 0xF7FF, 0xEFBF, 0xEFBF, 0xF7DF, 0xEFDF, 0xE7BF, 0xEFFF, 0xBE7C, 0x31EC, 0xE79F, 0xE77F,
    0xDF7F, 0xDF7F, 0xDF7F, 0xDF7F, 0xDF5F, 0xE7FF, 0x5311, 0x8CF8, 0xDFBF, 0xCF1F, 0xC71F, 0xBF1F,
    0xBF1F, 0xBF1F, 0xC73F, 0xC71F, 0x29AE, 0xAE3C, 0xD75F, 0xDF7F, 0xB63C, 0x0007, 0x3A4E, 0xE7BF,
    0xE7BF, 0xDF5F, 0xE79F, 0xE79F, 0xDF5F, 0xE79F, 0xEFDF, 0x428E, 0x0005, 0x8CD6, 0xF7FF, 0xE79F,
    0xDF7F, 0xE7BF, 0xE79F, 0xDF7F, 0xEFFF, 0xEF9F, 0x31EC, 0x0047, 0xAE5C, 0xCF5F, 0xCF1F, 0xD75F,
    0xE79F, 0xE7BF, 0xEFBF, 0xFFFF, 0xBE1A, 0xB5D9, 0xFFFF, 0xEFBF, 0xF7DF, 0xFFFF, 0xFFFF, 0xEFBF,
    0xFFFF, 0xEF9E, 0x1A0D, 0x012A, 0x014B, 0x016B, 0x018C, 0x020E, 0x02B0, 0x0311, 0x0332, 0x0311,
    0x0352, 0x0352, 0x0291, 0x02B1, 0x03B6, 0x3C7B, 0x4C7E, 0x64FF, 0x54BF, 0x0AD9, 0x01D4, 0x01D4,
    0x01D4, 0x01D4, 0x0278, 0x341E, 0x5CDF, 0x3C1E, 0x3C1E, 0x445E, 0x443D, 0x443D, 0x443D, 0x549F,
    0x85BF, 0x9E3F, 0x9E3F, 0x9E3F, 0x9E3F, 0x95FF, 0x9E1F, 0x9E3F, 0xA63F, 0xA65F, 0xAE7F, 0xA65F,
    0xAE7F, 0xA65F, 0xA6BF, 0xA6DF, 0xA6DF, 0xA6DF, 0xAEFF, 0xAEDF, 0xAEDF, 0xB6DF, 0xB69F, 0xB69F,
    0xBEBF, 0xBEBF, 0xBEBF, 0xBEBF, 0xBE9F, 0xBE9F, 0xBEBF, 0xBEBF, 0xBEBF, 0xBEBF, 0xBEBF, 0xBEBF,
    0xBEBF, 0xBEBF, 0xBEBF, 0xBEBF, 0xBEBF, 0xBEBF, 0xBEBF, 0xBEBF, 0x0142, 0x0142, 0x0162, 0x01A3,
    0x0203, 0x0244, 0x0224, 0x1246, 0xE75D, 0xF7DF, 0xEFBF, 0xEFBF, 0xEF9F, 0xDF7F, 0xD75F, 0xD77F,
    0x9DDA, 0x320C, 0xDF9F, 0xDF7F, 0xDF5F, 0xDF7F, 0xDF7F, 0xDF5F, 0xD75F, 0xE7DF, 0x52F1, 0x84D7,
    0xCF9F, 0xA69F, 0x967F, 0x7E3F, 0x75FF, 0x75FF, 0x7E3F, 0x8E3F, 0x198C, 0x9E1C, 0xC73F, 0xC73F,
    0x9DDB, 0x0068, 0x0007, 0x3A2E, 0xB65C, 0xD73F, 0xD73F, 0xD73F, 0xD75F, 0xBE9C, 0x4AAF, 0x0046,
    0x00A8, 0x0047, 0x6BD3, 0xD71D, 0xEFBF, 0xEFDF, 0xEFDF, 0xE79F, 0xB61A, 0x31ED, 0x0027, 0x08C8,
    0x8DDC, 0x9EBF, 0x9E9F, 0xAEDF, 0xB6FF, 0xCF3F, 0xDF7F, 0xF7FF, 0xBDFA, 0x10C9, 0x94D6, 0xEF7E,
    0xFFFF, 0xFFFF, 0xFFFF, 0xFFFF, 0xCE7B, 0x32AF, 0x014B, 0x018C, 0x016B, 0x016C, 0x01AD, 0x022E,
    0x0290, 0x02B1, 0x02F1, 0x02F2, 0x0332, 0x0312, 0x0271, 0x0230, 0x02B2, 0x0356, 0x137A, 0x3C1E,
    0x341E, 0x02B9, 0x0216, 0x0216, 0x0216, 0x0216, 0x0299, 0x0B9E, 0x23DF, 0x035C, 0x1B9D, 0x3C3E,
    0x3C1E, 0x3C3E, 0x3C3E, 0x549F, 0x7D9F, 0x961F, 0x961F, 0x961F, 0x961F, 0x961F, 0x9E3F, 0x961F,
    0x9E3F, 0x9E1F, 0x961F, 0x9E3F, 0xA65F, 0xA67F, 0xA65F, 0xAE5F, 0xB69F, 0xB67F, 0xB69F, 0xB69F,
    0xB69F, 0xB69F, 0xB6BF, 0xB69F, 0xA65F, 0xB69F, 0xB69F, 0xB69F, 0xB69F, 0xB69F, 0xBEBF, 0xBEBF,
    0xBEBF, 0xBEBF, 0xBEBF, 0xBEBF, 0xBEBF, 0xBEBF, 0xBEBF, 0xBEBF, 0xBEBF, 0xBEBF, 0xBEBF, 0xBEBF,
    0x0142, 0x0142, 0x0142, 0x0162, 0x01A3, 0x01E4, 0x0204, 0x01E4, 0x2A88, 0x2A69, 0x2A49, 0x3229,
    0x29EA, 0x198A, 0x114B, 0x114B, 0x00EA, 0x0069, 0x114C, 0x198B, 0x29AB, 0x21AB, 0x21AB, 0x21AB,
    0x218B, 0x29CC, 0x10EA, 0x112B, 0x21CE, 0x116E, 0x014F, 0x0171, 0x01D3, 0x01D3, 0x0150, 0x010D,
    0x008A, 0x198C, 0x218D, 0x198C, 0x196B, 0x0068, 0x0088, 0x0027, 0x0007, 0x84D7, 0xEFFF, 0xCF1E,
    0x52F0, 0x0028, 0x0007, 0x0028, 0x0068, 0x0087, 0x0006, 0x10E9, 0x3A6E, 0x5331, 0x4AF0, 0x29CC,
    0x0067, 0x0046, 0x0088, 0x0029, 0x010D, 0x012D, 0x010D, 0x010D, 0x094D, 0x21AD, 0x29CC, 0x29ED,
    0x218B, 0x0068, 0x0028, 0x194B, 0x4AB0, 0x6372, 0x5B51, 0x326F, 0x010A, 0x010A, 0x018B, 0x018C,
    0x018C, 0x018C, 0x01AD, 0x020E, 0x022F, 0x0250, 0x0291, 0x02D2, 0x0B54, 0x0313, 0x0271, 0x0211,
    0x0231, 0x02D4, 0x0318, 0x1B9D, 0x23BE, 0x02DA, 0x0237, 0x0237, 0x0257, 0x0257, 0x02B9, 0x0B9E,
    0x03BE, 0x033C, 0x1BBD, 0x3C3F, 0x3C3E, 0x3C3E, 0x343E, 0x4C9F, 0x7D9F, 0x8DFF, 0x8DFF, 0x961F,
    0x8DFF, 0x7D9F, 0x7D9F, 0x4C7D, 0x43FC, 0x755F, 0x85BF, 0x8DDF, 0x9E3F, 0xA65F, 0x859E, 0x85BE,
    0x859E, 0x7D7D, 0x6D1C, 0x755D, 0x7D5C, 0x6D1C, 0x753C, 0x95DE, 0x7D3C, 0xA63E, 0xB69F, 0xB67F,
    0xB69F, 0xB69F, 0xB69F, 0xB69F, 0xB69F, 0xBE9F, 0xBE9F, 0xBEBF, 0xBEBF, 0xBEBF, 0xBEBF, 0xBEBF,
    0xBEBF, 0xBEBF, 0xBEBF, 0xBEBF, 0x0142, 0x0122, 0x0122, 0x0142, 0x0163, 0x01A3, 0x01C4, 0x01C4,
    0x0163, 0x0143, 0x0103, 0x0064, 0x00C4, 0x31E3, 0x6302, 0x7B82, 0x83A2, 0x7364, 0x4204, 0x08A6,
    0x0006, 0x0005, 0x0026, 0x0026, 0x0026, 0x0026, 0x0067, 0x0027, 0x0009, 0x118F, 0x4B74, 0x74F8,
    0x961B, 0x95FB, 0x6C96, 0x3AF2, 0x00EE, 0x0008, 0x0027, 0x0027, 0x0047, 0x0068, 0x0068, 0x00CA,
    0x21AE, 0x428F, 0x7C55, 0xE7DF, 0xA5B9, 0x5224, 0x7325, 0x4A46, 0x10E7, 0x0008, 0x0088, 0x0067,
    0x0026, 0x0006, 0x0006, 0x0047, 0x0067, 0x0028, 0x1108, 0x4A87, 0x7364, 0x83C3, 0x83C3, 0x6B24,
    0x31C6, 0x0048, 0x0008, 0x0068, 0x0068, 0x00A9, 0x00A9, 0x0068, 0x0027, 0x0027, 0x0048, 0x0089,
    0x010A, 0x014B, 0x016C, 0x018C, 0x016C, 0x016D, 0x018E, 0x01CF, 0x01F0, 0x0210, 0x0211, 0x0272,
    0x0334, 0x0355, 0x02D4, 0x0252, 0x0232, 0x02D5, 0x0338, 0x0B7C, 0x23BE, 0x02FB, 0x0299, 0x0299,
    0x0299, 0x0299, 0x02FC, 0x0BDF, 0x0BDF, 0x035D, 0x037E, 0x2BFF, 0x2BFF, 0x341F, 0x343F, 0x4C9F,
    0x7D9F, 0x8DFF, 0x8DFF, 0x8DFF, 0x85DF, 0x7D9F, 0x6D5F, 0x3BDB, 0x339B, 0x64DD, 0x85DF, 0x85BF,
    0x9E3F, 0x9E3F, 0x85BE, 0x859E, 0x6D1E, 0x859E, 0x7D7E, 0x7D5E, 0x859E, 0x8DBE, 0x859E, 0x9E1E,
    0x95FE, 0xAE5F, 0xB69F, 0xB69F, 0xB69F, 0xB69F, 0xB69F, 0xB69F, 0xB69F, 0xB69F, 0xBEBF, 0xBEBF,
    0xBEBF, 0xBE9F, 0xBEBF, 0xBE9F, 0xBE9F, 0xBE9F, 0xBEBF, 0xBEBF, 0x0142, 0x0122, 0x0122, 0x0122,
    0x0142, 0x0163, 0x01A3, 0x01A4, 0x01A4, 0x0164, 0x0124, 0x6B63, 0xDDE1, 0xFEC0, 0xFF00, 0xFF00,
    0xFF00, 0xFEE0, 0xFEE0, 0xEE41, 0x83C6, 0x0888, 0x0047, 0x0087, 0x0067, 0x0087, 0x0027, 0x110A,
    0x94AB, 0xEEC8, 0xFF28, 0xFF49, 0xFF6C, 0xFF6A, 0xFF47, 0xFF27, 0xD64A, 0x52EC, 0x0029, 0x0088,
    0x0088, 0x0068, 0x0068, 0x014F, 0xCF3F, 0xC6DE, 0xADFB, 0xEFFF, 0xADF7, 0xB460, 0xFE80, 0xFEC0,
    0xE621, 0x83C4, 0x0888, 0x0068, 0x00A8, 0x0088, 0x00A8, 0x0067, 0x08C9, 0x8427, 0xE642, 0xFEE0,
    0xFF00, 0xFF00, 0xFF00, 0xFF00, 0xFEC0, 0xCDA2, 0x4227, 0x0049, 0x00A8, 0x0088, 0x00A9, 0x00A9,
    0x00C9, 0x00C9, 0x00C9, 0x00EA, 0x010A, 0x012B, 0x016C, 0x016D, 0x016D, 0x016E, 0x01AE, 0x01CF,
    0x01F1, 0x01F1, 0x01F2, 0x0252, 0x0335, 0x0397, 0x0336, 0x0294, 0x02B5, 0x0317, 0x0339, 0x0B9D,
    0x1BDF, 0x035D, 0x02FB, 0x02FB, 0x02FC, 0x031C, 0x033B, 0x0BFF, 0xA67F, 0xDF3E, 0xB69F, 0x9E3F,
    0x655F, 0x3C7F, 0x23FF, 0x345F, 0x6D7F, 0x85DF, 0x8DDF, 0x8DFF, 0x85BF, 0x757F, 0x6D5F, 0x3BFC,
    0x33DB, 0x64DE, 0x85BF, 0x85BF, 0x961F, 0x9E3F, 0x8DFE, 0x657C, 0x6D9C, 0x6D9B, 0x6D9B, 0x659B,
    0x5D7A, 0x7DDC, 0x9E1F, 0x9E1F, 0x9E1F, 0x9DFF, 0x95FF, 0x95FF, 0x9E1F, 0xAE9F, 0xB69F, 0xB69F,
    0xB69F, 0xB69F, 0xAE7F, 0xAE9F, 0xB69F, 0xB69F, 0xB69F, 0xB69F, 0xB69F, 0xBE9F, 0xBE9F, 0xBEBF,
    0x0162, 0x0142, 0x0122, 0x0122, 0x0122, 0x0143, 0x0163, 0x0183, 0x0184, 0x0164, 0xACE1, 0xFF00,
    0xFEA0, 0xFE60, 0xFE60, 0xFE60, 0xFE60, 0xFE80, 0xFE80, 0xFEA0, 0xFF20, 0xBD26, 0x0888, 0x0067,
    0x0087, 0x0027, 0x29AB, 0xDE46, 0xFF00, 0xFE80, 0xFE60, 0xFE60, 0xFE80, 0xFE80, 0xFE80, 0xFE60,
    0xFEA0, 0xFF22, 0x7BAA, 0x0029, 0x0087, 0x0068, 0x0068, 0x7B44, 0x8C09, 0x9513, 0xADD6, 0x94B1,
    0x8384, 0xCD00, 0xFE40, 0xFE60, 0xFE80, 0xFF20, 0xBD23, 0x0888, 0x0068, 0x0088, 0x0047, 0x194A,
    0xCDE5, 0xFF20, 0xFEA0, 0xFE80, 0xFE60, 0xFE60, 0xFE80, 0xFE80, 0xFE80, 0xFEE0, 0xFEC0, 0x4247,
    0x0049, 0x00A8, 0x00A9, 0x00A9, 0x00A9, 0x00A9, 0x00A9, 0x00CA, 0x00EA, 0x012B, 0x014C, 0x016D,
    0x016E, 0x018E, 0x01CF, 0x01F1, 0x0212, 0x0233, 0x0233, 0x0254, 0x0377, 0x03D8, 0x0397, 0x0338,
    0x1292, 0x1291, 0x0B39, 0x039D, 0x341E, 0x43DC, 0x03DF, 0x0BDF, 0x0BBF, 0x135A, 0x5350, 0x6C34,
    0xF79E, 0x7BEF, 0x5B6E, 0xA555, 0xC659, 0xD6FD, 0xC6FF, 0xA67F, 0x9E7F, 0x8E3F, 0x7DBF, 0x759F,
    0x757F, 0x6D5F, 0x7D9F, 0x4C7D, 0x3BFC, 0x759F, 0x7DBF, 0x85BF, 0x8E1F, 0x963F, 0x2CB7, 0x03B0,
    0x03F1, 0x03D0, 0x03D0, 0x03F0, 0x03CF, 0x0C13, 0x7D7F, 0x857E, 0x857E, 0x857E, 0x857E, 0x857E,
    0x8D9E, 0xAE7F, 0x85FD, 0x5559, 0x85FC, 0x75FB, 0x75BB, 0x6D9A, 0x6D9B, 0x8E1D, 0xBEBF, 0xB69F,
    0xB69F, 0xB69F, 0xB69F, 0xBEBF, 0x0182, 0x0142, 0x0122, 0x0122, 0x0122, 0x0143, 0x0143, 0x0163,
    0x0104, 0x8C42, 0xFF00, 0xFE60, 0xFE80, 0xFE80, 0xFE80, 0xFE80, 0xFE80, 0xFE80, 0xFEA0, 0xFE80,
    0xF660, 0xFF40, 0x83E7, 0x0008, 0x0046, 0x1109, 0xDE67, 0xFEC0, 0xFE60, 0xFE80, 0xFE80, 0xFE80,
    0xFE80, 0xFE80, 0xFE80, 0xFEA0, 0xFE80, 0xFE80, 0xFF22, 0x4AAA, 0x0028, 0x0028, 0x7B64, 0xFE60,
    0xC4A0, 0x9BC0, 0x9380, 0x9BA0, 0xCD00, 0xF600, 0xFE80, 0xFE80, 0xFE80, 0xF660, 0xFF20, 0x7BA5,
    0x0008, 0x0067, 0x08C9, 0xD607, 0xFF00, 0xFE60, 0xFEA0, 0xFE80, 0xFEA0, 0xFEE0, 0xFEA0, 0xFE80,
    0xFE80, 0xF660, 0xFEA0, 0xDE03, 0x08EB, 0x0089, 0x00A9, 0x00A9, 0x00A9, 0x00A9, 0x00CA, 0x00CA,
    0x00EB, 0x010B, 0x012C, 0x014D, 0x018E, 0x01AF, 0x01D0, 0x0212, 0x0234, 0x0295, 0x12F6, 0x02B7,
    0x0399, 0x041A, 0x041B, 0x0B78, 0x08A4, 0x21A9, 0x135A, 0x03BF, 0x8B53, 0xAB72, 0x8439, 0x93B6,
    0x1C7F, 0x1273, 0x4B93, 0xD6FC, 0xBDB5, 0x01AB, 0x01AC, 0x018B, 0x01AB, 0x226D, 0x5390, 0x8CB3,
    0xBE18, 0xD6FC, 0xDF3E, 0xCF3F, 0xAEBF, 0x7DBF, 0x4C9E, 0x239C, 0x237B, 0x443D, 0x651E, 0x7DBF,
    0x8E1F, 0x961F, 0x1C76, 0x03D1, 0x03F1, 0x03D1, 0x03D0, 0x03F0, 0x03F0, 0x1454, 0x7D7F, 0x7D7F,
    0x7D7E, 0x857E, 0x857E, 0x857E, 0x859E, 0xA65F, 0x963E, 0x6DBB, 0x7DDC, 0x6DBC, 0x6D9B, 0x85FC,
    0x963E, 0x7DDC, 0xB69F, 0xB67F, 0xB69F, 0xB69F, 0xB69F, 0xB69F, 0x01A3, 0x0162, 0x0142, 0x0122,
    0x0122, 0x0123, 0x0123, 0x0103, 0x2A03, 0xFE80, 0xFE80, 0xFE80, 0xFEA0, 0xFEA0, 0xFEE0, 0xFEA0,
    0xFEC0, 0xFEA0, 0xFEA0, 0xFE80, 0xFE80, 0xFEC0, 0xE601, 0x08A7, 0x0008, 0x9CA8, 0xFF00, 0xFE60,
    0xFE80, 0xFE80, 0xFE80, 0xFEE0, 0xFEE0, 0xFEE0, 0xFEA0, 0xFEA0, 0xFE80, 0xFE80, 0xFEE0, 0xCDA4,
    0x0049, 0x1927, 0xF660, 0xFE80, 0xFE40, 0xFE40, 0xF620, 0xFE80, 0xFE60, 0xFEC0, 0xFEA0, 0xFE80,
    0xFE80, 0xFE80, 0xFEC0, 0xDE02, 0x08C8, 0x0009, 0x9488, 0xFF20, 0xFE60, 0xFEA0, 0xFE80, 0xFEE0,
    0xF680, 0xD5A1, 0xFE80, 0xFEE0, 0xFEC0, 0xFEE0, 0xFEE0, 0xFF80, 0x4B2C, 0x004A, 0x00C9, 0x00A9,
    0x00A9, 0x00AA, 0x00CA, 0x00CA, 0x00EB, 0x010C, 0x012D, 0x016E, 0x018F, 0x01B0, 0x01F1, 0x0233,
    0x1273, 0x4B73, 0x7C32, 0x6C36, 0x4438, 0x249B, 0x14DE, 0x122D, 0x08A3, 0x42F1, 0x0B7C, 0x03BF,
    0x828E, 0x8B31, 0xB30F, 0x8312, 0x1C5D, 0x01B0, 0x2314, 0xEF7D, 0x42AB, 0x01CC, 0x022D, 0x024E,
    0x022E, 0x01ED, 0x01AC, 0x01AD, 0x01CC, 0x122C, 0x432F, 0x7C52, 0xAD97, 0xCE9A, 0xBE7C, 0xA63E,
    0x7D7E, 0x4C7D, 0x33FC, 0x5CFF, 0x7DDF, 0x85DF, 0x3CFA, 0x1475, 0x1C55, 0x1C55, 0x1C75, 0x1C75,
    0x2495, 0x3CF8, 0x8DBF, 0x85BF, 0x8DBF, 0x8DBF, 0x8DBF, 0x8DBF, 0x95FF, 0xA65F, 0xA67F, 0xAE7F,
    0xA67F, 0xA67F, 0xAE7F, 0xAE7F, 0xAE7F, 0xB67F, 0xAE7F, 0xAE7F, 0xAE7F, 0xB67F, 0xB69F, 0xB69F,
    0x01C3, 0x0183, 0x0142, 0x0122, 0x0103, 0x0103, 0x0123, 0x00A3, 0x7BC1, 0xFEE0, 0xF660, 0xFE80,
    0xFE60, 0xFEC0, 0x9C42, 0x2945, 0x6B03, 0xFEA0, 0xFE80, 0xFE80, 0xFE80, 0xFEA0, 0xFE80, 0x1906,
    0x1969, 0xFEE2, 0xFE80, 0xFE80, 0xFE80, 0xFE80, 0xFEC0, 0xA463, 0x41E6, 0x8BE4, 0xFEC0, 0xFE80,
    0xFE80, 0xFE80, 0xFE80, 0xFEC0, 0x1949, 0x5AA5, 0xFEE0, 0xF660, 0xFE60, 0xF660, 0xFEA0, 0xAC82,
    0x2946, 0x62E4, 0xF680, 0xFE80, 0xFE80, 0xFE80, 0xFEA0, 0xF680, 0x1107, 0x198B, 0xFEC2, 0xFE80,
    0xFE80, 0xFE80, 0xFEC0, 0xDE01, 0x2987, 0x0008, 0x39E6, 0xD5C1, 0xCD61, 0xC522, 0xACC3, 0x9CC5,
    0x3A8C, 0x006A, 0x00C9, 0x00A9, 0x00A9, 0x00AA, 0x00CA, 0x00EB, 0x00EC, 0x012C, 0x014D, 0x016E,
    0x018F, 0x01D0, 0x01F2, 0x1A93, 0x2987, 0x29A8, 0xB5B6, 0x8C71, 0x2188, 0x2A0A, 0x326D, 0x08C4,
    0x1989, 0x3AD0, 0x0BFF, 0x03FF, 0x7A4D, 0x9A6C, 0x924C, 0x4BD7, 0x1314, 0x32B0, 0xBE9C, 0xB574,
    0x01CB, 0x024E, 0x024E, 0x022E, 0x026F, 0x0313, 0x0290, 0x0290, 0x02B0, 0x0270, 0x0250, 0x01CD,
    0x016B, 0x09CB, 0x3AEE, 0x6C11, 0xAD76, 0xD6BB, 0xD6FD, 0xCF1F, 0xC71F, 0xA69F, 0x8E3F, 0x7DDF,
    0x7DDF, 0x85FF, 0x8E1F, 0x963F, 0x963F, 0x9E5F, 0x9E3F, 0x9E3F, 0x9E3F, 0x9E3F, 0x9E5F, 0x9E5F,
    0xA65F, 0xA65F, 0xA65F, 0xA65F, 0xA65F, 0xA67F, 0xA67F, 0xA67F, 0xA67F, 0xA67F, 0xAE7F, 0xAE7F,
    0xAE7F, 0xAE7F, 0xAE7F, 0xB69F, 0x01C3, 0x0183, 0x0143, 0x0123, 0x0103, 0x0103, 0x0103, 0x00A3,
    0xC520, 0xFF40, 0xFEE0, 0xFF00, 0xFF20, 0xF660, 0x08A5, 0x0025, 0x0066, 0xDDC1, 0xFEA0, 0xFE80,
    0xFE80, 0xFE80, 0xFE80, 0x1108, 0x7365, 0xFF00, 0xFE60, 0xFE80, 0xFE60, 0xFEC0, 0xC542, 0x0028,
    0x0008, 0x0049, 0xD582, 0xFEC0, 0xFE80, 0xFE80, 0xFE80, 0xFF00, 0x4A66, 0x9423, 0xFF80, 0xFEE0,
    0xFEE0, 0xFF00, 0xFE80, 0x10E6, 0x0027, 0x0048, 0xD5A1, 0xFEC0, 0xFE80, 0xFE80, 0xFEA0, 0xF680,
    0x08E9, 0x73C8, 0xFF00, 0xFE60, 0xFE80, 0xFE60, 0xFF00, 0x4A45, 0x0009, 0x29A7, 0x31E7, 0x3A07,
    0x112A, 0x004C, 0x002A, 0x004A, 0x008A, 0x00A9, 0x00A9, 0x00A9, 0x00A9, 0x00CA, 0x00CB, 0x00EC,
    0x010C, 0x012D, 0x016E, 0x018F, 0x01B0, 0x01F1, 0x0A53, 0x320B, 0x10C3, 0x1105, 0x73AF, 0x2987,
    0x0043, 0x0947, 0x10E5, 0x00A3, 0x0063, 0x08E5, 0x2A6F, 0x120E, 0x41A9, 0x7A0B, 0x8A0A, 0x4313,
    0x1A90, 0x8494, 0xFFBD, 0x3A8B, 0x022E, 0x028F, 0x028F, 0x0290, 0x0333, 0x0395, 0x02D2, 0x02D2,
    0x0354, 0x02D2, 0x0290, 0x0290, 0x0290, 0x024F, 0x020E, 0x01AC, 0x01AD, 0x0A4E, 0x32AD, 0x6412,
    0x9D56, 0xC67A, 0xDF1D, 0xD75F, 0xC73F, 0xAEBF, 0x8E1F, 0x85FF, 0x85DF, 0x85DF, 0x961F, 0x961F,
    0x961F, 0x963F, 0x963F, 0x961F, 0x961F, 0x9E3F, 0x9E3F, 0x9E3F, 0x9E3F, 0x9E3F, 0x9E5F, 0xA63F,
    0xA63F, 0x9E3F, 0xA63F, 0xA63F, 0xA63F, 0xA65F, 0xA65F, 0xA65F, 0x01E3, 0x01A3, 0x0143, 0x0123,
    0x0103, 0x00E3, 0x00C4, 0x00C4, 0x4A63, 0x6B23, 0x6B23, 0x7363, 0x83C3, 0x6B03, 0x00A5, 0x0026,
    0x39E4, 0xFE80, 0xFE80, 0xFE80, 0xFE80, 0xFEA0, 0xE622, 0x00CA, 0xBD02, 0xFEC0, 0xFE60, 0xFE80,
    0xFE60, 0xFEE0, 0x7324, 0x0007, 0x08A7, 0x0027, 0xAC82, 0xFEE0, 0xFE60, 0xFE60, 0xFE60, 0xFEE0,
    0x7345, 0x39C6, 0x6B44, 0x6B24, 0x7344, 0x7BA4, 0x6B04, 0x00A7, 0x0028, 0x39E5, 0xF680, 0xFE80,
    0xFE80, 0xFE80, 0xFEA0, 0xDE02, 0x00EC, 0xC544, 0xFEC0, 0xFE60, 0xFE60, 0xFEA0, 0xEE01, 0x5AC5,
    0xC542, 0xFE80, 0xFEA0, 0xFE80, 0xEE63, 0xA52C, 0x2251, 0x00CB, 0x00C9, 0x00A9, 0x00A9, 0x00AA,
    0x00AA, 0x00CA, 0x00EB, 0x010C, 0x012D, 0x014E, 0x018F, 0x01B0, 0x01F2, 0x0213, 0x0A53, 0x1946,
    0x0062, 0x21A8, 0x4AED, 0x1947, 0x0905, 0x1105, 0x08A4, 0x0083, 0x0042, 0x1105, 0x29A7, 0x08A4,
    0x0107, 0x5988, 0x7189, 0x0A30, 0x4351, 0xDF1D, 0xA513, 0x01EC, 0x02D1, 0x02B0, 0x02B1, 0x02F2,
    0x0334, 0x02F2, 0x0313, 0x02D2, 0x02D2, 0x0313, 0x0313, 0x02F2, 0x02F3, 0x02B1, 0x0290, 0x02B1,
    0x02B1, 0x0270, 0x0290, 0x020F, 0x020E, 0x022D, 0x1A8E, 0x53B1, 0x84B4, 0xBDF8, 0xD71D, 0xCF1E,
    0xBEFF, 0xAEBF, 0x8DFF, 0x7DBF, 0x85BF, 0x85DF, 0x8DFF, 0x8DDF, 0x8DDF, 0x8DDF, 0x8DDF, 0x8DFF,
    0x95FF, 0x95FF, 0x95FF, 0x95FF, 0x95FF, 0x95FF, 0x95FF, 0x95FF, 0x961F, 0x9E1F, 0x9E1F, 0x9E1F,
    0x01A4, 0x0144, 0x0104, 0x00E4, 0x00C4, 0x00A4, 0x00A4, 0x00A4, 0x0044, 0x0025, 0x0025, 0x0025,
    0x0026, 0x0045, 0x0005, 0x31A4, 0xE5E0, 0xFE80, 0xFE60, 0xFE60, 0xFE40, 0xFEE0, 0x9CA7, 0x00CB,
    0xEE00, 0xFE80, 0xFE60, 0xFE60, 0xFE60, 0xFEA0, 0x4225, 0x0027, 0x00A7, 0x0027, 0xA462, 0xFEC0,
    0xFE40, 0xFE60, 0xFE40, 0xFEC0, 0x7B84, 0x0008, 0x0027, 0x0008, 0x0008, 0x0008, 0x0048, 0x0008,
    0x31A6, 0xE601, 0xFEA0, 0xFE60, 0xFE60, 0xFE40, 0xFEE0, 0x8C88, 0x012D, 0xEE01, 0xFE80, 0xFE60,
    0xFE60, 0xFE60, 0xF640, 0xFE80, 0xFEA0, 0xFE60, 0xFE60, 0xFE60, 0xFE80, 0xFEC0, 0xEEEC, 0x3398,
    0x00EC, 0x00CA, 0x00AA, 0x00CA, 0x00CA, 0x00EB, 0x00EC, 0x012D, 0x014E, 0x016F, 0x0190, 0x01D1,
    0x0212, 0x0255, 0x4B30, 0x39E7, 0x0021, 0x10E4, 0x21A8, 0x4ACD, 0x3A4B, 0x08C4, 0x0883, 0x0042,
    0x0083, 0x2187, 0x1126, 0x08E5, 0x00A4, 0x526B, 0x2A4F, 0x22B0, 0x8CD5, 0xF75C, 0x326B, 0x02D2,
    0x02F2, 0x0313, 0x0374, 0x0395, 0x0375, 0x0375, 0x0354, 0x01EE, 0x0230, 0x022F, 0x02D2, 0x0355,
    0x0334, 0x0313, 0x0334, 0x0313, 0x02B1, 0x02D1, 0x0313, 0x02D1, 0x02F2, 0x022E, 0x01ED, 0x01CD,
    0x01CE, 0x01AC, 0x120C, 0x42CD, 0x7BEF, 0xAD96, 0xDF3D, 0xE77F, 0xBEDF, 0xA67F, 0x8E1F, 0x961F,
    0x961F, 0x8E3F, 0x8E7F, 0x965F, 0x967F, 0x969F, 0x9E5F, 0x9E3F, 0x9E3F, 0x9E3F, 0x9E3F, 0x9E3F,
    0x9E5F, 0xA65F, 0xA65F, 0xA67F, 0x0106, 0x00E6, 0x00C6, 0x00A6, 0x00A5, 0x00A5, 0x00A5, 0x0085,
    0x00A4, 0x00A4, 0x00A5, 0x00A5, 0x0085, 0x0025, 0x5A83, 0xF640, 0xFE80, 0xFE40, 0xFE60, 0xFE40,
    0xFE60, 0xF662, 0x196A, 0x1946, 0xFE40, 0xFE60, 0xFE60, 0xFE60, 0xFE60, 0xFE60, 0x2987, 0x0047,
    0x0087, 0x0027, 0xB4A2, 0xFEA0, 0xFE40, 0xFE40, 0xFE40, 0xFEC0, 0x7325, 0x0028, 0x08A7, 0x0087,
    0x00A7, 0x0087, 0x0027, 0x5AA4, 0xF660, 0xFE80, 0xFE40, 0xFE60, 0xFE40, 0xFE80, 0xEE62, 0x114B,
    0x2188, 0xFE60, 0xFE40, 0xFE40, 0xFE40, 0xFE60, 0xFE60, 0xFE40, 0xFE60, 0xFE60, 0xFE40, 0xFE60,
    0xFE40, 0xFE40, 0xFEA1, 0xCEF5, 0x01F3, 0x00AA, 0x00CA, 0x00CA, 0x00EB, 0x00EB, 0x010C, 0x012D,
    0x014E, 0x0190, 0x01B1, 0x01F2, 0x0214, 0x3B33, 0x7B8D, 0x39C6, 0x0021, 0x1905, 0x29C9, 0x3A4B,
    0x08A3, 0x0062, 0x0042, 0x0021, 0x1926, 0x1946, 0x08C4, 0x0083, 0x0021, 0x0948, 0x12B2, 0x63B0,
    0xE75E, 0x9CB1, 0x024F, 0x0375, 0x0354, 0x0354, 0x0210, 0x01CE, 0x0291, 0x03B7, 0x02D2, 0x02F3,
    0x02F4, 0x0397, 0x0376, 0x022F, 0x03B7, 0x02D3, 0x02D2, 0x0313, 0x0334, 0x0334, 0x0354, 0x0375,
    0x0BD7, 0x02D1, 0x0270, 0x02D2, 0x02F2, 0x028F, 0x020D, 0x018A, 0x0061, 0x0062, 0x31C6, 0x9CD2,
    0xFFFE, 0xC6FF, 0x85DF, 0x961F, 0x8E3F, 0x957C, 0xC370, 0xE2ED, 0xDB2E, 0xBC95, 0x961F, 0x8E1F,
    0x8DFF, 0x8E1F, 0x961F, 0x961F, 0x961F, 0x963F, 0x9E3F, 0x9E3F, 0x0108, 0x0108, 0x0108, 0x00E7,
    0x00C6, 0x00A6, 0x00A6, 0x00A5, 0x0085, 0x0085, 0x00A5, 0x0065, 0x0065, 0x8BC2, 0xFE80, 0xFE40,
    0xFE20, 0xFE40, 0xFE20, 0xFE60, 0xFE60, 0x4A88, 0x0008, 0x39C5, 0xFE60, 0xFE20, 0xFE40, 0xFE20,
    0xFE40, 0xEE01, 0x1108, 0x0047, 0x0087, 0x0067, 0xC502, 0xFE80, 0xFE20, 0xFE20, 0xFE20, 0xFE80,
    0x5AA6, 0x0008, 0x0087, 0x0087, 0x0047, 0x0067, 0x93E3, 0xFEA0, 0xFE40, 0xFE40, 0xFE40, 0xFE20,
    0xFE80, 0xF661, 0x4269, 0x0009, 0x4226, 0xFE80, 0xFE40, 0xFE40, 0xFE40, 0xFE40, 0xFE60, 0xFEA0,
    0xE5C1, 0xF621, 0xFE80, 0xFE40, 0xFE40, 0xFE40, 0xFE20, 0xFF0A, 0x3BB7, 0x00AC, 0x00EB, 0x00EB,
    0x00EB, 0x010C, 0x012D, 0x014E, 0x016F, 0x01B0, 0x01F2, 0x0214, 0x1AB3, 0x6B2C, 0x62A9, 0x2945,
    0x08A3, 0x0863, 0x1925, 0x3A2A, 0x10C4, 0x0021, 0x0021, 0x10C3, 0x2145, 0x08C4, 0x10E5, 0x0042,
    0x0041, 0x01AC, 0x3B12, 0x9D36, 0xF73C, 0x2A6C, 0x0355, 0x0375, 0x03D7, 0x010B, 0x1887, 0x20E9,
    0x0826, 0x0048, 0x00CB, 0x01AE, 0x0251, 0x0419, 0x0376, 0x02F4, 0x03F8, 0x0271, 0x02D3, 0x02F4,
    0x022F, 0x0270, 0x02D2, 0x0334, 0x0375, 0x0375, 0x0334, 0x0313, 0x0290, 0x022E, 0x022E, 0x0987,
    0x00A2, 0x08E3, 0x0021, 0x6BAE, 0xFFFF, 0x7DBF, 0x4CFF, 0x4D1F, 0x6D3E, 0xCA8B, 0xF144, 0xF9A6,
    0xF985, 0xF923, 0xBACD, 0x551F, 0x54DF, 0x54DF, 0x54DF, 0x54DF, 0x5CDF, 0x5CDF, 0x5CFF, 0x5CFF,
    0x00E8, 0x0108, 0x00E8, 0x00E8, 0x00C7, 0x00C6, 0x00A6, 0x00A6, 0x00A6, 0x00A5, 0x0026, 0x1904,
    0xBCC1, 0xFEA0, 0xFE00, 0xFE20, 0xFE20, 0xFE00, 0xFE80, 0xE5C1, 0x39E6, 0x0047, 0x0026, 0x3A05,
    0xFE40, 0xFE00, 0xFE20, 0xFE00, 0xFE40, 0xDD81, 0x08C7, 0x0067, 0x0067, 0x08A7, 0xE581, 0xFE40,
    0xFE20, 0xFE20, 0xFE00, 0xFE40, 0x39E7, 0x0027, 0x00A7, 0x0027, 0x1906, 0xBD02, 0xFEA0, 0xFE20,
    0xFE20, 0xFE20, 0xFE20, 0xFEA0, 0xDDC1, 0x39E7, 0x0048, 0x0027, 0x4A66, 0xFE80, 0xFE20, 0xFE20,
    0xFE20, 0xFE20, 0xF620, 0x5AC6, 0x08C9, 0x198B, 0xC543, 0xFE60, 0xFE20, 0xFE20, 0xFE20, 0xFEC4,
    0x64B6, 0x00CD, 0x010B, 0x00EC, 0x010C, 0x012D, 0x014E, 0x016F, 0x01B0, 0x01D2, 0x01F3, 0x1274,
    0x634E, 0x7B4B, 0x39C6, 0x18E3, 0x2166, 0x31C8, 0x1904, 0x4ACC, 0x08C4, 0x0000, 0x08A3, 0x1905,
    0x18E4, 0x08A3, 0x08A3, 0x0042, 0x08E6, 0x1A91, 0x5350, 0xF7BE, 0x8C71, 0x0290, 0x03B6, 0x03D7,
    0x0291, 0x0805, 0x7392, 0x4A6E, 0x3A0D, 0x420C, 0x2109, 0x1888, 0x0868, 0x0026, 0x0089, 0x012C,
    0x0210, 0x0356, 0x0251, 0x0231, 0x0335, 0x0292, 0x0313, 0x0376, 0x0375, 0x0354, 0x0B74, 0x02F2,
    0x0290, 0x02B1, 0x0A6F, 0x08E3, 0x00A2, 0x1943, 0x1101, 0xB5D7, 0xDF5D, 0x124D, 0x22F2, 0x0B38,
    0x83D6, 0xD9C6, 0xF1E7, 0xF9C6, 0xF1C6, 0xF185, 0xD9A5, 0x3B58, 0x031B, 0x0B1A, 0x0AFA, 0x0AF9,
    0x0AF9, 0x0AD9, 0x0AD9, 0x0AD8, 0x00A5, 0x00A6, 0x00A6, 0x00A6, 0x00A6, 0x00A5, 0x0085, 0x0085,
    0x0085, 0x0026, 0x41E4, 0xE5A0, 0xFE60, 0xFDE0, 0xFE00, 0xFE00, 0xFE20, 0xFE80, 0xB4A2, 0x1907,
    0x0026, 0x08A6, 0x0047, 0x39C5, 0xFE20, 0xFE00, 0xFE00, 0xFE00, 0xFE20, 0xDD61, 0x08A7, 0x0087,
    0x0047, 0x2966, 0xFE00, 0xFE00, 0xFE00, 0xFE00, 0xFE00, 0xEDC1, 0x1128, 0x0067, 0x0027, 0x41E5,
    0xE5C0, 0xFE60, 0xFE00, 0xFE20, 0xFE20, 0xFE40, 0xFEA0, 0xB483, 0x1908, 0x0047, 0x08C7, 0x0048,
    0x5245, 0xFE60, 0xFE00, 0xFE00, 0xFE00, 0xFE60, 0xAC43, 0x0029, 0x00A8, 0x004B, 0x6328, 0xFE80,
    0xFE00, 0xFE20, 0xFE00, 0xFEA1, 0x6C50, 0x00CE, 0x010B, 0x010C, 0x012D, 0x014E, 0x016F, 0x01B0,
    0x01D1, 0x01F2, 0x0255, 0x42CF, 0x838C, 0x62C9, 0x2944, 0x18C3, 0x2986, 0x632D, 0x31A6, 0x31C7,
    0x10C4, 0x08A3, 0x2166, 0x2125, 0x0883, 0x10C3, 0x0001, 0x0862, 0x09EE, 0x3B31, 0xADB8, 0xEEFA,
    0x1A4B, 0x0396, 0x0396, 0x0438, 0x01EF, 0x1026, 0x4A4E, 0x31CC, 0x422D, 0x4A6D, 0x528F, 0x296B,
    0x4A6D, 0x39CC, 0x316B, 0x20E9, 0x0007, 0x0047, 0x3AB0, 0x4B93, 0x1396, 0x0292, 0x03D9, 0x03D9,
    0x03D8, 0x0375, 0x0334, 0x0313, 0x02F2, 0x02D2, 0x09EB, 0x00A1, 0x00A3, 0x4A01, 0x8320, 0xB583,
    0x3B49, 0x1188, 0x634C, 0x2A6D, 0xAACD, 0xD985, 0xF9E6, 0xF9C6, 0xF9C6, 0xE965, 0xCA6A, 0x1A95,
    0x01F5, 0x0214, 0x01F4, 0x01F3, 0x01D3, 0x01D2, 0x01B1, 0x01B1, 0x0085, 0x0085, 0x0085, 0x0085,
    0x0085, 0x0085, 0x0085, 0x0065, 0x0025, 0x72E2, 0xFE20, 0xFE20, 0xFDE0, 0xFE00, 0xFDE0, 0xFE00,
    0xE580, 0x5A64, 0x0007, 0x0007, 0x0026, 0x0026, 0x0007, 0x2965, 0xFDE0, 0xFDE0, 0xFDE0, 0xFDE0,
    0xFE00, 0xF5C0, 0x10E6, 0x0007, 0x0007, 0x7B44, 0xFE40, 0xFDE0, 0xFDE0, 0xFDE0, 0xFE20, 0xBCE4,
    0x0069, 0x0047, 0x7304, 0xFE20, 0xFE20, 0xFDE0, 0xFE00, 0xFE00, 0xFE20, 0xDD81, 0x5265, 0x0008,
    0x0008, 0x0048, 0x0028, 0x0008, 0x41E6, 0xFE20, 0xFDE0, 0xFDE0, 0xFDE0, 0xFE40, 0x93A4, 0x0029,
    0x00C8, 0x004B, 0x83C6, 0xFE60, 0xFDE0, 0xFE00, 0xFE00, 0xFE80, 0x4B6E, 0x00CE, 0x012C, 0x012D,
    0x014E, 0x016F, 0x0190, 0x01B1, 0x01D2, 0x0214, 0x3312, 0x732A, 0x6AE9, 0x41E6, 0x2124, 0x2145,
    0x942E, 0x4A28, 0x39C6, 0x41E6, 0x4A07, 0x39E7, 0x1904, 0x18E4, 0x08A3, 0x0062, 0x0020, 0x00C6,
    0x1AB2, 0x6BB0, 0xFFDF, 0x7C0F, 0x0290, 0x03B6, 0x03B6, 0x0418, 0x0419, 0x01AE, 0x0048, 0x0826,
    0x1088, 0x294A, 0x39CD, 0x318B, 0x5AEF, 0x5AF0, 0x424D, 0x52AE, 0x10A9, 0xAD36, 0xE6FC, 0xFFFF,
    0xF79D, 0xC69B, 0x8D79, 0x4457, 0x0B55, 0x0397, 0x0396, 0x0375, 0x0333, 0x02F2, 0x0945, 0x0081,
    0x1122, 0x6A60, 0xA400, 0xE6C0, 0x2AC8, 0x11CC, 0x11EB, 0x3A2C, 0xB965, 0xF9A5, 0xF9E6, 0xF9E6,
    0xF1C6, 0xE964, 0x9ACE, 0x0235, 0x01F4, 0x01F3, 0x01D2, 0x01D2, 0x01B1, 0x01B1, 0x0190, 0x0170,
    0x0085, 0x0085, 0x0085, 0x0085, 0x0085, 0x0085, 0x0085, 0x0084, 0x9BC1, 0xFE40, 0xFDC0, 0xFDC0,
    0xFDE0, 0xFDE0, 0xFDE0, 0xFDE0, 0xC4A1, 0x8B63, 0x9BE2, 0x9BE2, 0x9BC2, 0x9C02, 0x7303, 0x0886,
    0xDD21, 0xFDE0, 0xFDC0, 0xFDC0, 0xFDC0, 0xFE00, 0xB422, 0x41C5, 0x72E4, 0xF5C0, 0xFDE0, 0xFDC0,
    0xFDE0, 0xFDC0, 0xFE40, 0x6328, 0x0048, 0xAC22, 0xFE40, 0xFDE0, 0xFDE0, 0xFDE0, 0xFDE0, 0xFDE0,
    0xFE00, 0xC4A2, 0x8B83, 0x9BE3, 0x9BE3, 0x9BE3, 0xA423, 0x6AC4, 0x10E6, 0xF5A0, 0xFDE0, 0xFDC0,
    0xFDC0, 0xFDE0, 0xE541, 0x31A8, 0x08A9, 0x4248, 0xEDA1, 0xFDE0, 0xFDE0, 0xFDE0, 0xFDE0, 0xF622,
    0x1A2F, 0x00ED, 0x012D, 0x014E, 0x016F, 0x0190, 0x01B1, 0x01D2, 0x01F3, 0x1293, 0x62EB, 0x7B2A,
    0x5247, 0x3985, 0x10A2, 0x7B8C, 0x732B, 0x39C6, 0x3186, 0x39C6, 0x4A27, 0x2944, 0x2924, 0x10C3,
    0x0882, 0x0020, 0x08A3, 0x0A2F, 0x4B30, 0xBE19, 0xE6B9, 0x11EA, 0x0396, 0x0396, 0x03D7, 0x03F8,
    0x043A, 0x049C, 0x045A, 0x0376, 0x018E, 0x010C, 0x008A, 0x10A8, 0x1088, 0x39AC, 0x420C, 0x0005,
    0x8433, 0xCE9B, 0xCE7B, 0xF7BE, 0xD69B, 0xEF5D, 0xEF1C, 0xFFFF, 0xCE5A, 0x1B75, 0x03D8, 0x0395,
    0x0355, 0x024E, 0x1123, 0x00E3, 0x39A1, 0x6A80, 0x9BC0, 0xA583, 0x22AD, 0x3B2E, 0x01AA, 0x5187,
    0x8A04, 0xC2E8, 0xE1C6, 0xF9E6, 0xF9C6, 0xE9C5, 0x5AD2, 0x01F5, 0x0214, 0x01F3, 0x01D2, 0x01B2,
    0x01B1, 0x0190, 0x0190, 0x016F, 0x00A6, 0x00A6, 0x00A6, 0x00A6, 0x0085, 0x0085, 0x0065, 0x1924,
    0xFDC0, 0xFDC0, 0xFDC0, 0xFDC0, 0xFDC0, 0xFDC0, 0xFDC0, 0xFDA0, 0xFDE0, 0xFE20, 0xFE20, 0xFE20,
    0xFE00, 0xFE60, 0xCCE1, 0x0007, 0x9BA2, 0xFE20, 0xFD80, 0xFDA0, 0xFDA0, 0xFDA0, 0xFDE0, 0xFDE0,
    0xFE00, 0xFDC0, 0xFDA0, 0xFDC0, 0xFDA0, 0xFDE0, 0xDD63, 0x00A9, 0x2145, 0xFE00, 0xFDC0, 0xFDC0,
    0xFDC0, 0xFDC0, 0xFDC0, 0xFDC0, 0xFDC0, 0xFDE0, 0xFE20, 0xFE20, 0xFE20, 0xFE00, 0xFE80, 0xB462,
    0x0028, 0xC482, 0xFE00, 0xFDA0, 0xFDC0, 0xFDA0, 0xFDE0, 0xFDA0, 0xE521, 0xFDE0, 0xFDE0, 0xFDC0,
    0xFDC0, 0xFDC0, 0xFE20, 0xA4A8, 0x010F, 0x012C, 0x014E, 0x016E, 0x016F, 0x01B1, 0x01D2, 0x01F3,
    0x0A75, 0x52EE, 0x732A, 0x5A67, 0x5A47, 0x734B, 0x5AA9, 0x7B6C, 0x18C3, 0x41E6, 0x39A6, 0x4A27,
    0x2965, 0x3185, 0x39C6, 0x0841, 0x0000, 0x0020, 0x1149, 0x0253, 0x4352, 0xFFDF, 0x6B6D, 0x02B1,
    0x0396, 0x03B6, 0x03D7, 0x0418, 0x043A, 0x047B, 0x04DD, 0x051F, 0x0315, 0x010B, 0x012C, 0x018D,
    0x018E, 0x00EA, 0x08EA, 0x6B72, 0xFFFF, 0xD67A, 0xCE3A, 0xAD77, 0x8434, 0x6331, 0x9D16, 0xC65A,
    0xFFFF, 0x33B5, 0x03F9, 0x0396, 0x0396, 0x122A, 0x1103, 0x00A2, 0x5A60, 0x72A0, 0x7AE0, 0x4326,
    0x32CC, 0x32CC, 0x0989, 0x28E1, 0x0140, 0x5B69, 0x8C2D, 0x7A25, 0xA9C4, 0xCA69, 0x1A95, 0x01F4,
    0x0214, 0x01F3, 0x01D2, 0x01B1, 0x01B1, 0x0190, 0x0170, 0x016F, 0x0129, 0x0129, 0x0128, 0x00E7,
    0x00A6, 0x00A6, 0x0086, 0x2145, 0xF580, 0xFDA0, 0xFDA0, 0xFDA0, 0xFDA0, 0xFD80, 0xFD80, 0xFDA0,
    0xFD80, 0xFD80, 0xFD80, 0xFD80, 0xF580, 0xFDE0, 0xB422, 0x0026, 0x2125, 0xF580, 0xFDC0, 0xFD80,
    0xFDA0, 0xFDA0, 0xFD80, 0xFD80, 0xFD80, 0xFDA0, 0xFDA0, 0xFD80, 0xFDC0, 0xFDE0, 0x4228, 0x0007,
    0x3185, 0xFDC0, 0xFDA0, 0xFDA0, 0xFDC0, 0xFDC0, 0xFDA0, 0xFDA0, 0xFDA0, 0xFDA0, 0xFD80, 0xFD80,
    0xFD80, 0xF580, 0xFE00, 0x9383, 0x0008, 0x4A06, 0xFE00, 0xFDA0, 0xFD80, 0xFDA0, 0xFD80, 0xFDA0,
    0xFDC0, 0xFDA0, 0xFDA0, 0xFDA0, 0xFDA0, 0xFDE0, 0xEDC2, 0x220E, 0x010D, 0x014D, 0x016E, 0x0190,
    0x01B0, 0x01D2, 0x01F3, 0x0236, 0x2A91, 0x7267, 0x832A, 0x41C5, 0x836B, 0xEF1A, 0xBD95, 0x2965,
    0x41C6, 0x3985, 0x3165, 0x3165, 0x18C2, 0x8BCC, 0x5248, 0x0000, 0x0020, 0x08A3, 0x01F0, 0x01B2,
    0x7D5B, 0xDE77, 0x11E9, 0x03D7, 0x0396, 0x0396, 0x03D7, 0x0419, 0x149B, 0x2D1C, 0x0CBC, 0x0CFD,
    0x051E, 0x043A, 0x0294, 0x016D, 0x010A, 0x00EC, 0x098E, 0x3332, 0x6497, 0xA63B, 0xD6FD, 0xEF5D,
    0xF73C, 0xD67B, 0xBDF9, 0xE6FC, 0xCE5A, 0x0356, 0x045B, 0x03F8, 0x0374, 0x1986, 0x00E3, 0x1121,
    0x6AA0, 0x5AA0, 0x5B81, 0x1A47, 0x09A7, 0x124B, 0x1A69, 0x0120, 0x19A2, 0x63A9, 0x5B66, 0x2942,
    0x2981, 0x7A0A, 0x0236, 0x0214, 0x0214, 0x0213, 0x01F2, 0x01D2, 0x01B1, 0x0190, 0x016F, 0x016F,
    0x00E7, 0x00E8, 0x0108, 0x00C7, 0x00A6, 0x00A6, 0x0066, 0x31A4, 0xFDC0, 0xFDA0, 0xFD80, 0xFD80,
    0xFD80, 0xFD80, 0xFD80, 0xFD80, 0xFD80, 0xFD80, 0xFD80, 0xFD80, 0xFD80, 0xFDE0, 0xA3E2, 0x0046,
    0x0046, 0x5224, 0xFDC0, 0xFDE0, 0xFD80, 0xFD60, 0xFD60, 0xFD60, 0xFD60, 0xFD80, 0xFD80, 0xFDE0,
    0xF580, 0x5247, 0x0048, 0x0047, 0x31A5, 0xFDC0, 0xFDA0, 0xFDA0, 0xFDA0, 0xFDA0, 0xFDA0, 0xFDA0,
    0xFDA0, 0xFD80, 0xFD80, 0xFD80, 0xFD80, 0xFD80, 0xFDE0, 0x8344, 0x0048, 0x0068, 0x7AE4, 0xFDE0,
    0xFDC0, 0xFD80, 0xFD60, 0xFD60, 0xFD60, 0xFD80, 0xFD80, 0xFDA0, 0xFDE0, 0xE582, 0x3A6C, 0x00EE,
    0x014D, 0x014E, 0x016F, 0x01B0, 0x01D1, 0x01F2, 0x0234, 0x4312, 0x4A69, 0x41A5, 0x3944, 0x5247,
    0xD616, 0xDE78, 0x630B, 0x52AA, 0x5247, 0x3964, 0x3984, 0x2103, 0x62A9, 0xC572, 0x1904, 0x0000,
    0x10A2, 0x11AB, 0x326E, 0x3312, 0xEF5D, 0x630B, 0x0271, 0x03B7, 0x0C18, 0x03D7, 0x03D7, 0x0439,
    0x0C9B, 0x14BC, 0x1CDD, 0x3D7E, 0x2D7E, 0x257F, 0x25DF, 0x159F, 0x0CFD, 0x03D8, 0x0252, 0x010C,
    0x0069, 0x00AA, 0x01EF, 0x3418, 0x6D5A, 0xAE3B, 0xD6BB, 0xCE5A, 0x3394, 0x041A, 0x0439, 0x0419,
    0x0ACF, 0x1123, 0x00A2, 0x39E0, 0x7B00, 0x6300, 0x43E3, 0x1A8A, 0x43AE, 0x1A8B, 0x0A86, 0x0161,
    0x0182, 0x2AE4, 0x2243, 0x1183, 0x5182, 0x41AD, 0x0216, 0x0216, 0x0215, 0x0213, 0x01F2, 0x01D1,
    0x01B1, 0x0190, 0x018F, 0x016F, 0x0085, 0x0085, 0x00A6, 0x00A6, 0x0085, 0x00A5, 0x0045, 0x4A03,
    0xFDE0, 0xFDA0, 0xFDA0, 0xFDA0, 0xFDA0, 0xFD80, 0xFD80, 0xFD80, 0xFD80, 0xFDA0, 0xFDA0, 0xFDA0,
    0xFD80, 0xFDE0, 0x9383, 0x0026, 0x08A6, 0x0046, 0x39A5, 0xBC62, 0xFD80, 0xFDC0, 0xFDC0, 0xFDE0,
    0xFDE0, 0xFDC0, 0xF540, 0xA3E3, 0x2967, 0x0047, 0x08A6, 0x0047, 0x41E5, 0xFDE0, 0xFDA0, 0xFDA0,
    0xFDA0, 0xFDA0, 0xFDA0, 0xFDA0, 0xFDA0, 0xFDA0, 0xFDA0, 0xFDA0, 0xFD80, 0xFD80, 0xFE00, 0x72E4,
    0x0048, 0x00C8, 0x0068, 0x5226, 0xCCA2, 0xFD80, 0xFDC0, 0xFDE0, 0xFDE0, 0xFDE0, 0xFDC0, 0xED41,
    0x9BE6, 0x19AC, 0x00ED, 0x012D, 0x014E, 0x016F, 0x016F, 0x0190, 0x01B1, 0x01F4, 0x3AD3, 0x6A06,
    0x6A47, 0x5185, 0x3165, 0xACF1, 0xF73B, 0x734B, 0x31C7, 0x6AC9, 0x3984, 0x3164, 0x2923, 0x2923,
    0x5AA9, 0x5AAA, 0x2965, 0x2965, 0x1905, 0x3A8F, 0x424A, 0x9D15, 0xFF9D, 0x8C92, 0x5C54, 0x2373,
    0x0375, 0x03D8, 0x043A, 0x0419, 0x0419, 0x043A, 0x045B, 0x0CBD, 0x14FE, 0x1D3E, 0x3D7E, 0x4DBF,
    0x45DF, 0x361F, 0x1DFF, 0x0D7F, 0x04BC, 0x0419, 0x041A, 0x04DE, 0x04BE, 0x043B, 0x041A, 0x03D9,
    0x043B, 0x043A, 0x03F8, 0x03D8, 0x11E8, 0x0902, 0x00E1, 0x5A80, 0x6AA0, 0x6BC0, 0x33A6, 0x232C,
    0x4C0F, 0x0207, 0x0140, 0x01E2, 0x0A83, 0x2305, 0x01A2, 0x0141, 0x2A4A, 0x0A55, 0x5A2E, 0x8A6D,
    0x4251, 0x1233, 0x01F2, 0x01B1, 0x0190, 0x0190, 0x016F, 0x016E, 0x0085, 0x0085, 0x0085, 0x0085,
    0x0085, 0x0085, 0x0065, 0x08C4, 0x3184, 0x2964, 0x2964, 0x2964, 0x2964, 0x2964, 0x2964, 0x2964,
    0x2985, 0x2985, 0x2985, 0x2985, 0x2985, 0x2985, 0x08E6, 0x0089, 0x00A9, 0x00C9, 0x008A, 0x0089,
    0x2189, 0x5287, 0x7327, 0x7347, 0x6B07, 0x4268, 0x114A, 0x008B, 0x008A, 0x00CA, 0x00CA, 0x00AA,
    0x010A, 0x21C9, 0x21A9, 0x21A9, 0x21A9, 0x21A9, 0x21A9, 0x2188, 0x2988, 0x2988, 0x2988, 0x2988,
    0x31A9, 0x2988, 0x2967, 0x08C8, 0x0069, 0x0068, 0x0089, 0x0029, 0x0069, 0x2967, 0x5246, 0x72C5,
    0x72E5, 0x6AA6, 0x3A08, 0x092B, 0x00AD, 0x00EC, 0x012D, 0x014E, 0x016F, 0x018F, 0x01B0, 0x01B1,
    0x01D2, 0x1A73, 0x7A6B, 0xD184, 0x7144, 0x1040, 0x62CA, 0xFF7B, 0xACAE, 0x4207, 0x4A27, 0x3185,
    0x3164, 0x2923, 0x2103, 0x18C3, 0x2124, 0x3A08, 0xB533, 0x9C4E, 0x5248, 0x6B0A, 0x3A2A, 0x7B8E,
    0xCD52, 0xF698, 0xFF3B, 0xF71B, 0xBDF7, 0x7494, 0x33D4, 0x13B5, 0x0376, 0x041A, 0x047C, 0x0CDD,
    0x049C, 0x049C, 0x04BD, 0x0D1E, 0x255E, 0x3D9F, 0x459F, 0x45BF, 0x3DFF, 0x35FF, 0x159F, 0x04FE,
    0x04DD, 0x04DD, 0x04BD, 0x049C, 0x045A, 0x0419, 0x03F9, 0x0333, 0x1103, 0x00A2, 0x2181, 0x6AE0,
    0x5AC0, 0x4C82, 0x12A6, 0x440E, 0x1B4C, 0x0244, 0x0241, 0x02E2, 0x0B44, 0x1303, 0x0A42, 0x01A2,
    0x11E4, 0x6A05, 0xEA23, 0xC181, 0xC1A2, 0xE246, 0xAA2A, 0x01D1, 0x0190, 0x018F, 0x016F, 0x016E,
    0x0086, 0x0085, 0x0085, 0x0086, 0x0085, 0x0085, 0x0085, 0x0065, 0x0045, 0x0045, 0x0045, 0x0045,
    0x0045, 0x0045, 0x0045, 0x0045, 0x0046, 0x0046, 0x0046, 0x0066, 0x0046, 0x012D, 0x2B76, 0x3C79,
    0x3479, 0x2C38, 0x3458, 0x3458, 0x2C39, 0x2C39, 0x2C3A, 0x2C3A, 0x2C3A, 0x3439, 0x3C79, 0x3C99,
    0x3C79, 0x4499, 0x44BA, 0x44BA, 0x3C9A, 0x3C7A, 0x3439, 0x2C39, 0x2439, 0x2418, 0x23F8, 0x1BD8,
    0x03B8, 0x0397, 0x0397, 0x0378, 0x0295, 0x02F6, 0x1337, 0x1AF7, 0x2317, 0x1B17, 0x1B17, 0x2317,
    0x1AD7, 0x1296, 0x1256, 0x0A36, 0x0A56, 0x0A56, 0x1236, 0x1A76, 0x01D3, 0x00EE, 0x012E, 0x014E,
    0x016F, 0x0190, 0x01B1, 0x01D2, 0x0234, 0x6A2B, 0xC984, 0xC984, 0x4103, 0x18E2, 0x4A07, 0xAC29,
    0x9BA4, 0x7B27, 0x49E4, 0x18A2, 0x18C2, 0x20E3, 0x18A2, 0x2103, 0x10A2, 0x1082, 0x2944, 0x52AA,
    0xA4D1, 0x7BAD, 0x5268, 0x4A06, 0x20C2, 0x41A5, 0x834B, 0xB4D1, 0xE616, 0xFED9, 0xEEB9, 0xD699,
    0x9556, 0x5C95, 0x23D6, 0x0BF7, 0x043A, 0x047D, 0x049D, 0x049D, 0x04BD, 0x04BD, 0x04FE, 0x155E,
    0x2D7E, 0x355E, 0x3D5E, 0x459F, 0x1D1E, 0x049C, 0x047B, 0x045A, 0x043A, 0x03F8, 0x03D8, 0x0A0B,
    0x0080, 0x00E2, 0x52A0, 0x7AE0, 0x53E0, 0x3505, 0x12A9, 0x236A, 0x02E8, 0x02A3, 0x0322, 0x03E2,
    0x0402, 0x0342, 0x0302, 0x0202, 0x1960, 0x9A21, 0xEA44, 0x9B09, 0x8BAC, 0xC9C2, 0xEA88, 0x1A10,
    0x01B0, 0x016F, 0x016F, 0x016E, 0x0086, 0x0085, 0x0086, 0x00A6, 0x0085, 0x0085, 0x0085, 0x0085,
    0x00A5, 0x00A5, 0x0085, 0x00A5, 0x0085, 0x0085, 0x00A5, 0x0085, 0x0085, 0x0085, 0x00A6, 0x0086,
    0x11EE, 0x5D1B, 0x3B75, 0x19AE, 0x114C, 0x092C, 0x092B, 0x112C, 0x114C, 0x114C, 0x116D, 0x198D,
    0x198D, 0x116D, 0x114C, 0x114C, 0x114D, 0x116D, 0x116D, 0x116D, 0x116D, 0x114C, 0x112C, 0x114C,
    0x112C, 0x112C, 0x112C, 0x090B, 0x00EB, 0x00EB, 0x00EB, 0x00AA, 0x63B3, 0xD71D, 0xF7FF, 0xF7FF,
    0xF7FF, 0xF7FF, 0xF7FF, 0xF7FF, 0xF7FF, 0xF7FF, 0xF7FF, 0xF7DF, 0xF7FF, 0xF7FF, 0xF7DF, 0xF7DF,
    0xD73F, 0x4C1B, 0x0130, 0x014E, 0x016F, 0x0190, 0x01B1, 0x01D3, 0x4270, 0xC1C6, 0xD184, 0x50E2,
    0x2103, 0x18A1, 0x41C6, 0xAC01, 0xF641, 0x8322, 0x3143, 0x1082, 0x0862, 0x0841, 0x10A2, 0x10A2,
    0x0861, 0x0861, 0x0020, 0x10C3, 0x2945, 0x2945, 0x83AD, 0x5247, 0x0000, 0x2124, 0x2923, 0x1041,
    0x3123, 0x6AA9, 0xA42F, 0xD594, 0xF6B9, 0xFEF9, 0xE698, 0xB5B7, 0x74F6, 0x3C36, 0x0BD7, 0x041A,
    0x049C, 0x049D, 0x04BE, 0x04BE, 0x04BD, 0x04BD, 0x04BD, 0x0CDD, 0x14BD, 0x047C, 0x045B, 0x043A,
    0x0439, 0x03D8, 0x0375, 0x0924, 0x0081, 0x08E1, 0x7300, 0x6B20, 0x3560, 0x2C07, 0x234B, 0x33ED,
    0x0367, 0x0421, 0x05C3, 0x0666, 0x1F09, 0x0603, 0x03E1, 0x0261, 0x3241, 0xAAE3, 0xEAA4, 0xE2E6,
    0xEB29, 0xE9C3, 0xC34B, 0x29E6, 0x21A8, 0x09B0, 0x016F, 0x016E, 0x0086, 0x0086, 0x0086, 0x00A6,
    0x0085, 0x0085, 0x0085, 0x0085, 0x0003, 0x0044, 0x0085, 0x0003, 0x0065, 0x0065, 0x0003, 0x0024,
    0x0085, 0x0086, 0x0086, 0x010A, 0x5D1B, 0x19F0, 0x0006, 0x0007, 0x0006, 0x0006, 0x0006, 0x0005,
    0x0007, 0x0007, 0x0006, 0x0006, 0x0006, 0x0006, 0x0007, 0x0008, 0x0007, 0x0006, 0x0006, 0x0006,
    0x0007, 0x0008, 0x0007, 0x0006, 0x0006, 0x0006, 0x0006, 0x0007, 0x0007, 0x0007, 0x0007, 0x9CB5,
    0xFFFF, 0xFFFF, 0xF7DF, 0xFFDF, 0xFFDF, 0xFFDF, 0xFFDF, 0xFFDF, 0xFFDF, 0xFFDF, 0xFFDF, 0xFFFF,
    0xF7DF, 0xFFDF, 0xFFDF, 0xFFDF, 0xFFFF, 0xF7DF, 0x22B8, 0x012F, 0x0190, 0x01B0, 0x01B1, 0x01F1,
    0x9965, 0xE184, 0x9123, 0x2923, 0x1881, 0x2945, 0x6A82, 0xEDE0, 0xBCC1, 0x3121, 0x20E2, 0x18C2,
    0x0861, 0x0020, 0x0841, 0x0841, 0x1082, 0x0862, 0x0020, 0x10A2, 0x10C3, 0x6AA8, 0x72E8, 0x2986,
    0x1082, 0x2103, 0x20E3, 0x0020, 0x0000, 0x0000, 0x0861, 0x20E3, 0x5207, 0x8B8C, 0xBCF1, 0xDE16,
    0xF6B9, 0xF6FA, 0xD679, 0x9556, 0x5434, 0x23D5, 0x03B7, 0x03B9, 0x047C, 0x04BD, 0x0CBD, 0x0C7C,
    0x149C, 0x0C9B, 0x043A, 0x041A, 0x0419, 0x03F9, 0x0AAF, 0x0080, 0x00C2, 0x0142, 0x1960, 0x7D08,
    0x5606, 0x0AA7, 0x240B, 0x0C2B, 0x0528, 0x1E48, 0x57F1, 0xD7FD, 0xEFFF, 0xAFF9, 0x1626, 0x03E1,
    0x5421, 0xDB02, 0x89C2, 0x7244, 0xBA23, 0xFA86, 0xABEE, 0x1923, 0x1967, 0x09B0, 0x016E, 0x016E,
    0x0086, 0x0086, 0x0086, 0x0086, 0x0085, 0x0085, 0x0085, 0x00A5, 0x94D4, 0x424B, 0x0065, 0x8C93,
    0x1107, 0x0085, 0x9D15, 0x52CD, 0x0024, 0x00A6, 0x0045, 0x1AD2, 0x43F7, 0x0007, 0x0048, 0x296C,
    0x424E, 0x422E, 0x422E, 0x426F, 0x10EA, 0x0008, 0x422E, 0x52AF, 0x52CF, 0x39ED, 0x0028, 0x0007,
    0x10C9, 0x4A6E, 0x4A8F, 0x4A6E, 0x10EA, 0x0007, 0x0028, 0x3A0D, 0x4A8E, 0x4A8F, 0x298C, 0x0008,
    0x0048, 0x0006, 0x8414, 0xFFFF, 0xE75E, 0xE75E, 0xFFDF, 0xF7DF, 0xF7DF, 0xF7DF, 0xF7BF, 0xF7DF,
    0xF7BF, 0xF7DF, 0xF7BF, 0xE73D, 0xF7BF, 0xF7BF, 0xF7DF, 0xF7DF, 0xF7BF, 0xFFFF, 0x541B, 0x010F,
    0x018F, 0x0190, 0x0213, 0x21A9, 0x6963, 0x78E3, 0x4943, 0x3122, 0x1081, 0x5268, 0xC4E3, 0xEE41,
    0x51C1, 0x20C2, 0x1082, 0x0862, 0x0000, 0x0861, 0x1082, 0x1082, 0x1082, 0x0020, 0x18C3, 0x10A2,
    0x0861, 0xC44F, 0x8288, 0x3185, 0x2944, 0x10A2, 0x0000, 0x0020, 0x0841, 0x0861, 0x0841, 0x0000,
    0x0000, 0x0000, 0x18A2, 0x41C6, 0x730B, 0x9C50, 0xCD75, 0xEEB9, 0xFEFA, 0xE699, 0xC5F7, 0x8516,
    0x5496, 0x23F6, 0x03B7, 0x045C, 0x04BD, 0x0C9B, 0x0C7B, 0x045A, 0x03D8, 0x03D8, 0x09A7, 0x0080,
    0x00E2, 0x0121, 0x2208, 0xDF5B, 0x54EC, 0x1B29, 0x34AE, 0x052C, 0x07A8, 0x0FF6, 0xD7FF, 0xFFFF,
    0xFFDF, 0xFFFF, 0x7F94, 0x0520, 0x5586, 0x660B, 0x74A7, 0x8C2A, 0xC244, 0xFAC8, 0x4A48, 0x0080,
    0x19CB, 0x016F, 0x016E, 0x016E, 0x00A6, 0x0086, 0x0085, 0x0086, 0x0085, 0x0085, 0x0065, 0x08C6,
    0xFFDF, 0xEF9E, 0x1927, 0xEF7D, 0x2168, 0x4ACD, 0xFFFF, 0xC639, 0x0044, 0x00A6, 0x0046, 0x33B6,
    0x2A71, 0x0007, 0x0868, 0xCE7B, 0x94D6, 0x8C55, 0x8454, 0x8C75, 0x296C, 0x94D6, 0xA516, 0x8434,
    0x8434, 0xD6BC, 0x73D3, 0x294A, 0xF79E, 0xCE7B, 0xC61A, 0xDEFC, 0xDEDC, 0x10C8, 0xB5B8, 0xDEFD,
    0xCE5B, 0xCE5A, 0xF7BE, 0x4A8F, 0x0006, 0x212B, 0xEF9E, 0xFFFF, 0x8C75, 0x8C95, 0xFFFF, 0xF7BF,
    0xF7DF, 0xFFFF, 0xFFFF, 0xFFFF, 0xFFFF, 0xFFFF, 0xB5B9, 0x7BF3, 0xFFFF, 0xFFFF, 0xFFFF, 0xF7DF,
    0xF7DF, 0xFFFF, 0x3B7A, 0x010E, 0x018F, 0x01D2, 0x324F, 0x5A27, 0x49A5, 0x4144, 0x2902, 0x20C1,
    0x0001, 0x6280, 0xFF20, 0x9BE1, 0x3123, 0x20E2, 0x0861, 0x0000, 0x0020, 0x2124, 0x10A3, 0x1082,
    0x0841, 0x10A2, 0x31A7, 0x4208, 0x10C3, 0x9924, 0xC904, 0x4881, 0x0041, 0x1082, 0x1904, 0x18E3,
    0x2125, 0x18E4, 0x0021, 0x0000, 0x0000, 0x0000, 0x0020, 0x10A2, 0x0882, 0x10A2, 0x3185, 0x5249,
    0x838D, 0xB4D2, 0xDDF7, 0xF6B9, 0xF6FA, 0xE6B9, 0xBE18, 0x74F6, 0x3C15, 0x1438, 0x041A, 0x047B,
    0x045B, 0x0B54, 0x00E2, 0x00C2, 0x0102, 0x0080, 0x8443, 0xB6C5, 0x0307, 0x3C0D, 0x2C4D, 0x064D,
    0x07F1, 0x47BE, 0xF7FF, 0xFFFF, 0xFFFF, 0xFFFF, 0x46ED, 0x064A, 0x17DB, 0x072B, 0x0622, 0x1747,
    0x3E48, 0x9BAA, 0x0861, 0x08C2, 0x11CE, 0x016F, 0x016E, 0x016E, 0x0086, 0x0086, 0x0086, 0x0085,
    0x0085, 0x0085, 0x0065, 0x10E6, 0xD69B, 0xD6BB, 0xC619, 0xDEFB, 0x2169, 0xB5B8, 0x8453, 0xCE7A,
    0x3A2B, 0x0045, 0x0088, 0x4438, 0x19AE, 0x0006, 0x29AC, 0xB5D9, 0x0004, 0x0005, 0x0005, 0x0004,
    0x298B, 0xD6BB, 0x0005, 0x0005, 0x0004, 0x212A, 0x4A4D, 0x6330, 0x9CF6, 0x0006, 0x0005, 0x39ED,
    0xEF7E, 0x424E, 0xD6BB, 0x0048, 0x0005, 0x0005, 0xE71D, 0x6B71, 0x0004, 0x6351, 0xFFFF, 0xFFFF,
    0x6351, 0xB598, 0xFFFF, 0xF7BF, 0xFFFF, 0xD6BB, 0x8414, 0x8433, 0x73D2, 0xDEDC, 0x9CD6, 0x52AF,
    0x8C74, 0x7391, 0xAD98, 0xFFFF, 0xFFDF, 0xEFBF, 0x12B8, 0x012E, 0x0190, 0x1A30, 0x4A07, 0x49C6,
    0x3964, 0x3944, 0x2903, 0x20E3, 0x2104, 0x49C1, 0xBC81, 0x3941, 0x1082, 0x0841, 0x0000, 0x0000,
    0x2104, 0x2965, 0x0861, 0x0841, 0x0861, 0x39C7, 0x39E8, 0x2145, 0x7924, 0xDA27, 0xB0C2, 0x9AA7,
    0x630A, 0x4208, 0x3185, 0x2965, 0x10A2, 0x2104, 0x2986, 0x10A2, 0x0861, 0x0000, 0x0841, 0x0021,
    0x0041, 0x0081, 0x0020, 0x0000, 0x0841, 0x2103, 0x39C7, 0x6B0C, 0x93F0, 0xBD34, 0xDE37, 0xF6D9,
    0xF6FA, 0xDEBA, 0xADD9, 0x6D37, 0x34B9, 0x0A0B, 0x08C1, 0x00C1, 0x0122, 0x0923, 0xDEB0, 0xDF49,
    0x1B49, 0x23AC, 0x142D, 0x06EB, 0x17F7, 0xEFFF, 0xFFFF, 0xFFFF, 0xFFFF, 0xBFFA, 0x0707, 0x4FDF,
    0x6FFB, 0x0649, 0x2CE9, 0x06C8, 0x07CA, 0x5369, 0x08A1, 0x1966, 0x0190, 0x016E, 0x016E, 0x016E,
    0x0086, 0x00A6, 0x0086, 0x0085, 0x0085, 0x0085, 0x0065, 0x08E6, 0xEF7D, 0x4A8C, 0xD6BB, 0xFFFF,
    0x4A8C, 0xF7BF, 0xC65A, 0xF79E, 0x94D4, 0x0003, 0x010A, 0x4C99, 0x08EB, 0x0006, 0x4A8E, 0xE71D,
    0x9CD5, 0x9CF6, 0xA537, 0x7392, 0x10A9, 0xBE1A, 0xAD78, 0xA537, 0xAD57, 0x7BD2, 0x0007, 0x0006,
    0x0007, 0x9D16, 0xC63A, 0xE73D, 0x8434, 0x0005, 0x10C9, 0x424E, 0x73B2, 0xB598, 0xE73D, 0x190A,
    0x0005, 0x94B5, 0xFFFF, 0xF7DF, 0x4A8E, 0xD6BB, 0xFFFF, 0xF7BF, 0xFFFF, 0xAD78, 0x9495, 0xCE5A,
    0x8454, 0x73B3, 0x73D2, 0x73B2, 0xDEDC, 0xC63A, 0x39ED, 0xEF5E, 0xFFFF, 0xCF3F, 0x0215, 0x014E,
    0x09D0, 0x422A, 0x49E6, 0x3144, 0x3985, 0x3123, 0x2903, 0x1082, 0x39A7, 0x41E8, 0x3123, 0x18A2,
    0x1082, 0x10A2, 0x0020, 0x0861, 0x31A7, 0x10A2, 0x0861, 0x0021, 0x2965, 0x4229, 0x2945, 0x10C2,
    0x78A2, 0xE0A2, 0x9061, 0x4964, 0x736C, 0x0861, 0x0861, 0x0000, 0x2104, 0x838B, 0x6B0A, 0x3165,
    0x0882, 0x2945, 0x18E4, 0x0021, 0x0881, 0x0881, 0x0000, 0x0020, 0x0060, 0x0020, 0x0000, 0x10A2,
    0x2124, 0x2966, 0x4A49, 0x6B2D, 0x9C51, 0xC575, 0xEE78, 0xFF1A, 0xEEDA, 0xC5F7, 0xA535, 0x5B4D,
    0x0143, 0x6C50, 0xFFFF, 0x54D1, 0x1B0A, 0x3470, 0x04CD, 0x0766, 0x17EE, 0xF7FF, 0xFFFF, 0xFFFF,
    0xFFFF, 0x6792, 0x070E, 0xBFFF, 0x4FB8, 0x07AB, 0x1789, 0x0709, 0x264A, 0x4AA8, 0x3267, 0x198A,
    0x0190, 0x016E, 0x016E, 0x014E, 0x0086, 0x0086, 0x00A6, 0x0085, 0x0085, 0x0085, 0x0065, 0x08C6,
    0xCE5A, 0x2988, 0x31C9, 0xCE7A, 0x8C52, 0xAD97, 0x18C6, 0x5B2F, 0xBE19, 0x0065, 0x09AD, 0x5479,
    0x0048, 0x0005, 0x7C13, 0x8C75, 0x212A, 0x214B, 0x214B, 0x18EA, 0x10CB, 0x0868, 0x212A, 0x296C,
    0x296B, 0xD69B, 0x52D0, 0x296B, 0x0027, 0x296C, 0x296B, 0xAD78, 0x9D16, 0x318B, 0xD69B, 0xBDF9,
    0x9CF6, 0x73B2, 0x10CA, 0x0007, 0x0006, 0xBDF9, 0xFFFF, 0xE75E, 0x52AF, 0xFFFF, 0xFFFF, 0xFFFF,
    0xF7DF, 0x8433, 0x8413, 0x8C75, 0x5AEF, 0x8454, 0x6B72, 0xE75D, 0xFFFF, 0xFFFF, 0x52CF, 0xEF9E,
    0xFFFF, 0xA65F, 0x0172, 0x016F, 0x29EC, 0x4A06, 0x41A6, 0x41A5, 0x3964, 0x3124, 0x1081, 0x10A3,
    0x39E7, 0x4A48, 0x20E3, 0x20E4, 0x18A2, 0x10A2, 0x1082, 0x20E4, 0x39C7, 0x18C3, 0x0000, 0x1082,
    0x39C7, 0x3A08, 0x2945, 0x2144, 0x5820, 0xA800, 0x7000, 0x2861, 0x0000, 0x1061, 0x0020, 0x0861,
    0x5A88, 0x5AAA, 0x6B0B, 0x2965, 0x0020, 0x2925, 0x18C3, 0x0041, 0x0861, 0x0041, 0x0000, 0x0861,
    0x0861, 0x0820, 0x0000, 0x0000, 0x0000, 0x0000, 0x0020, 0x0881, 0x1904, 0x31C7, 0x4ACC, 0x6B6E,
    0x9C51, 0xC575, 0xE699, 0xEF1B, 0xD699, 0xF77E, 0xE7DD, 0x132A, 0x1AEC, 0x130C, 0x0449, 0x0503,
    0x05E6, 0x77B6, 0xF7FE, 0xFFFF, 0xC7FD, 0x0E68, 0x5779, 0xCFFF, 0x064C, 0x1464, 0x0E47, 0x07CA,
    0x350A, 0x29E6, 0x2185, 0x118D, 0x0170, 0x016F, 0x014E, 0x014D, 0x00A6, 0x00A6, 0x00A6, 0x0086,
    0x0085, 0x0085, 0x0085, 0x0085, 0x0085, 0x0085, 0x0044, 0x0085, 0x08A5, 0x0065, 0x0044, 0x0065,
    0x00C6, 0x0045, 0x1A70, 0x43D6, 0x0007, 0x0006, 0xB5B8, 0x6B51, 0x1088, 0x10CA, 0x10C9, 0x0005,
    0xBDF9, 0x7391, 0x0868, 0x0889, 0x210A, 0xBDF9, 0x5ACF, 0xFFFF, 0x6351, 0x31AC, 0x31AC, 0xD69B,
    0x8C74, 0xC63A, 0xCE5A, 0x420D, 0x39EC, 0x31CD, 0x31AD, 0x0028, 0x10A9, 0xE73D, 0xFFFF, 0xC61A,
    0x39ED, 0xD69C, 0xC63A, 0xD69B, 0xAD57, 0x39ED, 0xE73D, 0xEF5D, 0x52AF, 0x9495, 0x31CC, 0xBDF9,
    0xE73D, 0x9495, 0x6331, 0xFFFF, 0xFFFF, 0x7D5D, 0x0110, 0x19EE, 0x4A48, 0x5227, 0x3985, 0x3964,
    0x2903, 0x18C2, 0x18C3, 0x39E7, 0x52AA, 0x18E3, 0x0020, 0x1082, 0x18C3, 0x18E3, 0x18C3, 0x1082,
    0x1082, 0x1082, 0x0882, 0x39C7, 0x4208, 0x39C7, 0x3144, 0x2965, 0x830C, 0xC8C3, 0x8082, 0x0861,
    0x2924, 0x2965, 0x0000, 0x2924, 0x7B4B, 0x8BED, 0x39E7, 0x1061, 0x18C3, 0x0000, 0x2124, 0x4207,
    0x1904, 0x2185, 0x08A2, 0x10E3, 0x2144, 0x2102, 0x0061, 0x0040, 0x0840, 0x0000, 0x0000, 0x2100,
    0x10C0, 0x0080, 0x08E0, 0x10C3, 0x2145, 0x3208, 0x4248, 0x630B, 0x8C0F, 0xBD54, 0x7D93, 0x01E7,
    0x1AAC, 0x034E, 0x0364, 0x0302, 0x03E1, 0x0663, 0x2FD5, 0x3FD9, 0x1731, 0x060A, 0x7FFF, 0x5FF8,
    0x07C9, 0x274D, 0x0F0A, 0x172B, 0x3349, 0x3A68, 0x21A7, 0x01B0, 0x016F, 0x016F, 0x014E, 0x014D,
    0x00A6, 0x0086, 0x0086, 0x0086, 0x0085, 0x0085, 0x0085, 0x0085, 0x0085, 0x0085, 0x0085, 0x0085,
    0x0065, 0x0085, 0x0085, 0x0086, 0x0086, 0x0025, 0x2B33, 0x32F3, 0x0006, 0x0028, 0x94B5, 0xB598,
    0xA537, 0xA537, 0xAD98, 0x422E, 0x420E, 0xB5D9, 0xAD78, 0xA557, 0xB598, 0x5B11, 0x0027, 0x9495,
    0xCE5B, 0xC63A, 0xCE7B, 0xA517, 0x190A, 0xA537, 0xBDF9, 0xC63A, 0xC63A, 0xCE7B, 0x8C74, 0x0006,
    0x4A6F, 0xFFFF, 0xFFDF, 0xCE9B, 0x6310, 0x6B72, 0x6B72, 0x6330, 0xA557, 0x8C55, 0x6B92, 0x8414,
    0x8434, 0xC63A, 0x8C75, 0x8414, 0x7392, 0x73B2, 0xE73D, 0xF7DF, 0xFFFF, 0x547B, 0x014F, 0x4A4A,
    0x5247, 0x3965, 0x3965, 0x2924, 0x3144, 0x1082, 0x2966, 0x4A49, 0x31A6, 0x0021, 0x0861, 0x1082,
    0x0861, 0x0861, 0x10A2, 0x18C3, 0x2104, 0x18C3, 0x18C3, 0x10A3, 0x2945, 0x31A6, 0x2924, 0x2945,
    0x39A6, 0x4061, 0x38E3, 0x0000, 0x4A28, 0x5AAA, 0x3144, 0x0841, 0x2965, 0x4A48, 0x1082, 0x41C6,
    0x2924, 0x0000, 0x2104, 0x4A48, 0x2144, 0x18E2, 0x10A2, 0x1082, 0x2145, 0x10A2, 0x08A2, 0x52A7,
    0x39A3, 0x0061, 0x3121, 0x7AC1, 0x5A40, 0x4A20, 0x1920, 0x0000, 0x0000, 0x0881, 0x0882, 0x1923,
    0x1944, 0x21C5, 0x22CB, 0x12C6, 0x0AC5, 0x0AAA, 0x0384, 0x05A7, 0x06A9, 0x074D, 0x07D9, 0x07B8,
    0x0773, 0x077A, 0x0FFF, 0x06AC, 0x0C83, 0x0544, 0x0768, 0x2E6C, 0x1A05, 0x1102, 0x1968, 0x0190,
    0x016F, 0x016E, 0x014D, 0x012D, 0x00A6, 0x0086, 0x00A6, 0x0086, 0x0085, 0x0085, 0x0085, 0x0085,
    0x0085, 0x0085, 0x0085, 0x0085, 0x0085, 0x0085, 0x0085, 0x0086, 0x00A6, 0x0045, 0x3354, 0x32D2,
    0x0006, 0x0069, 0x0007, 0x0007, 0x0028, 0x0028, 0x0028, 0x0028, 0x0007, 0x0007, 0x0028, 0x0028,
    0x0007, 0x0007, 0x0028, 0x0006, 0x0007, 0x0007, 0x0007, 0x0007, 0x0007, 0x0007, 0x0007, 0x0007,
    0x0007, 0x0007, 0x0006, 0x0006, 0xBE1A, 0xFFFF, 0xF7BF, 0xFFFF, 0xFFFF, 0xFFFF, 0xFFFF, 0xFFFF,
    0xFFFF, 0xFFFF, 0xFFFF, 0xFFFF, 0xFFFF, 0xFFFF, 0xFFFF, 0xFFFF, 0xFFFF, 0xFFFF, 0xF7DF, 0xFFDF,
    0xEFDF, 0x12B7, 0x29AB, 0x5227, 0x3985, 0x3165, 0x3165, 0x3144, 0x1082, 0x18E3, 0x4208, 0x4A49,
    0x0841, 0x1082, 0x0021, 0x1082, 0x1082, 0x10A2, 0x0862, 0x1082, 0x0862, 0x10A2, 0x18A3, 0x18E3,
    0x18C3, 0x10A3, 0x1082, 0x2104, 0x18A2, 0x2124, 0x0000, 0x5A89, 0x2945, 0x6B0B, 0x8BEE, 0x4A48,
    0x3185, 0x5A89, 0x18C3, 0x3186, 0x0862, 0x0020, 0x2945, 0x1062, 0x4206, 0x2103, 0x0000, 0x0841,
    0x0841, 0x0020, 0x0000, 0x3185, 0x2964, 0x0861, 0xAB83, 0xDCA4, 0xCC64, 0x9362, 0x08C0, 0x0020,
    0x00A0, 0x0200, 0x0240, 0x0040, 0x0201, 0x0AC1, 0x1A43, 0x3327, 0x2B6B, 0x02E6, 0x0364, 0x0447,
    0x05C8, 0x076D, 0x06EE, 0x0794, 0x076F, 0x0799, 0x07F6, 0x0EC7, 0x4D6D, 0x44EB, 0x0E69, 0x350B,
    0x1924, 0x10C2, 0x11CD, 0x01D1, 0x01B0, 0x018F, 0x016E, 0x014E, 0x00A6, 0x00A6, 0x00A6, 0x0086,
    0x0085, 0x0085, 0x0085, 0x0085, 0x0085, 0x0085, 0x0085, 0x0085, 0x0085, 0x0085, 0x0086, 0x0086,
    0x0086, 0x0066, 0x09AE, 0x5CDA, 0x008A, 0x0006, 0x0006, 0x0006, 0x0006, 0x0007, 0x0006, 0x0006,
    0x0006, 0x0006, 0x0006, 0x0006, 0x0007, 0x0007, 0x0007, 0x0007, 0x0007, 0x0007, 0x0006, 0x0007,
    0x0007, 0x0007, 0x0007, 0x0007, 0x0007, 0x0006, 0x1888, 0xAD36, 0xFFFF, 0xFFFF, 0xFFFF, 0xFFFF,
    0xFFFF, 0xFFFF, 0xFFFF, 0xFFFF, 0xFFFF, 0xFFFF, 0xFFFF, 0xFFFF, 0xFFFF, 0xFFFF, 0xFFFF, 0xFFFF,
    0xFFFF, 0xFFFF, 0xFFFF, 0xF7FF, 0x4C3C, 0x11AE, 0x4207, 0x49E7, 0x3985, 0x3165, 0x3144, 0x20E3,
    0x1082, 0x3186, 0x4A49, 0x2125, 0x0862, 0x0841, 0x4228, 0x31A6, 0x18C3, 0x0862, 0x0862, 0x1082,
    0x0862, 0x0862, 0x0862, 0x1082, 0x1082, 0x10A2, 0x18C3, 0x10A2, 0x10A2, 0x2104, 0x0841, 0x6A87,
    0x834A, 0x2125, 0x10C3, 0x2945, 0x49E7, 0x0000, 0x18C3, 0x39A7, 0x2104, 0x0841, 0x39C7, 0x31A6,
    0x18E3, 0x0861, 0x0882, 0x0841, 0x0021, 0x31E7, 0x0881, 0x0000, 0x0000, 0x20E3, 0x9B87, 0xBC27,
    0xD464, 0x72E3, 0x0000, 0x0060, 0x0080, 0x0100, 0x02A1, 0x01A1, 0x01E0, 0x00E0, 0x00A0, 0x0120,
    0x1203, 0x7CEF, 0x45AE, 0x0447, 0x0528, 0x06AB, 0x068A, 0x06AB, 0x0628, 0x07EC, 0x076A, 0x0543,
    0x05C5, 0x0F29, 0x174A, 0x3B8A, 0x29A6, 0x29C7, 0x2294, 0x2295, 0x1A74, 0x1A74, 0x2274, 0x2273,
    0x00A6, 0x00A6, 0x00A6, 0x00A6, 0x0086, 0x0085, 0x0085, 0x0085, 0x0085, 0x0085, 0x0085, 0x0085,
    0x0085, 0x0085, 0x0086, 0x0086, 0x0086, 0x00A6, 0x0087, 0x2B14, 0x5CDA, 0x3B13, 0x2AF2, 0x2AD2,
    0x2AD2, 0x2AF2, 0x2AF2, 0x2AF3, 0x3313, 0x3313, 0x3313, 0x3313, 0x3313, 0x2B13, 0x2B13, 0x2AF3,
    0x2B13, 0x2AF3, 0x2AF2, 0x2AF3, 0x2AF3, 0x2AF3, 0x22D2, 0x0A91, 0x0272, 0x3BB5, 0x967D, 0xC7BF,
    0xB71F, 0xB71F, 0xB6FF, 0xB6DF, 0xB6DF, 0xB6DF, 0xB6DF, 0xB6FF, 0xB6DF, 0xB6DF, 0xB6DF, 0xB6BF,
    0xB6BF, 0xB69F, 0xB69F, 0xB69F, 0xB69F, 0xB69F, 0x95BE, 0x2B19, 0x09B2, 0x4229, 0x41E6, 0x3165,
    0x41E7, 0x3965, 0x2924, 0x0841, 0x2945, 0x4A49, 0x31A6, 0x0000, 0x0861, 0x2966, 0x7BCF, 0x4A49,
    0x73AE, 0x39E7, 0x39C7, 0x0861, 0x1082, 0x0841, 0x1082, 0x0862, 0x0841, 0x0841, 0x0861, 0x0861,
    0x18E3, 0x18C3, 0x10A3, 0x9BEC, 0xAC8F, 0x6B6E, 0x6B0A, 0x732B, 0x5A68, 0x5248, 0x3165, 0x0000,
    0x3186, 0x5ACA, 0x2124, 0x4A88, 0x31C6, 0x2124, 0x18C3, 0x0021, 0x0841, 0x4A88, 0x2964, 0x0000,
    0x0861, 0x0861, 0x31E6, 0x630A, 0x5225, 0x10C1, 0x4A88, 0x4267, 0x1902, 0x1163, 0x0000, 0x0140,
    0x0180, 0x0000, 0x0060, 0x0161, 0x1A25, 0x5B2A, 0x8CB1, 0x7D92, 0x5D70, 0x4D90, 0x458F, 0x0C07,
    0x0543, 0x07A7, 0x0688, 0x2BC7, 0x3C08, 0x05E6, 0x266B, 0x3A89, 0x2164, 0x29CA, 0x3B38, 0x32F6,
    0x3AF6, 0x3B16, 0x4B37, 0x4B57, 0x00A6, 0x00A6, 0x00A6, 0x00A6, 0x0086, 0x0085, 0x0085, 0x0085,
    0x0085, 0x0085, 0x0085, 0x0085, 0x0085, 0x0085, 0x0086, 0x0086, 0x0086, 0x0086, 0x00A6, 0x0066,
    0x018D, 0x2334, 0x2375, 0x2335, 0x2335, 0x2355, 0x2335, 0x2335, 0x2376, 0x2356, 0x2376, 0x2376,
    0x2376, 0x2376, 0x2376, 0x2356, 0x2356, 0x2376, 0x2376, 0x2376, 0x2376, 0x2356, 0x1B15, 0x02F5,
    0x02B5, 0x02D5, 0x0274, 0x01F2, 0x01F2, 0x01D2, 0x01B2, 0x0192, 0x0192, 0x0192, 0x0192, 0x01B2,
    0x01B2, 0x0192, 0x0192, 0x0192, 0x0172, 0x0171, 0x0192, 0x0192, 0x0192, 0x0192, 0x0130, 0x010E,
    0x320A, 0x5268, 0x39C6, 0x39A6, 0x2944, 0x3165, 0x10A2, 0x2124, 0x31A6, 0x31A7, 0x2966, 0x4229,
    0x0862, 0x4249, 0x3186, 0x5AEB, 0x2965, 0x738E, 0x4228, 0x632C, 0x31A7, 0x2945, 0x0841, 0x0862,
    0x0862, 0x1082, 0x0861, 0x0862, 0x0862, 0x1082, 0x2124, 0x62EB, 0x2986, 0x630B, 0xCD71, 0x8BEE,
    0x2986, 0x31A6, 0x2124, 0x0000, 0x10A2, 0x10A2, 0x3185, 0x2143, 0x21C4, 0x3186, 0x41E7, 0x2103,
    0x0020, 0x18E3, 0x10A2, 0x0000, 0x2124, 0x2165, 0x0000, 0x0041, 0x0082, 0x0000, 0x4A88, 0x2164,
    0x8C8F, 0x3286, 0x636A, 0x09C3, 0x00A0, 0x0020, 0x00A1, 0x2246, 0x3287, 0x42E9, 0x3288, 0x3A89,
    0x42AA, 0x22A9, 0x0A04, 0x01C0, 0x0483, 0x0485, 0x0445, 0x25CA, 0x464C, 0x0E69, 0x34CA, 0x29C6,
    0x4288, 0x222E, 0x1A95, 0x1A74, 0x1A74, 0x2294, 0x2AB4, 0x32B5, 0x00A6, 0x00A6, 0x00A6, 0x00A6,
    0x0086, 0x0086, 0x0086, 0x0085, 0x00A5, 0x00A5, 0x00A5, 0x00A5, 0x00A5, 0x00A5, 0x00A5, 0x00A6,
    0x00A6, 0x00A6, 0x00A6, 0x00A7, 0x00A7, 0x0046, 0x0047, 0x0067, 0x0046, 0x0046, 0x0066, 0x0066,
    0x0066, 0x0067, 0x0067, 0x0067, 0x0067, 0x0067, 0x0067, 0x0067, 0x0067, 0x0087, 0x0087, 0x0087,
    0x0067, 0x0067, 0x0067, 0x0087, 0x0087, 0x0067, 0x0088, 0x00A8, 0x00A8, 0x00A8, 0x00A9, 0x00A9,
    0x00A9, 0x00A9, 0x00A9, 0x00C9, 0x00C9, 0x00EA, 0x00EA, 0x00EA, 0x010B, 0x010B, 0x012B, 0x012C,
    0x014C, 0x016D, 0x016E, 0x3A8E, 0x39A6, 0x3186, 0x3165, 0x39C6, 0x2945, 0x1082, 0x18E3, 0x3186,
    0x4A27, 0x4A28, 0x9C2E, 0xA4B0, 0x528A, 0x10C3, 0x9CF3, 0x4A6A, 0x2946, 0x4A49, 0x2945, 0x5ACB,
    0x4208, 0x5AEB, 0x4208, 0x4228, 0x10A3, 0x1082, 0x0841, 0x1082, 0x1062, 0x18A3, 0x4A69, 0x39C6,
    0x39C7, 0x1904, 0x39E7, 0x18C3, 0x5269, 0x39C7, 0x0841, 0x0841, 0x3165, 0x18E3, 0x5228, 0x4BE8,
    0x4E29, 0x4489, 0x5248, 0x5289, 0x3985, 0x3165, 0x5B09, 0x10A2, 0x2104, 0x0000, 0x4A69, 0x9C0B,
    0x8BA9, 0x2164, 0x1104, 0x18C3, 0x1924, 0x08C2, 0x6BAC, 0x1123, 0x0020, 0x0922, 0x0922, 0x2124,
    0x7C6F, 0x532A, 0x2A27, 0x2A48, 0x1206, 0x01A3, 0x0160, 0x0281, 0x03C4, 0x0323, 0x02E4, 0x02C3,
    0x02E2, 0x0C46, 0x3388, 0x0061, 0x1904, 0x09F0, 0x01D1, 0x01B1, 0x01B0, 0x01B0, 0x01B0, 0x01B0,
    0x00A7, 0x00A7, 0x00A6, 0x00A6, 0x00A6, 0x00A6, 0x0086, 0x00C5, 0x05A7, 0x0647, 0x0607, 0x0607,
    0x05E7, 0x05E7, 0x05C7, 0x05A7, 0x0588, 0x054A, 0x052B, 0x0515, 0x04BB, 0x047B, 0x049B, 0x049B,
    0x049B, 0x04DB, 0x1D55, 0x65CC, 0xDD80, 0xDD61, 0xDD61, 0xDD61, 0xDD81, 0xDDA1, 0xDDC1, 0xDDE1,
    0xDDE1, 0xDDE1, 0xDDC1, 0xDDC1, 0xDDC1, 0xDDC1, 0xDDC1, 0xDDC1, 0xDD81, 0xE5E0, 0x62E6, 0x008A,
    0x00E9, 0x00C9, 0x00C9, 0x00C9, 0x00CA, 0x00CA, 0x00CA, 0x00EA, 0x00EA, 0x00EA, 0x010B, 0x010B,
    0x010B, 0x012C, 0x012C, 0x014C, 0x014D, 0x014E, 0x11CE, 0x41E8, 0x4A28, 0x31A6, 0x39C7, 0x3165,
    0x2925, 0x10A3, 0x2945, 0x3208, 0x0A90, 0x532F, 0x8BCE, 0x83AD, 0x18E4, 0x8C51, 0xFF9D, 0x734C,
    0xD679, 0x6B4D, 0x630C, 0x18C3, 0x52AA, 0x2925, 0x6B6D, 0x2966, 0x736E, 0x3186, 0x39E7, 0x1082,
    0x0862, 0x18C3, 0x2965, 0x93ED, 0xF75B, 0xBD94, 0x5227, 0x0841, 0x4208, 0x62C9, 0x3185, 0x0841,
    0x3186, 0x39C7, 0x10E2, 0x3C66, 0x3BE6, 0x3448, 0x1082, 0x0882, 0x10A3, 0x1904, 0x18C3, 0x2924,
    0x2124, 0x1082, 0x6B0A, 0xB44C, 0x942C, 0x5AEA, 0x83EC, 0x7BED, 0x4289, 0x4248, 0x10C3, 0x21A5,
    0x42AA, 0x7C0C, 0x9C29, 0x4A66, 0x2985, 0x6B4C, 0x638D, 0x4B2B, 0x2A68, 0x0984, 0x0100, 0x02E1,
    0x02A4, 0x0282, 0x02A1, 0x02A1, 0x02C2, 0x0324, 0x1A05, 0x10A2, 0x1927, 0x01F2, 0x01B0, 0x01B0,
    0x01B0, 0x018F, 0x018E, 0x016E, 0x00A7, 0x00A7, 0x00A7, 0x00A6, 0x00A6, 0x0086, 0x0086, 0x0085,
    0x01C6, 0x0226, 0x0206, 0x0206, 0x0206, 0x0206, 0x01E6, 0x01E6, 0x01E6, 0x01C7, 0x01C8, 0x01A9,
    0x018B, 0x01AC, 0x01AC, 0x01AC, 0x01AC, 0x01AC, 0x01CA, 0x19E8, 0x39E5, 0x39C5, 0x39E5, 0x39E5,
    0x39E5, 0x39E5, 0x3A05, 0x3A05, 0x3A05, 0x3A05, 0x3A05, 0x3A05, 0x3A05, 0x3A05, 0x39E5, 0x39E5,
    0x39E6, 0x3A05, 0x1927, 0x00A9, 0x00C9, 0x00C9, 0x00C9, 0x00C9, 0x00C9, 0x00C9, 0x00EA, 0x00EA,
    0x00EA, 0x00EA, 0x010B, 0x010B, 0x010B, 0x010B, 0x012C, 0x012C, 0x012C, 0x098E, 0x422B, 0x41E7,
    0x39C7, 0x5269, 0x20E4, 0x18A3, 0x0861, 0x1904, 0x41C6, 0x1AD2, 0x13FB, 0x4AAC, 0x345A, 0x0A92,
    0x5269, 0x9CB3, 0xDE79, 0xD637, 0xEF1C, 0x7BCF, 0x2145, 0x738E, 0x738E, 0x31A7, 0x4229, 0x2966,
    0x4A8A, 0x31A6, 0x52AB, 0x528A, 0x4208, 0x4A49, 0x39C7, 0x736D, 0x4208, 0x940D, 0x83CD, 0x7B8C,
    0x2924, 0x6288, 0x730A, 0x5268, 0x2965, 0x41E8, 0x4307, 0x3DA7, 0x4628, 0x6C69, 0x4A08, 0x7AE6,
    0x8B05, 0x8B6A, 0x18A2, 0x39C7, 0x0020, 0x39C7, 0x8BCC, 0x8B8B, 0x5AAA, 0x4A49, 0xAD31, 0x630A,
    0x8C0B, 0x948E, 0x31E7, 0x0000, 0x3A28, 0x6B8C, 0x31C5, 0x7C0C, 0x00A1, 0x4A68, 0x52EA, 0x18E3,
    0x1924, 0x08E3, 0x08C0, 0x0268, 0x02BB, 0x0215, 0x01EE, 0x024A, 0x0284, 0x0282, 0x1124, 0x39C6,
    0x118B, 0x01D2, 0x01B0, 0x01B0, 0x0190, 0x018F, 0x018F, 0x016E, 0x00A7, 0x00C7, 0x00C7, 0x00A7,
    0x00A6, 0x0086, 0x0086, 0x0086, 0x0025, 0x0004, 0x0025, 0x0066, 0x0046, 0x0046, 0x0046, 0x0046,
    0x0066, 0x0026, 0x0045, 0x0045, 0x0065, 0x0065, 0x0065, 0x0045, 0x0045, 0x0066, 0x0066, 0x0066,
    0x0047, 0x0047, 0x0067, 0x0067, 0x0068, 0x0068, 0x0067, 0x0047, 0x0047, 0x0068, 0x0068, 0x0068,
    0x0068, 0x0068, 0x0068, 0x0068, 0x0089, 0x0069, 0x00A9, 0x00C9, 0x00C9, 0x00C9, 0x00C9, 0x00E9,
    0x00C9, 0x00EA, 0x00C9, 0x00C9, 0x00EA, 0x00EA, 0x010B, 0x012B, 0x010B, 0x010B, 0x012C, 0x012C,
    0x012D, 0x21CB, 0x6B4D, 0x4A49, 0x39C7, 0x3165, 0x18E4, 0x18E4, 0x2104, 0x4229, 0x39C6, 0x118F,
    0x0173, 0x11CF, 0x033A, 0x2AD3, 0x8BED, 0x83AE, 0xCDF8, 0xCE39, 0xD5F8, 0x8BCE, 0x31A6, 0xF79D,
    0xACD2, 0x7BEF, 0x9CD3, 0x6B4D, 0x1904, 0x528A, 0x2124, 0x630C, 0x4229, 0x738E, 0x9C6E, 0x6AE8,
    0x2920, 0x1081, 0x0842, 0x20E4, 0x1062, 0x3985, 0x3124, 0x5A47, 0x3144, 0x3965, 0x3286, 0x0322,
    0x1BA3, 0x4AC7, 0x5226, 0xED89, 0xFE6B, 0xFDCA, 0xA366, 0x0841, 0x2125, 0x940E, 0xAC2B, 0x734B,
    0x39E7, 0x7BAD, 0x736D, 0x52CB, 0x9C6F, 0x62EA, 0x0000, 0x0882, 0x52A9, 0x2185, 0x08E3, 0x0904,
    0x1985, 0x3A89, 0x2185, 0x0040, 0x0041, 0x08A1, 0x09EB, 0x0258, 0x0238, 0x3A0B, 0x3AB1, 0x0A9B,
    0x02BB, 0x0182, 0x31C7, 0x2945, 0x098E, 0x01D1, 0x01B0, 0x01B0, 0x018F, 0x018F, 0x016E, 0x016E,
    0x00C7, 0x00C7, 0x00C7, 0x00A7, 0x00A6, 0x00A6, 0x00A6, 0x0065, 0x1968, 0x322B, 0x00C6, 0x0024,
    0x0065, 0x0044, 0x0045, 0x0085, 0x0045, 0x1127, 0x08E7, 0x0066, 0x0045, 0x0065, 0x0025, 0x08C7,
    0x1108, 0x0005, 0x0066, 0x0045, 0x0066, 0x00A6, 0x0045, 0x0066, 0x0045, 0x0045, 0x0046, 0x00A7,
    0x0087, 0x0087, 0x0046, 0x0066, 0x0046, 0x0046, 0x0067, 0x0087, 0x0046, 0x0087, 0x0047, 0x0067,
    0x00A8, 0x0068, 0x0088, 0x0068, 0x00A9, 0x0047, 0x0929, 0x114B, 0x00C9, 0x00EA, 0x010B, 0x012B,
    0x010B, 0x010B, 0x012C, 0x010C, 0x118C, 0x4A8B, 0x738D, 0x31A6, 0x5248, 0x2945, 0x2104, 0x39C7,
    0x2965, 0x0841, 0x2923, 0x00A8, 0x0175, 0x0175, 0x0111, 0x00A9, 0x1927, 0x5AAA, 0x2105, 0x9C51,
    0x9D79, 0x7D3A, 0xE6DB, 0xD638, 0xC574, 0xEEFB, 0xDE9A, 0x39A6, 0x39C7, 0x5ACB, 0x1082, 0x0862,
    0x2986, 0x39E7, 0x7BAD, 0xA486, 0x62C3, 0x5A83, 0x5262, 0x18A1, 0x5A67, 0x93E8, 0x62A6, 0x5226,
    0x4A07, 0x4A07, 0x2123, 0x4A66, 0x2A44, 0x2144, 0x9B66, 0xFE8A, 0xF5EA, 0xFE6B, 0x9367, 0x0000,
    0x20E4, 0x5249, 0x72EA, 0x7B6C, 0x62EB, 0xBD11, 0x62EA, 0x62CA, 0x83CD, 0x39E8, 0x0001, 0x2125,
    0x39C6, 0x0882, 0x10E4, 0x10C3, 0x10C2, 0x532A, 0x29E6, 0x3228, 0x4289, 0x1124, 0x01D2, 0x027B,
    0x027C, 0x6C59, 0x8C94, 0x0A15, 0x12FB, 0x1124, 0x39E7, 0x2987, 0x01B1, 0x01B0, 0x01B0, 0x01B0,
    0x018F, 0x016F, 0x016E, 0x016E, 0x00C7, 0x00C7, 0x00C7, 0x00A7, 0x00A6, 0x0086, 0x00A6, 0x0024,
    0x94B3, 0x94D4, 0x7C32, 0x39EA, 0x31EA, 0x3A2B, 0x3A4C, 0x21AA, 0x1907, 0x7C32, 0xA536, 0x6350,
    0x422B, 0x31EB, 0x2989, 0x9CF5, 0x52CD, 0x528C, 0x2189, 0x4AAE, 0x218A, 0x00A7, 0x4ACE, 0x29AA,
    0x4AAD, 0x4AAD, 0x4AAE, 0x08C8, 0x94D5, 0x3A2C, 0x426C, 0x29AA, 0x4AAE, 0x4AAE, 0x428E, 0x29EC,
    0x5B2F, 0x112A, 0x42AE, 0x322D, 0x00C9, 0x4ACF, 0x320C, 0x42AF, 0x198C, 0x426D, 0x6371, 0x5310,
    0x0048, 0x00EA, 0x00EA, 0x00EA, 0x010B, 0x010B, 0x010B, 0x014C, 0x4A6B, 0x31C8, 0x4208, 0x2966,
    0x3186, 0x3186, 0x0882, 0x2924, 0x31E8, 0x096A, 0x0108, 0x31CA, 0x29EF, 0x092E, 0x0132, 0x0152,
    0x027A, 0x2A0C, 0x31A6, 0x39A6, 0x23B9, 0x1B56, 0x7BD0, 0x4C7A, 0x8CD7, 0xD618, 0xC575, 0x41C6,
    0x2104, 0x3186, 0x62EB, 0x7B8C, 0x39C6, 0x83CD, 0x9429, 0x7B63, 0x41C2, 0x5242, 0x4A02, 0x39C6,
    0xCD4F, 0xFDEA, 0x93EC, 0x732B, 0xBD53, 0x940F, 0x6ACA, 0x5228, 0x2903, 0x5206, 0x72C6, 0xAC09,
    0xE549, 0xED69, 0x3985, 0x7B8D, 0x6B2C, 0x0001, 0x1084, 0x1084, 0x3166, 0x7B6D, 0x4A28, 0xA46F,
    0x940E, 0x2105, 0x0841, 0x52AA, 0x39E8, 0x18E4, 0x10A4, 0x1904, 0x4247, 0x632B, 0x4AAA, 0x8C0C,
    0x6B28, 0x19AA, 0x0215, 0x025A, 0x0194, 0x0154, 0x0219, 0x023C, 0x2AD6, 0x10E4, 0x0881, 0x196A,
    0x01D2, 0x01B0, 0x01B0, 0x018F, 0x018F, 0x016F, 0x016E, 0x016D, 0x00A7, 0x00A7, 0x00C7, 0x00A7,
    0x0086, 0x0086, 0x00A6, 0x0044, 0x94D4, 0xAD77, 0x9D15, 0xB5D8, 0xA536, 0xA556, 0xA515, 0x8452,
    0x6B90, 0xAD97, 0x9CF5, 0x73B0, 0x8C53, 0xCE5A, 0xA536, 0x7C32, 0xBDF8, 0x73B0, 0xA535, 0xBDF9,
    0x5B2F, 0x5B2F, 0xBDF9, 0xAD77, 0x9D16, 0x9D16, 0xA536, 0x322C, 0x8CB4, 0x94D4, 0xB598, 0xB598,
    0x9D16, 0xA536, 0x94D5, 0xB598, 0x6BB1, 0xC65A, 0x8474, 0x8CB5, 0x4AAE, 0xA556, 0xA536, 0xB5B8,
    0x8454, 0xA557, 0xB5D9, 0x4ACF, 0x0089, 0x010A, 0x010B, 0x010B, 0x012B, 0x012B, 0x010C, 0x1949,
    0x2966, 0x52AB, 0x2966, 0x2945, 0x3186, 0x10A3, 0x18A3, 0x29E9, 0x0C1B, 0x04DF, 0x033C, 0x13FC,
    0x19EA, 0x10A3, 0x29CB, 0x118E, 0x1A54, 0x2147, 0x39C7, 0x18E4, 0x0151, 0x0192, 0x0211, 0x035A,
    0x326F, 0x9432, 0xDE59, 0xEF1B, 0x9CD3, 0x4A6A, 0x9C6F, 0x93EC, 0x39E7, 0x83EF, 0x5224, 0x49E1,
    0x4A22, 0x3162, 0x39A4, 0x526A, 0x8BEE, 0x7B2A, 0x62A9, 0xA470, 0xB4F2, 0xBD53, 0xBD53, 0xB512,
    0x940F, 0x6AEB, 0x2925, 0x3965, 0x3944, 0x5A26, 0x6AEA, 0xD615, 0x7B8E, 0x0823, 0x1043, 0x3166,
    0x5229, 0x1884, 0x1063, 0x524A, 0x41C9, 0x0002, 0x1864, 0x41E9, 0x2105, 0x20E5, 0x2105, 0x2126,
    0x31C7, 0x18E3, 0x31A6, 0x83CD, 0x5267, 0x014E, 0x025A, 0x027A, 0x6B90, 0x9450, 0x1A10, 0x0ABE,
    0x2A30, 0x0000, 0x0820, 0x11AE, 0x01B1, 0x01B0, 0x0190, 0x018F, 0x018F, 0x016E, 0x016E, 0x016D,
    0x00A7, 0x00A7, 0x00A7, 0x00A6, 0x0086, 0x0086, 0x00A6, 0x0044, 0x6B90, 0x52ED, 0x73B0, 0x8C73,
    0x6B6F, 0x6B90, 0x94B4, 0x7C32, 0x94B4, 0x8432, 0x6BB1, 0x7C33, 0x8C73, 0x94B4, 0x7C33, 0x8C93,
    0x73D1, 0x8453, 0x6B91, 0x8453, 0x6370, 0x31CA, 0x94D5, 0x6B91, 0x52EE, 0x52CE, 0x5B0E, 0x2189,
    0x5B2F, 0x7C33, 0x8474, 0x6B91, 0x52EF, 0x52EF, 0x52CF, 0xB5D8, 0x8C94, 0x6BB2, 0x8433, 0x6BD2,
    0x2A0C, 0x5310, 0x5B51, 0x8453, 0x6BB2, 0x94F6, 0x94B5, 0x4B11, 0x00EB, 0x014C, 0x014C, 0x014C,
    0x014C, 0x012C, 0x220D, 0x5B0D, 0x52ED, 0x31A7, 0x2945, 0x18E4, 0x18E4, 0x10C3, 0x2903, 0x12F3,
    0x055F, 0x03FD, 0x03BD, 0x04FF, 0x0BDA, 0x72C8, 0x836A, 0x4208, 0x18C4, 0x18C4, 0x0842, 0x18A3,
    0x0970, 0x0196, 0x0174, 0x0132, 0x194B, 0x3166, 0x736D, 0xCE38, 0x5ACB, 0x31A6, 0x7B6C, 0x5A89,
    0x62EA, 0x7326, 0x5262, 0x5223, 0x8BA4, 0x0021, 0x0021, 0x62AA, 0xBD12, 0x5A89, 0x732B, 0xB512,
    0xBD33, 0xB533, 0xC595, 0xBD33, 0xC574, 0xC554, 0xAC91, 0x942F, 0x5A49, 0x5228, 0x2904, 0x51E7,
    0x3125, 0x1883, 0x2925, 0x5A6A, 0x836E, 0x732C, 0x41E8, 0x834C, 0x6289, 0x2927, 0x1145, 0x10C4,
    0x20C5, 0x20C5, 0x18C5, 0x2925, 0x528A, 0x5B0C, 0x730A, 0x7309, 0x1905, 0x0173, 0x027C, 0x029F,
    0x231E, 0x647E, 0x127A, 0x1ABC, 0x1948, 0x0000, 0x10C4, 0x09F1, 0x01B1, 0x01B0, 0x018F, 0x018F,
    0x018E, 0x016E, 0x016E, 0x016D, 0x00A6, 0x00A6, 0x00C7, 0x00C8, 0x00A7, 0x00A7, 0x00A7, 0x00C7,
    0x0066, 0x0025, 0x0087, 0x00E8, 0x00C7, 0x0929, 0x00A8, 0x00A7, 0x00E8, 0x00A7, 0x00E8, 0x00E9,
    0x00E9, 0x00C7, 0x0086, 0x00C7, 0x0087, 0x092A, 0x00A8, 0x0087, 0x0046, 0x0046, 0x00A8, 0x0087,
    0x0067, 0x00A8, 0x00A8, 0x00C8, 0x012A, 0x012A, 0x012A, 0x00C8, 0x00A8, 0x00E9, 0x00A9, 0x5310,
    0x21CB, 0x0047, 0x010A, 0x010A, 0x010A, 0x010A, 0x00EA, 0x010A, 0x00C9, 0x010A, 0x00C9, 0x010A,
    0x010A, 0x010A, 0x010A, 0x010A, 0x00EA, 0x116C, 0x3A4B, 0x7C73, 0xA535, 0x73AF, 0x0862, 0x2105,
    0x18E4, 0x18E4, 0x31C8, 0x0BFC, 0x047E, 0x033A, 0x04BF, 0x04FF, 0x0B9D, 0x1AD4, 0x7412, 0x632D,
    0x62EA, 0x83AD, 0x41E8, 0x10C3, 0x3A4D, 0x092E, 0x0152, 0x0154, 0x0215, 0x0A12, 0x3165, 0x4208,
    0x4A8A, 0x83AC, 0x7B2A, 0x4228, 0x9C4E, 0x9C64, 0x5A62, 0x5264, 0x2943, 0x0842, 0x1082, 0x9C4F,
    0xB4F2, 0xBD12, 0xB4D1, 0xB4F2, 0xC574, 0xBD13, 0xC574, 0xACB1, 0xBD54, 0xB513, 0xBD74, 0xB513,
    0xC554, 0xA471, 0x8BAE, 0x49E7, 0x1063, 0x3966, 0x51C9, 0x4168, 0x7B0D, 0x1884, 0x4A0A, 0xB4F1,
    0x51C9, 0x3309, 0x5ECE, 0x32A7, 0x20E5, 0x29A7, 0x18C5, 0x524A, 0x2105, 0x39C7, 0x9450, 0x730A,
    0x010B, 0x01D7, 0x025B, 0x29ED, 0x29AB, 0x0194, 0x023F, 0x2A96, 0x0863, 0x0000, 0x2169, 0x2274,
    0x1A11, 0x11F1, 0x11D0, 0x09AF, 0x018F, 0x018E, 0x016E, 0x016E, 0x0109, 0x012A, 0x198C, 0x19CD,
    0x012A, 0x012A, 0x012A, 0x00C8, 0x5B70, 0x8CD5, 0x42CF, 0x00A7, 0x00E8, 0x0067, 0x1128, 0x6390,
    0x00C8, 0x00E8, 0x0067, 0x00E8, 0x00A7, 0x0066, 0x2189, 0x532F, 0x00A8, 0x00A7, 0x1108, 0x8453,
    0x8474, 0x5B71, 0x7C54, 0x4ACF, 0x7413, 0x73F2, 0x114A, 0x00C9, 0x012A, 0x010A, 0x00E9, 0x00C9,
    0x00C9, 0x00C9, 0x00E9, 0x00A8, 0x00A8, 0x00E9, 0x00E9, 0x00EA, 0x010A, 0x00EA, 0x010A, 0x00EA,
    0x00EA, 0x00C9, 0x00E9, 0x00E9, 0x00EA, 0x00EA, 0x00EA, 0x00EA, 0x010A, 0x31E9, 0x10A4, 0x8C73,
    0x94D4, 0x5AED, 0x10A3, 0x18E4, 0x1904, 0x18A2, 0x02D3, 0x039F, 0x033D, 0x037C, 0x03FE, 0x033C,
    0x0154, 0x031C, 0x03BC, 0x1926, 0x5AAA, 0x5B2F, 0x2C7A, 0x0359, 0x2315, 0x3A4A, 0x10E8, 0x110B,
    0x0217, 0x1213, 0x39A6, 0x5AEC, 0x39C7, 0x7B8D, 0x6AEA, 0x62C9, 0x41E5, 0x20E1, 0x62A2, 0x5A82,
    0x0001, 0x0841, 0x5268, 0xC553, 0xACD2, 0xACD1, 0xACB1, 0xBD12, 0xBD33, 0xC574, 0xB513, 0xCDB5,
    0xCDD6, 0xBD54, 0xBD54, 0xACB1, 0xB513, 0xAC91, 0x8B8E, 0x2083, 0x628B, 0x5A2A, 0x30E7, 0x28A5,
    0x3928, 0x30A8, 0x620C, 0x5A4B, 0x3948, 0x2B89, 0x3D0B, 0x4B09, 0x5C8B, 0x66F0, 0x3AAA, 0x39A8,
    0x4208, 0x39C8, 0x31A7, 0x2946, 0x0151, 0x01F8, 0x025C, 0x4378, 0xB577, 0x5B50, 0x023B, 0x2A30,
    0x4228, 0x2945, 0x424F, 0x5316, 0x42B4, 0x3A93, 0x3A72, 0x2A31, 0x2211, 0x21F0, 0x19CF, 0x19AF,
    0x096C, 0x118C, 0x21CE, 0x21EE, 0x012A, 0x0109, 0x0109, 0x0087, 0x94F5, 0x322B, 0x9D15, 0x6B91,
    0x8CB4, 0x5B4F, 0x8C93, 0xA556, 0x6BB1, 0x8453, 0x6BB1, 0x94D5, 0x08C7, 0x52EE, 0x9CF5, 0xA536,
    0x73D1, 0x8432, 0x08A6, 0x6370, 0x7C33, 0x6350, 0xA536, 0x5B30, 0xBDF9, 0x6370, 0x00C7, 0x00A8,
    0x00C8, 0x00C8, 0x00C8, 0x00C8, 0x00C9, 0x00C9, 0x00C9, 0x00E9, 0x00C9, 0x00C9, 0x00C9, 0x00C9,
    0x00E9, 0x00E9, 0x00EA, 0x00EA, 0x00EA, 0x00EA, 0x00EA, 0x00E9, 0x00E9, 0x00EA, 0x00EA, 0x00EA,
    0x00EA, 0x4A6A, 0x4A27, 0x41E8, 0x3186, 0x10E4, 0x08A4, 0x0883, 0x18A2, 0x124E, 0x04DF, 0x02FB,
    0x027B, 0x027B, 0x01F8, 0x01B6, 0x00F0, 0x0235, 0x016E, 0x18E5, 0x0063, 0x041C, 0x04FF, 0x039D,
    0x041F, 0x043C, 0x2124, 0x5248, 0x3A0A, 0x1905, 0x3186, 0x39C7, 0x1082, 0x0021, 0x4A6A, 0xC54E,
    0x9C25, 0x4A24, 0x7344, 0x3982, 0x0821, 0x18C3, 0xAC90, 0xBD12, 0xB4F2, 0xB4F2, 0xACD1, 0xBD13,
    0xC574, 0xBD53, 0xBD13, 0xDE57, 0xBD33, 0xBD53, 0xB4F3, 0xBD33, 0xACB2, 0xA471, 0x5A09, 0x3104,
    0x49AA, 0x7B0E, 0x8B6F, 0x7AED, 0x51AA, 0x2847, 0x48EA, 0x2007, 0x618D, 0x3949, 0x29C9, 0x538C,
    0x2C2A, 0x2BC9, 0x0023, 0x41EA, 0x9431, 0x62EC, 0x62AB, 0x0086, 0x0175, 0x023A, 0x01D7, 0x0113,
    0x0198, 0x021A, 0x129B, 0x29AB, 0x4A48, 0x2145, 0x6333, 0x6355, 0x5B35, 0x5B14, 0x5B14, 0x52F3,
    0x4AB3, 0x4AB2, 0x4292, 0x3A71, 0x00E9, 0x00E8, 0x0109, 0x0909, 0x00C7, 0x00A6, 0x00A6, 0x0044,
    0x9CF5, 0x5B4F, 0x9D15, 0xA536, 0xBDF8, 0xC619, 0x6BB0, 0xBDF9, 0x94B4, 0x8473, 0xA536, 0xBDD8,
    0x320C, 0x8C94, 0x7BF2, 0xC639, 0x8452, 0x94F4, 0x1969, 0x3A6C, 0x6BD2, 0x31CB, 0x94B4, 0xAD97,
    0xAD98, 0x6B90, 0x0909, 0x00A8, 0x00C8, 0x00C8, 0x00C8, 0x00C9, 0x00C9, 0x00C9, 0x00C9, 0x00C9,
    0x00C9, 0x00C9, 0x00C9, 0x00C9, 0x00C9, 0x00C9, 0x00C9, 0x00C9, 0x00C9, 0x00E9, 0x00E9, 0x00EA,
    0x010A, 0x010B, 0x012B, 0x014C, 0x014D, 0x016E, 0x224F, 0x736E, 0x62CB, 0x4229, 0x3187, 0x2126,
    0x0882, 0x1AB3, 0x2C3B, 0x1C1B, 0x0298, 0x01D5, 0x0193, 0x010F, 0x01F5, 0x0191, 0x10A5, 0x1082,
    0x01CD, 0x051F, 0x047E, 0x039D, 0x053F, 0x04BF, 0x43F7, 0x62EB, 0x736C, 0x18E3, 0x4208, 0x3186,
    0x31A6, 0x10A2, 0x4A4A, 0x4A06, 0x7324, 0x5A63, 0x41C3, 0x1083, 0x0021, 0x62EB, 0xCD94, 0xB4F2,
    0xB4F2, 0xB4F2, 0xBD33, 0xBD33, 0xBD13, 0xB4D2, 0xD5F6, 0xE698, 0xBD54, 0xC575, 0xBD33, 0xBD54,
    0xAC91, 0x8BAF, 0x51A6, 0x72CB, 0x1005, 0x1805, 0x2887, 0x59CC, 0x6A8D, 0x2047, 0x1807, 0x3009,
    0x484C, 0x2848, 0x592C, 0x48EB, 0x28C9, 0x51CC, 0x1865, 0x522B, 0x6ACC, 0x7B6F, 0x5A8A, 0x092D,
    0x01F9, 0x027E, 0x42F2, 0xACF2, 0x4A8D, 0x01FA, 0x2A97, 0x3187, 0x4A69, 0x2127, 0x52F4, 0x52D3,
    0x52F3, 0x5AF3, 0x52F3, 0x52D3, 0x52D2, 0x52D2, 0x52D2, 0x52D2, 0x00C8, 0x00C8, 0x00E8, 0x00C8,
    0x00A7, 0x00A6, 0x00A6, 0x0065, 0x426C, 0x6BB0, 0x1968, 0x3A2B, 0x52EE, 0x29CA, 0x5B4F, 0x3A4C,
    0x3A2B, 0x52EE, 0x2189, 0x5B0E, 0x0908, 0x218A, 0x6370, 0x29CA, 0x428D, 0x4ACE, 0x0087, 0x198A,
    0x21AA, 0x1989, 0x5B50, 0x29EB, 0x52EF, 0x5B30, 0x112A, 0x00A8, 0x00C9, 0x00C9, 0x00C9, 0x00C9,
    0x00C9, 0x00C9, 0x00C8, 0x00C8, 0x00C8, 0x00C8, 0x00C9, 0x00C9, 0x00E9, 0x010A, 0x012B, 0x014C,
    0x016D, 0x018E, 0x018E, 0x01AF, 0x01D0, 0x01D0, 0x01D0, 0x01D0, 0x01D0, 0x01AF, 0x01D0, 0x6B70,
    0x83AF, 0x5AAA, 0x62AA, 0x6B0B, 0x62CA, 0x3AB0, 0x19EE, 0x3314, 0x33B9, 0x2358, 0x0B5A, 0x03DB,
    0x02F7, 0x08C9, 0x18A3, 0x00C4, 0x03DD, 0x03BE, 0x0C3D, 0x04DF, 0x051F, 0x033B, 0x02DB, 0x0C7D,
    0x530E, 0x3165, 0x52AA, 0x31A6, 0x0882, 0x524A, 0xBDCB, 0xA680, 0x39E2, 0x3984, 0x7305, 0x41C4,
    0x0842, 0x9BCC, 0xC553, 0xCDB5, 0xBD33, 0xBD13, 0xC574, 0xCDD5, 0xC574, 0xB4D2, 0xC594, 0xB513,
    0xBD33, 0xC575, 0xBD34, 0xAC91, 0xACB2, 0x726B, 0x72AA, 0x49AA, 0x2026, 0x2026, 0x2006, 0x1806,
    0x390A, 0x3009, 0x2808, 0x40AB, 0x386B, 0x2809, 0x300A, 0x2809, 0x408B, 0x592E, 0x40AB, 0x6A0D,
    0x30E7, 0x626C, 0x41EA, 0x0113, 0x00F4, 0x00F3, 0x1A39, 0x749C, 0x437A, 0x0A7D, 0x2A31, 0x0000,
    0x0021, 0x3A2D, 0x4AD4, 0x4A93, 0x4AB3, 0x4A92, 0x4292, 0x4271, 0x4250, 0x3A50, 0x3A30, 0x3A2F,
    0x00C8, 0x00E8, 0x00E8, 0x00E8, 0x00C7, 0x00A7, 0x00A7, 0x00A6, 0x0045, 0x0024, 0x0086, 0x0065,
    0x0045, 0x0065, 0x0024, 0x0065, 0x0065, 0x0025, 0x0065, 0x0025, 0x0086, 0x0086, 0x0025, 0x0066,
    0x0046, 0x0046, 0x00C8, 0x00A7, 0x0087, 0x0087, 0x0046, 0x0087, 0x0067, 0x0067, 0x00A8, 0x00C8,
    0x00C8, 0x00C8, 0x00C8, 0x00C8, 0x00C9, 0x00C9, 0x00EA, 0x012B, 0x014C, 0x016D, 0x01AF, 0x01D0,
    0x01F2, 0x0233, 0x0233, 0x0254, 0x0253, 0x0233, 0x0212, 0x01F1, 0x01D0, 0x018E, 0x016C, 0x014B,
    0x012A, 0x0929, 0x00E9, 0x4A8D, 0x8BCF, 0x524A, 0x41E8, 0x526A, 0x5ACD, 0x62AA, 0x3965, 0x2189,
    0x19AC, 0x33B8, 0x2356, 0x249D, 0x012C, 0x18E5, 0x0841, 0x0396, 0x039D, 0x027C, 0x0B1D, 0x033C,
    0x029B, 0x0195, 0x01F5, 0x0339, 0x1948, 0x4A28, 0x31A6, 0x39C7, 0x39A6, 0x5269, 0x7369, 0x8D04,
    0x6328, 0x1084, 0x10A3, 0x31A7, 0x7309, 0xAC0A, 0x9349, 0x7AE9, 0xAC4E, 0xCD94, 0xCDB5, 0xCD94,
    0xBD54, 0xD5F6, 0xDE37, 0xB4D2, 0xC574, 0xB4F2, 0xBD54, 0xA492, 0xA431, 0x5167, 0x7B2D, 0x30A8,
    0x2027, 0x2007, 0x2007, 0x38CA, 0x410B, 0x388A, 0x486D, 0x7250, 0xA434, 0x9B94, 0x48CC, 0x280A,
    0x280A, 0x2809, 0x302A, 0x38AA, 0x2047, 0x51AA, 0x51CC, 0x084C, 0x210C, 0x004A, 0x000B, 0x002F,
    0x00D3, 0x1A38, 0x29AC, 0x0841, 0x0862, 0x6333, 0x6335, 0x5B14, 0x52F4, 0x52D3, 0x4AB2, 0x4A91,
    0x4250, 0x3A30, 0x3A0F, 0x31EE, 0x00E8, 0x00E8, 0x00E8, 0x00E8, 0x00C8, 0x00C7, 0x00A7, 0x00A7,
    0x00A7, 0x00C7, 0x00A7, 0x00C7, 0x00C7, 0x00A6, 0x00C7, 0x00A7, 0x00A7, 0x00C7, 0x00A7, 0x00C7,
    0x00A7, 0x00A7, 0x00C7, 0x00C7, 0x00C8, 0x00C8, 0x00C8, 0x00C8, 0x00C8, 0x00C8, 0x00C8, 0x00A7,
    0x00C8, 0x00C8, 0x00C9, 0x00E9, 0x010B, 0x014C, 0x016D, 0x01AF, 0x01F0, 0x0212, 0x0A54, 0x0A75,
    0x0A95, 0x12B6, 0x12B6, 0x1295, 0x1A74, 0x1A74, 0x2273, 0x2252, 0x2210, 0x21EF, 0x21AD, 0x198B,
    0x114A, 0x1129, 0x0908, 0x08E8, 0x08E8, 0x08E8, 0x00C7, 0x320B, 0x8BF0, 0x5A8B, 0x41C7, 0x524A,
    0x198B, 0x112A, 0x31EA, 0x5228, 0x41C6, 0x31A8, 0x114A, 0x22F7, 0x198B, 0x1081, 0x118A, 0x1CFF,
    0x045D, 0x0258, 0x025A, 0x01F7, 0x01B5, 0x0152, 0x0236, 0x014B, 0x18E4, 0x3186, 0x5A89, 0xCD71,
    0xE699, 0x7BAE, 0x1083, 0x20E5, 0x4228, 0x2945, 0x31A6, 0x732C, 0x8BEE, 0x93EC, 0x9BEB, 0x7286,
    0x61E4, 0x7246, 0x832A, 0xAC70, 0xC553, 0xD617, 0xCDD5, 0xC553, 0xBD54, 0xCDB5, 0xB4F3, 0xB514,
    0x7A6F, 0x6A29, 0x5A2B, 0x2026, 0x2827, 0x2808, 0x2808, 0x490C, 0x40CB, 0x50ED, 0x588F, 0x586F,
    0x5890, 0x79F3, 0x58CF, 0x300B, 0x69D0, 0x614F, 0x2809, 0x2809, 0x2008, 0x2868, 0x2046, 0x3907,
    0x5A2A, 0x1067, 0x2929, 0x3169, 0x0008, 0x08CE, 0x4A8C, 0x4228, 0x2947, 0x9457, 0x8C16, 0x83F6,
    0x7BB6, 0x7B95, 0x7374, 0x6B33, 0x6313, 0x5AF2, 0x52B1, 0x5290, 0x00E9, 0x00E9, 0x00E8, 0x00E8,
    0x00C8, 0x00C7, 0x00C7, 0x00A7, 0x00A7, 0x00A7, 0x00A7, 0x00A6, 0x00A6, 0x00A6, 0x00A6, 0x00A6,
    0x00A7, 0x00A7, 0x00A7, 0x00A7, 0x00A7, 0x00A7, 0x00A7, 0x00A7, 0x00A7, 0x00A7, 0x00A7, 0x00C8,
    0x00E9, 0x00E9, 0x010B, 0x014C, 0x018E, 0x01D0, 0x0212, 0x0254, 0x0A95, 0x0AB6, 0x12D7, 0x12F7,
    0x1AD7, 0x1AD7, 0x22B6, 0x2295, 0x3293, 0x3AB3, 0x3A72, 0x3A50, 0x3A50, 0x3A2F, 0x320E, 0x31ED,
    0x29CD, 0x21AC, 0x198B, 0x196A, 0x114A, 0x1149, 0x114A, 0x1149, 0x1149, 0x114A, 0x1129, 0x29AB,
    0x8BCF, 0x6AEC, 0x41E8, 0x4A09, 0x216A, 0x0909, 0x00E9, 0x00E8, 0x1947, 0x39A7, 0x49E6, 0x52AD,
    0x4A6B, 0x3985, 0x222E, 0x2B79, 0x3396, 0x241C, 0x0297, 0x0236, 0x01D3, 0x0297, 0x0275, 0x18E6,
    0x0841, 0x0042, 0x8BEE, 0xF719, 0xF75C, 0xD5D3, 0x41E6, 0x0000, 0x0841, 0x2124, 0x2104, 0x6289,
    0x3124, 0x6ACA, 0x6289, 0x8BCD, 0xACAF, 0x8B69, 0x6A45, 0x59E5, 0x7267, 0x936C, 0xAC70, 0xCDB5,
    0xC594, 0xCDD6, 0xACB1, 0xB494, 0x614C, 0x7AEC, 0x30A7, 0x2026, 0x3068, 0x3029, 0x40AB, 0x492B,
    0x48CB, 0x82B3, 0x508F, 0x6051, 0x7073, 0x5812, 0x5812, 0x58D0, 0x92B4, 0x504E, 0x590F, 0x512C,
    0x728F, 0x386A, 0x1005, 0x0804, 0x1005, 0x1024, 0x41C8, 0x20E4, 0x18A5, 0x41E9, 0x526A, 0x2945,
    0x526D, 0x9C79, 0x9437, 0x9C57, 0x9C57, 0x9416, 0x93F6, 0x8BD5, 0x8BD4, 0x83B4, 0x8393, 0x7B73,
    0x00E9, 0x00E9, 0x00E9, 0x00E8, 0x00C8, 0x00C8, 0x00C8, 0x00C7, 0x00C7, 0x00A7, 0x00A7, 0x00A7,
    0x00A7, 0x00A7, 0x00A7, 0x00A6, 0x0086, 0x0086, 0x0086, 0x0086, 0x00A7, 0x00A7, 0x00C9, 0x010A,
    0x014C, 0x018E, 0x01F0, 0x0A32, 0x0A74, 0x12B6, 0x12F7, 0x1318, 0x1318, 0x12F8, 0x12F7, 0x12D7,
    0x12B6, 0x1A95, 0x2273, 0x2272, 0x2A51, 0x2A30, 0x322F, 0x3A4F, 0x3A4F, 0x424F, 0x3A2F, 0x320E,
    0x31ED, 0x29CC, 0x21AC, 0x21AB, 0x218B, 0x196B, 0x196A, 0x196A, 0x196A, 0x196A, 0x198B, 0x218B,
    0x218B, 0x218B, 0x218B, 0x218B, 0x4A6D, 0x6AEC, 0x41C7, 0x31C9, 0x0908, 0x08E8, 0x00E7, 0x00C6,
    0x00A6, 0x0086, 0x08E6, 0x2946, 0x5A8A, 0x8BEE, 0x7BD0, 0x19AC, 0x19AD, 0x4397, 0x3335, 0x2BFB,
    0x147D, 0x0C3D, 0x114A, 0x1082, 0x10C3, 0x0883, 0x49C7, 0xBC30, 0xE617, 0xA3EE, 0x3965, 0x0862,
    0x0862, 0x3186, 0x18E3, 0x20E3, 0x2904, 0x5A48, 0x4186, 0x6AA9, 0x41C7, 0x6AEB, 0x9C4F, 0x93ED,
    0x8B6A, 0x6226, 0x61E5, 0x7AA9, 0x93CE, 0xB4B2, 0xC594, 0x9AF3, 0x61A9, 0x6A8C, 0x2006, 0x2827,
    0x3029, 0x3009, 0x490B, 0x386A, 0x512D, 0xDCD7, 0x8151, 0xAB97, 0x78B4, 0x8096, 0x8917, 0x7A54,
    0x82D4, 0x7232, 0x7251, 0x61EF, 0x620F, 0x380A, 0x414A, 0x520A, 0x41A9, 0x628C, 0x522B, 0x20C6,
    0x3967, 0x3145, 0x18C4, 0x18C3, 0x5AF2, 0x6B97, 0x7396, 0x7BB7, 0x83D6, 0x83D6, 0x8BD5, 0x8BD5,
    0x93F5, 0x93F4, 0x93F4, 0x93F4, 0x0109, 0x0109, 0x00E9, 0x00E9, 0x00E8, 0x00C8, 0x00C8, 0x00C8,
    0x00A7, 0x00A7, 0x00A7, 0x00A6, 0x0086, 0x00A6, 0x00A7, 0x00C8, 0x00E9, 0x012B, 0x016D, 0x01AF,
    0x0A11, 0x0A53, 0x12B5, 0x1AF7, 0x1B18, 0x2339, 0x2359, 0x2359, 0x2338, 0x22F7, 0x22D6, 0x1A94,
    0x1A53, 0x1A31, 0x2210, 0x220F, 0x21EF, 0x21EE, 0x29EE, 0x2A0E, 0x29EE, 0x29EE, 0x29EE, 0x29ED,
    0x29CD, 0x29CC, 0x21AC, 0x218B, 0x218B, 0x218B, 0x196A, 0x218B, 0x218B, 0x218B, 0x218B, 0x218B,
    0x218B, 0x218B, 0x218B, 0x218B, 0x218B, 0x218B, 0x196A, 0x114A, 0x00C7, 0x3987, 0x3145, 0x10A4,
    0x00C6, 0x00C6, 0x00A6, 0x00A5, 0x00A5, 0x00A5, 0x0084, 0x0065, 0x0044, 0x10C5, 0x4A28, 0x5A27,
    0x41C6, 0x1906, 0x220F, 0x2A71, 0x3B97, 0x2AD4, 0x18E5, 0x0841, 0x39E8, 0x5ACB, 0x3187, 0x20A2,
    0x48E3, 0x4945, 0x2124, 0x0862, 0x0841, 0x2125, 0x1062, 0x0841, 0x0841, 0x1062, 0x2904, 0x49C7,
    0x3124, 0x6289, 0x3966, 0x628A, 0x8BAD, 0x93EE, 0xA40D, 0x7AC8, 0x51C5, 0x59C6, 0x8AED, 0x698D,
    0x7B0C, 0x3909, 0x2007, 0x3028, 0x4069, 0x3849, 0x514D, 0x404D, 0x9273, 0xFCF2, 0xFCF3, 0xEC9A,
    0x88B8, 0xCC5C, 0x9218, 0x7116, 0x79B5, 0x7194, 0x7253, 0x6A30, 0x72B0, 0x51AC, 0x628D, 0x6AEE,
    0x7B4E, 0x6A8D, 0x730E, 0x49C9, 0x7B6E, 0x20E6, 0x0822, 0x18E6, 0x3AF7, 0x3AD6, 0x42F6, 0x4B16,
    0x5316, 0x5B36, 0x6335, 0x6B55, 0x7374, 0x7B74, 0x7B94, 0x83B4, 0x0109, 0x0109, 0x00E9, 0x00E8,
    0x00C7, 0x00A7, 0x00A7, 0x00C7, 0x00E8, 0x0109, 0x014B, 0x018D, 0x09CF, 0x1211, 0x1273, 0x1AB5,
    0x1AD6, 0x2318, 0x2338, 0x2B39, 0x2B39, 0x2B39, 0x2B18, 0x22F7, 0x22B5, 0x1A94, 0x1A73, 0x1A31,
    0x1A10, 0x19EF, 0x19CE, 0x19CE, 0x19CE, 0x21CE, 0x21CE, 0x21CE, 0x19AD, 0x19AD, 0x19AD, 0x19AD,
    0x198C, 0x198C, 0x196B, 0x196B, 0x196A, 0x194A, 0x194A, 0x196A, 0x196A, 0x196A, 0x196B, 0x218B,
    0x218B, 0x198B, 0x198B, 0x198B, 0x198B, 0x198B, 0x196B, 0x196B, 0x196B, 0x114A, 0x0909, 0x0108,
    0x0064, 0x0043, 0x0041, 0x0021, 0x00A5, 0x0085, 0x0085, 0x0084, 0x0084, 0x0084, 0x0064, 0x0084,
    0x0084, 0x0064, 0x0023, 0x08A4, 0x3986, 0x5227, 0x4A07, 0x2125, 0x21EE, 0x324F, 0x0861, 0x2125,
    0x2966, 0x4228, 0x738E, 0x632C, 0x3A08, 0x1904, 0x1082, 0x0841, 0x2104, 0x18C3, 0x0000, 0x0841,
    0x0841, 0x0000, 0x0000, 0x0000, 0x1082, 0x3986, 0x3966, 0x72CA, 0x3945, 0x5208, 0x836D, 0x7B4C,
    0x9C0E, 0x93AC, 0x8B0A, 0x30A5, 0x30E8, 0x2827, 0x2807, 0x2808, 0x2807, 0x48EB, 0x50CD, 0x5910,
    0xC2D7, 0xF9DA, 0xFC19, 0xFB9D, 0xA97B, 0xAA5C, 0x781B, 0x601A, 0x815A, 0x6837, 0x5834, 0x4890,
    0x518F, 0x5A2E, 0x732F, 0x51CC, 0x628D, 0xA492, 0x732D, 0x6AED, 0x7B2D, 0x5208, 0x0000, 0x198B,
    0x0A98, 0x1A96, 0x2AB6, 0x2AB6, 0x3295, 0x3295, 0x3A94, 0x42B4, 0x4AD3, 0x52D3, 0x5AF3, 0x6313,
    0x00E9, 0x0109, 0x012A, 0x014C, 0x098D, 0x09EF, 0x1231, 0x1A73, 0x1AB5, 0x22D6, 0x2B18, 0x2B38,
    0x3339, 0x3359, 0x3339, 0x2B18, 0x2AF7, 0x22B5, 0x2294, 0x1A53, 0x1A31, 0x1A10, 0x19F0, 0x19EF,
    0x19CF, 0x19CE, 0x21CE, 0x21CE, 0x21CE, 0x19CE, 0x19CE, 0x19CD, 0x19AD, 0x198D, 0x116C, 0x118C,
    0x118C, 0x116B, 0x116B, 0x114B, 0x114B, 0x114A, 0x114A, 0x114A, 0x114A, 0x194A, 0x194A, 0x196A,
    0x196A, 0x196A, 0x196B, 0x196B, 0x198B, 0x198C, 0x118C, 0x116C, 0x116B, 0x116B, 0x096B, 0x094B,
    0x092A, 0x0108, 0x00E8, 0x00E7, 0x00A5, 0x08C5, 0x0084, 0x0043, 0x0085, 0x0085, 0x0085, 0x0084,
    0x0084, 0x0064, 0x0063, 0x0063, 0x0063, 0x0063, 0x0063, 0x0043, 0x0023, 0x0063, 0x2125, 0x41C6,
    0x5227, 0x6B0C, 0x6B4D, 0x528A, 0x39C7, 0x3186, 0x3186, 0x6B2D, 0x526A, 0x630C, 0x4208, 0x18C3,
    0x39C7, 0x0821, 0x1082, 0x18A3, 0x18C3, 0x0841, 0x0000, 0x0000, 0x0000, 0x0000, 0x0821, 0x20E4,
    0x3125, 0x5A49, 0x49A7, 0x49A7, 0x72CB, 0x5A4A, 0x93CE, 0x5A2A, 0x6A0C, 0x40E9, 0x2006, 0x2807,
    0x2808, 0x598D, 0x504E, 0x480E, 0x68B2, 0xA8F9, 0xEA3F, 0xF45F, 0xC25D, 0xA15F, 0xA0FF, 0x90DF,
    0x915E, 0x701D, 0x6078, 0x5053, 0x4830, 0x408E, 0x414A, 0x49CA, 0x7A70, 0xCD79, 0xFF7C, 0xA472,
    0x836E, 0x732D, 0x18A3, 0x1211, 0x0277, 0x0A76, 0x1A96, 0x1A76, 0x2275, 0x2255, 0x2254, 0x2A53,
    0x3253, 0x3A72, 0x3A72, 0x4272, 0x2273, 0x22B5, 0x2AF7, 0x3338, 0x3379, 0x3B7A, 0x3B7A, 0x3B7A,
    0x3339, 0x2B59, 0x2B58, 0x2317, 0x1AD5, 0x1AB4, 0x1272, 0x1251, 0x1210, 0x09CF, 0x118D, 0x19AE,
    0x19AE, 0x19CE, 0x19CF, 0x19CE, 0x19CE, 0x19CE, 0x19AE, 0x19AD, 0x19AD, 0x118D, 0x118D, 0x116C,
    0x096D, 0x09CF, 0x09EF, 0x096E, 0x092C, 0x096B, 0x114B, 0x114A, 0x114A, 0x114A, 0x114A, 0x114A,
    0x114A, 0x196A, 0x196A, 0x196A, 0x196B, 0x116B, 0x116B, 0x118C, 0x114C, 0x092C, 0x098E, 0x01CF,
    0x01CF, 0x016E, 0x012C, 0x012B, 0x014A, 0x0109, 0x00E7, 0x00C6, 0x00A5, 0x08C5, 0x0084, 0x0043,
    0x0085, 0x00A5, 0x0085, 0x0084, 0x0064, 0x0063, 0x0063, 0x0063, 0x0043, 0x0043, 0x0043, 0x0043,
    0x0063, 0x0043, 0x0023, 0x0023, 0x10A4, 0x39A6, 0x7B6C, 0xA471, 0x9451, 0x7B8E, 0x4208, 0x5AAA,
    0x20E4, 0x2945, 0x3186, 0x39A7, 0x3186, 0x10A3, 0x10A3, 0x3186, 0x1082, 0x1082, 0x20E4, 0x1082,
    0x0020, 0x0000, 0x0000, 0x0000, 0x0000, 0x1062, 0x20C4, 0x51E8, 0x49A8, 0x3926, 0x7ACC, 0x51AA,
    0x9370, 0x9BB1, 0x82EF, 0x71CD, 0x594C, 0x618F, 0x480D, 0x500E, 0x7893, 0xAAB8, 0xCA1C, 0xD1DE,
    0xCA7E, 0xBD3F, 0xC65F, 0x951F, 0xA2DF, 0x905F, 0x701C, 0x6076, 0x5071, 0x592F, 0x2028, 0x3089,
    0xA374, 0xD639, 0xEEFB, 0xD658, 0xBD75, 0xEEFB, 0x7B8E, 0x01F3, 0x0277, 0x0276, 0x0276, 0x0A76,
    0x0A55, 0x0A35, 0x1234, 0x1233, 0x1A13, 0x2212, 0x2A32, 0x2A32, 0x3B9B, 0x3B7A, 0x3B79, 0x3358,
    0x3317, 0x2AD5, 0x22B4, 0x1A52, 0x1396, 0x0BB6, 0x0B54, 0x0B54, 0x0B54, 0x0B34, 0x0B13, 0x02B3,
    0x02B3, 0x0B55, 0x0AD3, 0x118E, 0x11AD, 0x11AD, 0x118D, 0x118D, 0x116C, 0x116C, 0x116C, 0x116C,
    0x116C, 0x118C, 0x092B, 0x0A51, 0x0478, 0x05BC, 0x059C, 0x04D9, 0x02D3, 0x092C, 0x096B, 0x116B,
    0x116B, 0x116B, 0x114A, 0x114A, 0x114A, 0x116A, 0x116A, 0x116B, 0x116B, 0x116C, 0x096C, 0x094D,
    0x02B2, 0x04D9, 0x065D, 0x06DF, 0x06DF, 0x065E, 0x04B8, 0x0251, 0x012C, 0x012A, 0x0109, 0x00C7,
    0x08C6, 0x10E6, 0x0084, 0x0043, 0x00A5, 0x0085, 0x0084, 0x0063, 0x0063, 0x0043, 0x0043, 0x0042,
    0x0042, 0x0042, 0x0042, 0x0042, 0x0042, 0x0042, 0x0043, 0x0043, 0x0023, 0x0002, 0x0022, 0x2105,
    0x6289, 0x8BEE, 0xA4B2, 0x734D, 0x41E8, 0x2946, 0x3166, 0x4208, 0x18E4, 0x2104, 0x0021, 0x39A7,
    0x5A6A, 0x39A7, 0x18A2, 0x0861, 0x18C3, 0x1082, 0x0841, 0x0000, 0x0000, 0x0000, 0x0000, 0x0822,
    0x1863, 0x4188, 0x59EA, 0x38E7, 0x8AAE, 0x40A8, 0x7A6E, 0xB414, 0x7A90, 0x486C, 0x506E, 0x580F,
    0x8994, 0xC31A, 0xC11D, 0xEB3F, 0xE47F, 0xEFDF, 0xF7FF, 0x9FBF, 0x8D9F, 0xCABF, 0x90FE, 0x785B,
    0x6073, 0x514E, 0x2809, 0x722F, 0x8B13, 0xE699, 0xF71C, 0xF73C, 0xF71C, 0xEEFA, 0x4A6B, 0x01F3,
    0x0277, 0x0276, 0x0256, 0x0256, 0x0256, 0x0235, 0x0234, 0x0213, 0x09F2, 0x09F2, 0x19F1, 0x19F1,
    0x2294, 0x2252, 0x1A31, 0x1A10, 0x11CF, 0x11CE, 0x11AE, 0x1230, 0x0B74, 0x118E, 0x11AE, 0x118E,
    0x11AE, 0x11AE, 0x096D, 0x63D4, 0x63B4, 0x094D, 0x0313, 0x09CE, 0x094B, 0x096C, 0x094B, 0x094B,
    0x094B, 0x094B, 0x094B, 0x114B, 0x116C, 0x092B, 0x02D2, 0x051A, 0x0458, 0x03D7, 0x0375, 0x0437,
    0x04FB, 0x03D6, 0x092C, 0x116C, 0x116B, 0x116B, 0x116B, 0x116B, 0x116B, 0x116B, 0x116B, 0x116B,
    0x116B, 0x094C, 0x01AF, 0x04F9, 0x077F, 0x06BF, 0x053B, 0x0459, 0x0458, 0x051A, 0x06DF, 0x077F,
    0x04B9, 0x016D, 0x012A, 0x0129, 0x08E7, 0x1107, 0x0085, 0x0064, 0x0085, 0x0084, 0x0063, 0x0043,
    0x0043, 0x0042, 0x0042, 0x0042, 0x0042, 0x0042, 0x0042, 0x0042, 0x0042, 0x0042, 0x0042, 0x0042,
    0x0043, 0x0043, 0x0043, 0x0023, 0x0002, 0x10A4, 0x4A08, 0x838D, 0xA471, 0x83EF, 0x5A8B, 0x526A,
    0x3186, 0x2946, 0x20E4, 0x39A7, 0x6AEC, 0x730D, 0x62AB, 0x4A08, 0x20E4, 0x0841, 0x18A3, 0x1062,
    0x1082, 0x0821, 0x0000, 0x0000, 0x0000, 0x0001, 0x0802, 0x28A5, 0x4149, 0x38C8, 0x822E, 0x712D,
    0x486A, 0x714F, 0x504F, 0x6832, 0x7052, 0x8876, 0xB81C, 0xF41F, 0xFF5F, 0xFFDF, 0xFFDF, 0xFFFF,
    0xD69F, 0xC21F, 0x9A1C, 0x9218, 0x6932, 0x388B, 0x302A, 0xABB5, 0xEEFC, 0xFFBD, 0xCDF8, 0xBD76,
    0xEEDA, 0xD637, 0x2149, 0x01D3, 0x0256, 0x0256, 0x0256, 0x0256, 0x0256, 0x0235, 0x0214, 0x01F3,
    0x01D2, 0x01D1, 0x01D1, 0x09D0, 0x11AE, 0x11CE, 0x11CF, 0x11CF, 0x11CF, 0x11CF, 0x11AE, 0x0A71,
    0x0AF3, 0x116D, 0x11AD, 0x11AD, 0x014C, 0x00EA, 0x014C, 0xF7BE, 0xE75E, 0x010B, 0x02B2, 0x01CE,
    0x090A, 0x092B, 0x094B, 0x096C, 0x092A, 0x094B, 0x094B, 0x114B, 0x094B, 0x09AE, 0x04D9, 0x0355,
    0x051A, 0x0499, 0x051A, 0x053B, 0x0417, 0x0478, 0x0271, 0x114C, 0x116C, 0x116B, 0x116B, 0x116B,
    0x118B, 0x118C, 0x116B, 0x116B, 0x116B, 0x01CF, 0x063D, 0x075F, 0x03D7, 0x0212, 0x02F4, 0x03F8,
    0x03D7, 0x02D4, 0x0233, 0x0417, 0x073F, 0x05BC, 0x01CE, 0x0129, 0x08E8, 0x1108, 0x00A6, 0x00A5,
    0x08C6, 0x08A5, 0x0084, 0x0084, 0x0063, 0x0043, 0x0042, 0x0042, 0x0063, 0x0063, 0x0042, 0x0042,
    0x0042, 0x0042, 0x0042, 0x0042, 0x0042, 0x0042, 0x0043, 0x0043, 0x0043, 0x0023, 0x0003, 0x0044,
    0x3187, 0x7B4C, 0x9C2F, 0x9430, 0x736E, 0x528B, 0x4A09, 0x2104, 0x1883, 0x3125, 0x5A6A, 0x6AEC,
    0x6AEC, 0x5A6A, 0x2925, 0x1062, 0x18A3, 0x0842, 0x1883, 0x0842, 0x0001, 0x0000, 0x0001, 0x0001,
    0x0803, 0x2045, 0x38E8, 0x40AA, 0x69AE, 0xA214, 0x6850, 0xA1B5, 0x8875, 0x9819, 0xC03D, 0xF15F,
    0xFDFF, 0xFFFF, 0xFFFF, 0xFFBF, 0xFCBF, 0xE19F, 0xC31C, 0x9295, 0x7A73, 0x382D, 0x388C, 0x8972,
    0x9291, 0xBCF6, 0xBD56, 0x9C51, 0xEEFA, 0xBD54, 0x08E9, 0x0214, 0x0235, 0x0235, 0x0277, 0x0256,
    0x0235, 0x0235, 0x0214, 0x01F2, 0x01D2, 0x01B1, 0x01B1, 0x01B0, 0x19EF, 0x11CF, 0x11CF, 0x11CE,
    0x09AD, 0x098D, 0x096C, 0x022F, 0x02F2, 0x012C, 0x098C, 0x014B, 0x2A4F, 0x6C14, 0x2A4F, 0xDEFD,
    0xD6DC, 0x00EB, 0x02B2, 0x01AD, 0x010A, 0x090A, 0x01CD, 0x0A2F, 0x090A, 0x094B, 0x094B, 0x094B,
    0x090B, 0x0313, 0x0395, 0x0252, 0x03D7, 0x02F3, 0x03F7, 0x0315, 0x0354, 0x0292, 0x03D6, 0x112C,
    0x118C, 0x116B, 0x116B, 0x114B, 0x11ED, 0x0A90, 0x112A, 0x116B, 0x094B, 0x020F, 0x05BB, 0x02B3,
    0x02F4, 0x06BE, 0x075F, 0x069E, 0x06BE, 0x077F, 0x067E, 0x0293, 0x02F4, 0x057A, 0x01CE, 0x012A,
    0x0908, 0x1108, 0x08C6, 0x08C6, 0x1107, 0x1107, 0x10E6, 0x10C5, 0x08A4, 0x0884, 0x0883, 0x0863,
    0x0863, 0x0863, 0x0063, 0x0042, 0x0042, 0x0042, 0x0042, 0x0042, 0x0042, 0x0022, 0x0022, 0x0043,
    0x0043, 0x0043, 0x0044, 0x0044, 0x0024, 0x0025, 0x2127, 0x62AB, 0x8BAE, 0x940F, 0x734D, 0x2945,
    0x2124, 0x18C3, 0x1082, 0x20C4, 0x41A7, 0x5A8B, 0x6AEC, 0x6ACC, 0x41C7, 0x18A3, 0x1883, 0x0821,
    0x1884, 0x1063, 0x0822, 0x0001, 0x0001, 0x0802, 0x0803, 0x2005, 0x3869, 0x506C, 0x610E, 0xA9F4,
    0x8033, 0xB9B9, 0xE97E, 0xF01F, 0xFABF, 0xFE7F, 0xFF3F, 0xFBFF, 0xFB5F, 0xC8FE, 0x9958, 0x9AD6,
    0x8294, 0x402D, 0x300A, 0x58CC, 0x2025, 0x58C9, 0xAA4E, 0x9390, 0xAC52, 0x62AB, 0x00CA, 0x0214,
    0x0235, 0x0235, 0x0256, 0x0256, 0x0235, 0x0215, 0x0214, 0x01F3, 0x01D2, 0x01B1, 0x01B0, 0x0190,
    0x11AD, 0x11AD, 0x118D, 0x098D, 0x096C, 0x096C, 0x012B, 0x01EE, 0x02B2, 0x010B, 0x012B, 0x0089,
    0x63F4, 0xFFFF, 0x63F4, 0xD6DC, 0xDEFD, 0x00CA, 0x0291, 0x01AD, 0x010A, 0x00EA, 0x01CD, 0x022F,
    0x090A, 0x094B, 0x092B, 0x094B, 0x090B, 0x0333, 0x04FA, 0x04FA, 0x04FA, 0x0478, 0x04D9, 0x0417,
    0x051A, 0x0499, 0x0437, 0x114C, 0x118C, 0x116B, 0x116B, 0x114B, 0x09ED, 0x0A90, 0x112A, 0x116B,
    0x096C, 0x016D, 0x010C, 0x0395, 0x07BF, 0x04F9, 0x0294, 0x0294, 0x0294, 0x02D4, 0x053A, 0x079F,
    0x0354, 0x010C, 0x018C, 0x014A, 0x0908, 0x1108, 0x08E7, 0x08E7, 0x2148, 0x2148, 0x1927, 0x1927,
    0x1906, 0x18E5, 0x10C5, 0x10A4, 0x0883, 0x0863, 0x0063, 0x0043, 0x0042, 0x0042, 0x0042, 0x0042,
    0x0042, 0x0042, 0x0022, 0x0022, 0x0023, 0x0043, 0x0043, 0x0044, 0x0064, 0x0066, 0x0046, 0x0026,
    0x08A6, 0x4209, 0x7B2C, 0x5207, 0x2104, 0x2124, 0x2125, 0x20E4, 0x1062, 0x1083, 0x3146, 0x522A,
    0x6AED, 0x730D, 0x5229, 0x2925, 0x20C5, 0x0822, 0x1864, 0x1863, 0x1022, 0x0802, 0x0803, 0x1003,
    0x1004, 0x1805, 0x2827, 0x482B, 0x682F, 0xB196, 0xC8B8, 0xE07C, 0xFA3F, 0xF9DF, 0xF9FF, 0xF89F,
    0xD8FE, 0xA9FA, 0x80D4, 0x60D2, 0x7A53, 0x384B, 0x618F, 0x59AE, 0x4129, 0x720B, 0x79C9, 0x1022,
    0x4968, 0x39EA, 0x00AA, 0x01D2, 0x0214, 0x0256, 0x0256, 0x0235, 0x0235, 0x0215, 0x0214, 0x01F3,
    0x01D2, 0x01B1, 0x0190, 0x016F, 0x118C, 0x116C, 0x118C, 0x116C, 0x096C, 0x016C, 0x012B, 0x01EE,
    0x02B1, 0x00EA, 0x9D78, 0x9D58, 0x5BB3, 0xF7DF, 0x63D4, 0xCEBC, 0xD6FC, 0x00CA, 0x0291, 0x018D,
    0x00E9, 0x00C9, 0x01AD, 0x020F, 0x00E9, 0x012A, 0x012B, 0x012B, 0x00EA, 0x02D2, 0x0376, 0x01D0,
    0x03B6, 0x02D3, 0x03B6, 0x02F4, 0x0314, 0x0293, 0x03B6, 0x092C, 0x116C, 0x094B, 0x116B, 0x112A,
    0x09CD, 0x0A90, 0x092A, 0x096B, 0x096B, 0x016C, 0x016C, 0x02B2, 0x03D6, 0x0293, 0x059B, 0x071F,
    0x06FF, 0x057A, 0x02B4, 0x03D6, 0x0291, 0x016D, 0x098C, 0x092A, 0x0908, 0x1108, 0x0907, 0x1907,
    0x2968, 0x3188, 0x3168, 0x2967, 0x2947, 0x2126, 0x18E6, 0x10C5, 0x10A5, 0x0884, 0x0063, 0x0043,
    0x0043, 0x0043, 0x0042, 0x0042, 0x0042, 0x0042, 0x0022, 0x0022, 0x0022, 0x0023, 0x0023, 0x0043,
    0x0044, 0x0045, 0x0066, 0x0066, 0x0066, 0x0025, 0x0065, 0x3188, 0x4A07, 0x49C6, 0x3144, 0x2104,
    0x2125, 0x2925, 0x18A3, 0x1063, 0x2905, 0x49C8, 0x628B, 0x6AED, 0x626B, 0x3966, 0x20E5, 0x0801,
    0x1844, 0x28A6, 0x1845, 0x1003, 0x0803, 0x1004, 0x1805, 0x2807, 0x3809, 0x580D, 0x8812, 0xC038,
    0xF0BC, 0xF03D, 0xF9FE, 0xF11F, 0xC81C, 0xA098, 0x6833, 0x60D1, 0x7231, 0xA3F5, 0xB438, 0x7AB1,
    0x410A, 0x72CE, 0x4189, 0x1844, 0x3167, 0x10C6, 0x00CA, 0x01F3, 0x0215, 0x0235, 0x0236, 0x0236,
    0x0235, 0x0215, 0x01F4, 0x01D3, 0x01D2, 0x0190, 0x0190, 0x016F, 0x116C, 0x118C, 0x118C, 0x116C,
    0x096B, 0x014B, 0x012B, 0x01EE, 0x02B1, 0x00EA, 0xEF9E, 0xEF7E, 0x6BF4, 0xFFFF, 0x6C14, 0xDF3D,
    0xE75E, 0x00A9, 0x0271, 0x018C, 0x00C9, 0x00C9, 0x018D, 0x01EE, 0x00C9, 0x010A, 0x010A, 0x012B,
    0x012B, 0x014D, 0x0498, 0x03F7, 0x053A, 0x0459, 0x0478, 0x04FA, 0x0479, 0x0499, 0x020F, 0x094C,
    0x096B, 0x094B, 0x094B, 0x092A, 0x01AD, 0x0291, 0x092A, 0x096B, 0x014B, 0x014B, 0x016C, 0x014C,
    0x010D, 0x05FC, 0x069E, 0x0355, 0x03B7, 0x06DF, 0x05DC, 0x012D, 0x016C, 0x118C, 0x116B, 0x0929,
    0x0928, 0x1128, 0x1107, 0x2148, 0x39C9, 0x41C8, 0x41C8, 0x3188, 0x2947, 0x2127, 0x1906, 0x10C5,
    0x08C5, 0x08A5, 0x0085, 0x0064, 0x0063, 0x0063, 0x0043, 0x0043, 0x0043, 0x0043, 0x0042, 0x0022,
    0x0022, 0x0023, 0x0043, 0x0044, 0x0044, 0x0045, 0x0045, 0x0045, 0x0065, 0x0065, 0x0045, 0x0024,
    0x0044, 0x2126, 0x49E8, 0x4A07, 0x3986, 0x2904, 0x2125, 0x2946, 0x20E4, 0x1063, 0x20A4, 0x3947,
    0x5A4A, 0x6AAC, 0x6AAC, 0x520A, 0x3927, 0x1864, 0x1002, 0x2065, 0x2045, 0x2025, 0x1805, 0x1805,
    0x2006, 0x3008, 0x400B, 0x680F, 0x8813, 0xB037, 0xD0B9, 0xB037, 0xE13C, 0xB9F8, 0x6011, 0x582F,
    0x484C, 0x6A0F, 0x620E, 0x8350, 0x7B10, 0xAC54, 0x624C, 0x2086, 0x41C9, 0x0045, 0x010C, 0x01F3,
    0x0215, 0x0235, 0x0236, 0x0236, 0x0215, 0x0214, 0x01F3, 0x01D2, 0x01B1, 0x01B0, 0x0190, 0x016F,
    0x116C, 0x118C, 0x118C, 0x118C, 0x096C, 0x014B, 0x012B, 0x01AD, 0x0354, 0x012C, 0x7C75, 0x7C55,
    0x3AB0, 0x9D37, 0x3A90, 0x7C76, 0x8475, 0x00EB, 0x02F2, 0x012B, 0x00E9, 0x00C9, 0x018D, 0x01EE,
    0x00C9, 0x010A, 0x010A, 0x010A, 0x012B, 0x00EB, 0x0250, 0x04D9, 0x0417, 0x0459, 0x0417, 0x0438,
    0x04BA, 0x0334, 0x010C, 0x016C, 0x094B, 0x094B, 0x094B, 0x010A, 0x01AD, 0x0270, 0x010A, 0x014B,
    0x014B, 0x014B, 0x014B, 0x016C, 0x016C, 0x0210, 0x01F1, 0x03D7, 0x03B6, 0x0211, 0x0250, 0x09AD,
    0x118C, 0x116B, 0x116B, 0x1129, 0x1128, 0x1928, 0x1928, 0x2968, 0x4A09, 0x5229, 0x49E9, 0x39A8,
    0x2967, 0x2127, 0x1906, 0x10E6, 0x10C6, 0x08C6, 0x08A6, 0x00A6, 0x00A5, 0x0085, 0x0084, 0x0064,
    0x0063, 0x0043, 0x0043, 0x0043, 0x0043, 0x0043, 0x0043, 0x0044, 0x0044, 0x0045, 0x0045, 0x0066,
    0x0065, 0x0045, 0x0045, 0x0044, 0x0044, 0x0003, 0x0003, 0x10A4, 0x3987, 0x5208, 0x41C6, 0x2925,
    0x2104, 0x2925, 0x2104, 0x1883, 0x1883, 0x28E5, 0x49C9, 0x628C, 0x6A8C, 0x520A, 0x3968, 0x28A5,
    0x1004, 0x3088, 0x2867, 0x2046, 0x2025, 0x2807, 0x3008, 0x3809, 0x400B, 0x500C, 0x600E, 0x7011,
    0x98F5, 0x78F1, 0x684F, 0xBA76, 0x71EF, 0x404A, 0x618C, 0x59CA, 0x5A2A, 0x624B, 0x7B0D, 0x28E5,
    0x3188, 0x0045, 0x010B, 0x01B2, 0x0235, 0x0236, 0x0236, 0x0235, 0x0235, 0x0215, 0x01F3, 0x01D2,
    0x01B1, 0x01B1, 0x018F, 0x016F, 0x198C, 0x19AC, 0x19AC, 0x118C, 0x096C, 0x096C, 0x016B, 0x012B,
    0x0291, 0x0353, 0x02B2, 0x0291, 0x0291, 0x0271, 0x02D1, 0x0271, 0x0291, 0x0333, 0x01CE, 0x00A9,
    0x00EA, 0x00C9, 0x018D, 0x01EE, 0x00C9, 0x00EA, 0x00EA, 0x00EA, 0x010A, 0x012B, 0x00EB, 0x01AF,
    0x03D6, 0x04B9, 0x04FA, 0x0458, 0x0210, 0x010B, 0x014C, 0x014B, 0x012B, 0x012B, 0x012B, 0x010A,
    0x018D, 0x0250, 0x010A, 0x014B, 0x012B, 0x014B, 0x014B, 0x014B, 0x016C, 0x012B, 0x0230, 0x079F,
    0x075F, 0x0230, 0x094C, 0x11AC, 0x198C, 0x198B, 0x196B, 0x1149, 0x1128, 0x1948, 0x2148, 0x31A9,
    0x522A, 0x524A, 0x41E9, 0x31A8, 0x2967, 0x1907, 0x1907, 0x10E6, 0x10E6, 0x08E6, 0x08C6, 0x08C6,
    0x08C6, 0x08C6, 0x08C6, 0x00A5, 0x0085, 0x0084, 0x0064, 0x0063, 0x0043, 0x0043, 0x0043, 0x0044,
    0x0045, 0x0065, 0x0065, 0x0065, 0x0065, 0x0065, 0x0045, 0x0044, 0x0044, 0x0043, 0x0043, 0x0023,
    0x0002, 0x0043, 0x2926, 0x4A08, 0x5A28, 0x3986, 0x2105, 0x2125, 0x2125, 0x18A4, 0x1043, 0x1884,
    0x3947, 0x5A2B, 0x6A8D, 0x6A8D, 0x49CA, 0x3908, 0x1023, 0x2026, 0x3047, 0x3028, 0x3028, 0x2807,
    0x3008, 0x3008, 0x3009, 0x380A, 0x380A, 0x480C, 0x506D, 0x69AE, 0x48CB, 0x890D, 0xA28E, 0x30E7,
    0x4908, 0x59CA, 0x1024, 0x3967, 0x18E6, 0x0066, 0x00EB, 0x01D2, 0x0236, 0x0236, 0x0236, 0x0236,
    0x0236, 0x0215, 0x01D3, 0x01B1, 0x01B1, 0x01B1, 0x0190, 0x016F, 0x21AC, 0x21CC, 0x19AC, 0x118C,
    0x116C, 0x096C, 0x014B, 0x014B, 0x094B, 0x012B, 0x014B, 0x016C, 0x016C, 0x11AD, 0x00CA, 0x096B,
    0x014C, 0x00C9, 0x08E9, 0x00C9, 0x00EA, 0x00C9, 0x018D, 0x01CE, 0x00A9, 0x00EA, 0x010A, 0x116C,
    0x00EA, 0x00EA, 0x012C, 0x094C, 0x092C, 0x096D, 0x09AF, 0x010C, 0x00EB, 0x014B, 0x09AD, 0x010B,
    0x094B, 0x014B, 0x010A, 0x010A, 0x018D, 0x0250, 0x010A, 0x014B, 0x012B, 0x094B, 0x094B, 0x094B,
    0x096B, 0x098C, 0x098D, 0x03F6, 0x0416, 0x098D, 0x118C, 0x118B, 0x198B, 0x198B, 0x196A, 0x1129,
    0x1128, 0x1948, 0x2968, 0x39C9, 0x4A2A, 0x4A09, 0x41C8, 0x3188, 0x2148, 0x1907, 0x10E7, 0x10E6,
    0x10E6, 0x08E7, 0x08E7, 0x08E7, 0x08E7, 0x08E7, 0x08E7, 0x08C7, 0x08C7, 0x00C6, 0x00A6, 0x0085,
    0x0064, 0x0044, 0x0044, 0x0044, 0x0045, 0x0065, 0x0065, 0x0065, 0x0065, 0x0065, 0x0045, 0x0044,
    0x0044, 0x0023, 0x0023, 0x0023, 0x0043, 0x0023, 0x0002, 0x0002, 0x18E5, 0x41E8, 0x5228, 0x41A7,
    0x2905, 0x2105, 0x2125, 0x20C4, 0x1043, 0x1844, 0x3107, 0x49CA, 0x624C, 0x6A4D, 0x51EB, 0x494A,
    0x2866, 0x1805, 0x3869, 0x2847, 0x3048, 0x2827, 0x2807, 0x2807, 0x2006, 0x2006, 0x2006, 0x2006,
    0x3048, 0x516B, 0x5A0B, 0x30A7, 0xA20C, 0x82CC, 0x1864, 0x41EA, 0x0085, 0x0087, 0x00EB, 0x01D2,
    0x0236, 0x0215, 0x0235, 0x0215, 0x0215, 0x01F4, 0x01F4, 0x01B2, 0x0191, 0x0190, 0x016F, 0x014E,
    0x29CD, 0x21CD, 0x21CD, 0x19AC, 0x118C, 0x096C, 0x012B, 0x220D, 0x9517, 0x63B2, 0x5330, 0x6BF3,
    0x5351, 0x8CB5, 0x6392, 0x7C54, 0x6BB2, 0x8474, 0x7413, 0x00C9, 0x00E9, 0x00A9, 0x018D, 0x01CE,
    0x00A9, 0x00C9, 0x8C95, 0x7413, 0x8CB6, 0x5B93, 0x7414, 0x42D0, 0x9537, 0x8CF7, 0x7434, 0x8CD6,
    0x4B31, 0x9D57, 0x94F7, 0x8496, 0x6BF3, 0x7C54, 0x118C, 0x00EA, 0x018D, 0x0230, 0x010A, 0x012B,
    0x012A, 0x010A, 0x00C9, 0x010A, 0x010A, 0x00E9, 0x012B, 0x00AA, 0x00A9, 0x092B, 0x00EA, 0x092A,
    0x08E9, 0x00E8, 0x1149, 0x1149, 0x1949, 0x1948, 0x2989, 0x39C9, 0x4A09, 0x4209, 0x39C9, 0x2948,
    0x2147, 0x1107, 0x10E6, 0x08C6, 0x08C6, 0x08E7, 0x08E7, 0x08E7, 0x08E7, 0x08E7, 0x08E7, 0x08E7,
    0x08E7, 0x08E8, 0x00C7, 0x00C7, 0x00A7, 0x0086, 0x0065, 0x0065, 0x0065, 0x0065, 0x0066, 0x0066,
    0x0045, 0x0065, 0x0044, 0x0044, 0x0044, 0x0023, 0x0023, 0x0023, 0x0023, 0x0023, 0x0043, 0x0043,
    0x0002, 0x0002, 0x0863, 0x3146, 0x4A08, 0x49C7, 0x3125, 0x20C4, 0x2105, 0x2105, 0x1863, 0x1023,
    0x2085, 0x4169, 0x5A0C, 0x6A4D, 0x622D, 0x51AB, 0x38E8, 0x1824, 0x2827, 0x3048, 0x3048, 0x2026,
    0x1805, 0x1805, 0x1805, 0x1805, 0x1805, 0x2045, 0x2066, 0x30C7, 0x51E9, 0x6AAC, 0x41A8, 0x3188,
    0x0045, 0x00A7, 0x00EB, 0x01B2, 0x0215, 0x0215, 0x0215, 0x0214, 0x0215, 0x01F4, 0x01D3, 0x01B1,
    0x0191, 0x016F, 0x014F, 0x014E, 0x29ED, 0x29ED, 0x21CC, 0x19AC, 0x118C, 0x116C, 0x010A, 0x3AAF,
    0x84B6, 0x84B6, 0xC63A, 0xB5D9, 0x8C95, 0x5B71, 0xD6BC, 0x6392, 0x7C34, 0x94D6, 0x9D37, 0x114B,
    0x00C9, 0x00A9, 0x016C, 0x01CE, 0x00C9, 0x00EA, 0xB5B8, 0x6BB2, 0xAD78, 0xC65B, 0x7C34, 0x19CD,
    0x7455, 0x8CB5, 0x7C34, 0xAD99, 0xBE1A, 0xBDF9, 0x9D37, 0x8C95, 0x6C14, 0x8495, 0x2A4E, 0x00C9,
    0x018D, 0x0230, 0x010A, 0x014B, 0x010A, 0x2A2D, 0x7434, 0x5331, 0x42CF, 0x7413, 0x3A8E, 0x7454,
    0x63B2, 0x324E, 0x7C54, 0x42AF, 0x5B71, 0x6BB2, 0x1149, 0x1149, 0x1949, 0x2169, 0x31A9, 0x41EA,
    0x4A2A, 0x41E9, 0x3188, 0x2148, 0x2148, 0x1907, 0x10E7, 0x08E6, 0x08C6, 0x08C7, 0x08E7, 0x08E7,
    0x0908, 0x08E8, 0x08E8, 0x08E8, 0x08E8, 0x08E8, 0x00E8, 0x00E8, 0x00E8, 0x00E8, 0x00E9, 0x00C8,
    0x00A7, 0x0086, 0x0066, 0x0067, 0x0066, 0x0045, 0x0045, 0x0044, 0x0044, 0x0023, 0x0023, 0x0023,
    0x0023, 0x0023, 0x0023, 0x0023, 0x0023, 0x0022, 0x0022, 0x0002, 0x0022, 0x20E4, 0x41C7, 0x5208,
    0x4187, 0x20E4, 0x18E4, 0x2105, 0x20C5, 0x1043, 0x1845, 0x3908, 0x51CB, 0x622D, 0x6A2D, 0x59CC,
    0x494A, 0x1845, 0x1804, 0x3087, 0x2867, 0x2046, 0x1004, 0x1004, 0x1825, 0x2886, 0x28A5, 0x28C5,
    0x30E6, 0x3948, 0x3987, 0x2126, 0x0045, 0x00C8, 0x010C, 0x0191, 0x01F3, 0x0215, 0x0236, 0x0235,
    0x0214, 0x01D3, 0x01B2, 0x0191, 0x0190, 0x016F, 0x014F, 0x014E, 0x320D, 0x31ED, 0x29CC, 0x19AC,
    0x118C, 0x116B, 0x014B, 0x11AC, 0x63D3, 0x42CF, 0x328F, 0x220E, 0x63B2, 0x5B71, 0x0909, 0x5330,
    0x42F0, 0x324E, 0x5B50, 0x00C9, 0x00C9, 0x00A9, 0x016C, 0x01AE, 0x00C9, 0x00EA, 0x5330, 0x5B51,
    0x324E, 0x324F, 0x220E, 0x014C, 0x21ED, 0x326F, 0x5351, 0x324E, 0x222F, 0x42F0, 0x324E, 0x0089,
    0x5B71, 0x5331, 0x010A, 0x010A, 0x018C, 0x0230, 0x0109, 0x014B, 0x00A9, 0x5B92, 0xBE19, 0x4AAF,
    0xAD98, 0x9517, 0x5B71, 0x9D37, 0xA598, 0x7C53, 0x7433, 0x9D16, 0x3A6E, 0xADB8, 0x428D, 0x08E8,
    0x1949, 0x2169, 0x31A9, 0x39C9, 0x41E9, 0x39C9, 0x31A9, 0x2968, 0x1927, 0x1107, 0x10E7, 0x08E7,
    0x08C7, 0x08E7, 0x08E7, 0x08E7, 0x0908, 0x0908, 0x0908, 0x0908, 0x08E8, 0x00E8, 0x00E9, 0x0109,
    0x010A, 0x0109, 0x00E9, 0x00C9, 0x010B, 0x00EA, 0x00C9, 0x00A8, 0x0087, 0x0066, 0x0045, 0x0044,
    0x0044, 0x0044, 0x0043, 0x0023, 0x0023, 0x0023, 0x0023, 0x0023, 0x0022, 0x0022, 0x0022, 0x0022,
    0x0022, 0x0002, 0x0001, 0x1083, 0x3987, 0x5228, 0x41A7, 0x28E5, 0x20C5, 0x1884, 0x18A4, 0x1864,
    0x1824, 0x28A6, 0x4169, 0x5A0C, 0x622D, 0x59EC, 0x498A, 0x3908, 0x0802, 0x3087, 0x2086, 0x0001,
    0x1003, 0x1004, 0x3927, 0x51C8, 0x20A5, 0x1043, 0x41C8, 0x08A5, 0x0065, 0x00A7, 0x00EA, 0x0190,
    0x0214, 0x0215, 0x0214, 0x0214, 0x0214, 0x01F3, 0x01D2, 0x01B1, 0x0190, 0x014E, 0x014E, 0x014D,
    0x3A2D, 0x320C, 0x29CC, 0x19AC, 0x118B, 0x116B, 0x094B, 0x11AC, 0x5B91, 0x21ED, 0x19ED, 0x63B3,
    0x00C9, 0x322D, 0x6371, 0x42D0, 0x3A8F, 0x324D, 0x4ACF, 0x090A, 0x00C9, 0x00C9, 0x010B, 0x012B,
    0x00C9, 0x00EA, 0x0089, 0x00A9, 0x00CA, 0x00A9, 0x4AF0, 0x42D0, 0x42AF, 0x42F0, 0x11AC, 0x2A2E,
    0x19EE, 0x096C, 0x00EA, 0x012B, 0x00C9, 0x00C9, 0x012A, 0x010A, 0x012B, 0x016C, 0x010A, 0x014A,
    0x00A8, 0x5B71, 0xB5F9, 0x42D0, 0x5310, 0x9516, 0xA578, 0xB5D8, 0x7413, 0x324E, 0x63B2, 0x94F5,
    0x5310, 0x94F6, 0x1129, 0x1129, 0x1969, 0x2169, 0x3189, 0x39C9, 0x39C9, 0x31A9, 0x2968, 0x2148,
    0x1907, 0x1107, 0x10E7, 0x08E7, 0x08E7, 0x08E7, 0x08E7, 0x08E8, 0x0908, 0x08E8, 0x0908, 0x0909,
    0x0909, 0x0909, 0x0109, 0x010A, 0x010A, 0x010A, 0x010B, 0x010B, 0x012C, 0x012C, 0x012C, 0x010C,
    0x00EB, 0x00A9, 0x0086, 0x0065, 0x0044, 0x0044, 0x0043, 0x0023, 0x0023, 0x0023, 0x0023, 0x0022,
    0x0023, 0x0022, 0x0022, 0x0022, 0x0022, 0x0022, 0x0022, 0x0002, 0x0001, 0x0022, 0x2925, 0x49E8,
    0x5208, 0x3126, 0x20C4, 0x20E5, 0x20E5, 0x1884, 0x1024, 0x2065, 0x30E7, 0x51AA, 0x622D, 0x622D,
    0x51EB, 0x4189, 0x20A5, 0x18C4, 0x1063, 0x0802, 0x1003, 0x1023, 0x0822, 0x3146, 0x4A2A, 0x0024,
    0x0065, 0x0087, 0x00EA, 0x016F, 0x01D2, 0x01F3, 0x0214, 0x0214, 0x01F3, 0x01D3, 0x01B2, 0x01B0,
    0x016F, 0x014E, 0x012D, 0x010C, 0x422D, 0x3A0D, 0x29CC, 0x21AC, 0x118B, 0x116B, 0x00EA, 0x42CF,
    0x7C95, 0x9537, 0xA537, 0x5B50, 0x6BD2, 0x324E, 0x94F6, 0x7C13, 0x8C95, 0xA537, 0x8495, 0x00EA,
    0x00C9, 0x00E9, 0x00C9, 0x00C9, 0x00E9, 0x00EA, 0x00EA, 0x00EA, 0x00EA, 0x092A, 0xAD98, 0xA578,
    0xBE3A, 0x6371, 0x7414, 0xB5D9, 0x7413, 0x19CC, 0x00EA, 0x012B, 0x012B, 0x012A, 0x010A, 0x010A,
    0x010A, 0x010A, 0x012A, 0x012A, 0x00E9, 0x3AAE, 0x9D37, 0x6BD2, 0x73F3, 0x8CD5, 0x6BD2, 0x5B71,
    0x0067, 0x4ACE, 0x9D16, 0x6BD3, 0xA578, 0x94F5, 0x29EC, 0x1129, 0x1969, 0x2169, 0x2989, 0x31A9,
    0x39A9, 0x2989, 0x2968, 0x2148, 0x1928, 0x1107, 0x1107, 0x08E7, 0x08E7, 0x08E8, 0x08E8, 0x08E8,
    0x0908, 0x0908, 0x0908, 0x0909, 0x0909, 0x0109, 0x010A, 0x010A, 0x010A, 0x010B, 0x012C, 0x012C,
    0x014D, 0x014E, 0x016F, 0x014E, 0x012D, 0x012C, 0x00EA, 0x00C9, 0x0087, 0x0065, 0x0044, 0x0043,
    0x0043, 0x0043, 0x0023, 0x0023, 0x0023, 0x0023, 0x0022, 0x0022, 0x0022, 0x0022, 0x0022, 0x0022,
    0x0022, 0x0002, 0x0001, 0x0001, 0x18A4, 0x41C7, 0x5A49, 0x41A8, 0x28E5, 0x20C5, 0x2105, 0x20C5,
    0x1044, 0x1844, 0x28C6, 0x4189, 0x5A4C, 0x3968, 0x0803, 0x1024, 0x1063, 0x18A4, 0x1083, 0x0822,
    0x0001, 0x3967, 0x3188, 0x0003, 0x0065, 0x00A7, 0x010B, 0x014F, 0x0191, 0x01D2, 0x01D3, 0x0214,
    0x01F3, 0x01D2, 0x0190, 0x0170, 0x016F, 0x014E, 0x012D, 0x010C, 0x4A4D, 0x3A2D, 0x29CC, 0x21AC,
    0x198B, 0x116B, 0x010A, 0x326E, 0x9517, 0x7413, 0x7413, 0x8474, 0x3AD0, 0x118C, 0x6391, 0x3A4D,
    0x9D16, 0x9D37, 0x7C54, 0x092B, 0x00C9, 0x00E9, 0x00E9, 0x00EA, 0x00EA, 0x00EA, 0x00EA, 0x00EA,
    0x00EA, 0x092A, 0x8495, 0x7434, 0x94F6, 0x7434, 0x8495, 0x8475, 0x9D17, 0x6BD3, 0x092B, 0x010A,
    0x010A, 0x010A, 0x010A, 0x010A, 0x010A, 0x012A, 0x012A, 0x012A, 0x092A, 0x092A, 0x0929, 0x114A,
    0x0909, 0x114A, 0x08E9, 0x112A, 0x198A, 0x0909, 0x1129, 0x0909, 0x0909, 0x1129, 0x1149, 0x1949,
    0x1949, 0x2169, 0x2989, 0x31A9, 0x3189, 0x2989, 0x2969, 0x2148, 0x1928, 0x1108, 0x0908, 0x08E8,
    0x08E8, 0x0908, 0x08E8, 0x0908, 0x0908, 0x0909, 0x0909, 0x0909, 0x0909, 0x0109, 0x010A, 0x012B,
    0x012B, 0x012C, 0x012C, 0x012D, 0x016F, 0x0190, 0x0190, 0x016F, 0x014E, 0x014D, 0x010C, 0x00EA,
    0x00A8, 0x00A8, 0x0087, 0x0065, 0x0065, 0x0044, 0x0043, 0x0043, 0x0023, 0x0023, 0x0022, 0x0022,
    0x0022, 0x0022, 0x0022, 0x0022, 0x0022, 0x0022, 0x0022, 0x0022, 0x0001, 0x0001, 0x0842, 0x3166,
    0x5A29, 0x51E8, 0x3126, 0x20A4, 0x18C4, 0x20E5, 0x1884, 0x1044, 0x1885, 0x1844, 0x1004, 0x1843,
    0x20A4, 0x3946, 0x20E4, 0x18A5, 0x1864, 0x522A, 0x10C5, 0x0024, 0x0086, 0x00A8, 0x00EA, 0x012E,
    0x0191, 0x01F3, 0x01F3, 0x01D3, 0x01D2, 0x01D2, 0x01B1, 0x0190, 0x016E, 0x014D, 0x012C, 0x00EB,
    0x424D, 0x3A0C, 0x31CC, 0x21AC, 0x198B, 0x116B, 0x094B, 0x096B, 0x21ED, 0x0109, 0x012A, 0x21ED,
    0x00EA, 0x012A, 0x010A, 0x094B, 0x118C, 0x092A, 0x19CC, 0x010A, 0x00EA, 0x00EA, 0x00EA, 0x00EA,
    0x00EA, 0x00EA, 0x00EA, 0x00EA, 0x00EA, 0x010A, 0x010A, 0x012B, 0x118C, 0x19ED, 0x014B, 0x00EA,
    0x11AC, 0x21ED, 0x012B, 0x010A, 0x012A, 0x010A, 0x010A, 0x010A, 0x010A, 0x012A, 0x012A, 0x092A,
    0x092A, 0x114A, 0x114A, 0x114A, 0x194A, 0x196A, 0x196A, 0x196A, 0x194A, 0x196A, 0x196A, 0x194A,
    0x114A, 0x114A, 0x1149, 0x1949, 0x1949, 0x2169, 0x2989, 0x31A9, 0x2989, 0x2989, 0x2169, 0x2148,
    0x1928, 0x1108, 0x1108, 0x0908, 0x0908, 0x0908, 0x0908, 0x0908, 0x0909, 0x0909, 0x0909, 0x0909,
    0x0909, 0x0109, 0x010A, 0x012B, 0x012C, 0x014D, 0x014D, 0x012D, 0x016F, 0x01B1, 0x0190, 0x01B1,
    0x0190, 0x014E, 0x012D, 0x00EA, 0x00CA, 0x00C9, 0x00C8, 0x00C8, 0x00A7, 0x0086, 0x0065, 0x0044,
    0x0043, 0x0023, 0x0023, 0x0023, 0x0023, 0x0023, 0x0022, 0x0022, 0x0022, 0x0022, 0x0022, 0x0022,
    0x0022, 0x0022, 0x0002, 0x0001, 0x0001, 0x20E4, 0x49E8, 0x51E8, 0x3946, 0x20A4, 0x18C4, 0x2105,
    0x2906, 0x28C6, 0x0802, 0x8BCF, 0x9C10, 0x9BEE, 0x72EC, 0x1044, 0x3167, 0x5AAC, 0x0023, 0x0065,
    0x0085, 0x00A8, 0x00EA, 0x014E, 0x0191, 0x01D3, 0x01F3, 0x01B2, 0x01B1, 0x01B2, 0x0191, 0x0190,
    0x014E, 0x012C, 0x010C, 0x010C, 0x0A33, 0x1210, 0x19EE, 0x21AC, 0x198B, 0x116B, 0x114B, 0x094B,
    0x010A, 0x012A, 0x012A, 0x00EA, 0x012A, 0x010A, 0x00EA, 0x00EA, 0x00C9, 0x00EA, 0x00C9, 0x00EA,
    0x00EA, 0x00EA, 0x00EA, 0x00EA, 0x00EA, 0x00EA, 0x00EA, 0x00EA, 0x00EA, 0x00EA, 0x010A, 0x010A,
    0x010A, 0x00EA, 0x012B, 0x012B, 0x010A, 0x00EA, 0x012A, 0x012A, 0x012A, 0x012A, 0x010A, 0x012A,
    0x012A, 0x012A, 0x092A, 0x092A, 0x114A, 0x114A, 0x114A, 0x194A, 0x196A, 0x196A, 0x196A, 0x196A,
    0x196A, 0x196A, 0x196A, 0x196A, 0x1949, 0x1969, 0x1949, 0x1949, 0x2169, 0x2169, 0x2989, 0x3189,
    0x3189, 0x2989, 0x2169, 0x1948, 0x1928, 0x1128, 0x1108, 0x0909, 0x0909, 0x0909, 0x0909, 0x0909,
    0x0909, 0x0909, 0x0909, 0x0909, 0x090A, 0x010A, 0x010A, 0x012B, 0x012C, 0x014D, 0x014E, 0x016F,
    0x01B1, 0x01D2, 0x01B1, 0x01D2, 0x0190, 0x016E, 0x014E, 0x010B, 0x010A, 0x00EA, 0x00E9, 0x00C9,
    0x00C8, 0x00C8, 0x00A7, 0x0086, 0x0065, 0x0044, 0x0043, 0x0043, 0x0043, 0x0023, 0x0023, 0x0022,
    0x0022, 0x0022, 0x0022, 0x0022, 0x0022, 0x0022, 0x0022, 0x0022, 0x0022, 0x0001, 0x0001, 0x0863,
    0x3166, 0x49E8, 0x41A7, 0x2905, 0x41A9, 0x526B, 0x41C8, 0xB534, 0xDE38, 0xD617, 0x9C0F, 0x20E4,
    0x2926, 0x4209, 0x0003, 0x0085, 0x0085, 0x00A7, 0x00EB, 0x014E, 0x0190, 0x01D2, 0x01B2, 0x01F3,
    0x01D2, 0x0191, 0x016F, 0x014E, 0x014E, 0x012D, 0x012C, 0x010B, 0x01AF, 0x0213, 0x0254, 0x0233,
    0x0A11, 0x09AE, 0x096C, 0x094B, 0x094A, 0x092A, 0x012A, 0x012A, 0x010A, 0x010A, 0x010A, 0x010A,
    0x010A, 0x010A, 0x010A, 0x00EA, 0x00EA, 0x00EA, 0x00EA, 0x00EA, 0x00EA, 0x00EA, 0x00EA, 0x00EA,
    0x010A, 0x010A, 0x010A, 0x010A, 0x012B, 0x012B, 0x012B, 0x012B, 0x012B, 0x012A, 0x012A, 0x012A,
    0x012A, 0x012A, 0x012A, 0x012A, 0x0129, 0x012A, 0x0929, 0x0929, 0x114A, 0x1149, 0x1949, 0x1969,
    0x2169, 0x2169, 0x2169, 0x216A, 0x216A, 0x216A, 0x216A, 0x1969, 0x1969, 0x1969, 0x1969, 0x1969,
    0x2169, 0x2169, 0x2169, 0x2989, 0x2989, 0x2169, 0x2149, 0x1949, 0x1129, 0x1129, 0x1129, 0x0929,
    0x0929, 0x0909, 0x0909, 0x0909, 0x0909, 0x0909, 0x0909, 0x0909, 0x010A, 0x010A, 0x012B, 0x012B,
    0x012C, 0x014D, 0x016F, 0x018F, 0x0190, 0x01B2, 0x01D3, 0x01D2, 0x0190, 0x016F, 0x014E, 0x012D,
    0x010C, 0x010B, 0x00E9, 0x00E9, 0x00E9, 0x00C8, 0x00C8, 0x00C8, 0x00A7, 0x0086, 0x0085, 0x0064,
    0x0044, 0x0043, 0x0043, 0x0023, 0x0023, 0x0022, 0x0022, 0x0022, 0x0022, 0x0022, 0x0022, 0x0022,
    0x0022, 0x0022, 0x0022, 0x0001, 0x0001, 0x0022, 0x2105, 0x41C8, 0x5A2A, 0x3987, 0x3147, 0x5229,
    0x83AE, 0xB576, 0x7B8E, 0x1043, 0x4A2A, 0x2126, 0x0024, 0x0085, 0x0086, 0x00A7, 0x00EB, 0x014E,
    0x016F, 0x01B1, 0x01B2, 0x01B2, 0x01B2, 0x0170, 0x014E, 0x014E, 0x014E, 0x014E, 0x010C, 0x010B,
    0x0085, 0x00C7, 0x014B, 0x01AF, 0x0233, 0x0254, 0x0233, 0x01F1, 0x01AF, 0x016C, 0x012A, 0x010A,
    0x010A, 0x010A, 0x010A, 0x010A, 0x010A, 0x010A, 0x010A, 0x00EA, 0x00EA, 0x00EA, 0x010A, 0x010A,
    0x00EA, 0x00EA, 0x010A, 0x010A, 0x010A, 0x010A, 0x010A, 0x012A, 0x012B, 0x012B, 0x012B, 0x012A,
    0x012A, 0x012A, 0x012A, 0x012A, 0x012A, 0x012A, 0x012A, 0x0129, 0x0109, 0x0929, 0x0929, 0x1129,
    0x1149, 0x1949, 0x1969, 0x1969, 0x2169, 0x2169, 0x2169, 0x2169, 0x2169, 0x2169, 0x2169, 0x1969,
    0x1969, 0x1969, 0x1969, 0x1969, 0x2169, 0x2169, 0x2169, 0x2969, 0x2969, 0x2169, 0x1949, 0x1949,
    0x1129, 0x1129, 0x1129, 0x0929, 0x0929, 0x092A, 0x0909, 0x0909, 0x0909, 0x090A, 0x090A, 0x090A,
    0x010A, 0x010A, 0x012B, 0x012C, 0x014C, 0x014D, 0x016F, 0x018F, 0x01B1, 0x01D3, 0x0214, 0x01D2,
    0x01D2, 0x016F, 0x016E, 0x014D, 0x012C, 0x010B, 0x00EA, 0x00E9, 0x00E9, 0x00E9, 0x00C9, 0x00C8,
    0x00C7, 0x00A7, 0x00A6, 0x0086, 0x0086, 0x0085, 0x0064, 0x0043, 0x0043, 0x0043, 0x0023, 0x0022,
    0x0022, 0x0022, 0x0022, 0x0022, 0x0002, 0x0022, 0x0002, 0x0022, 0x0022, 0x0002, 0x0001, 0x0001,
    0x2926, 0x628B, 0x5229, 0x3966, 0x3125, 0x2925, 0x4A29, 0x526B, 0x6B0D, 0x0064, 0x0064, 0x0085,
    0x0086, 0x00A8, 0x00EA, 0x010C, 0x0170, 0x01B1, 0x0190, 0x0190, 0x0190, 0x016F, 0x014F, 0x014E,
    0x014E, 0x012D, 0x010B, 0x010B, 0x0085, 0x0085, 0x0064, 0x0085, 0x00C7, 0x012B, 0x01AF, 0x0212,
    0x0254, 0x0234, 0x0212, 0x01AF, 0x014C, 0x010B, 0x00EA, 0x00EA, 0x010A, 0x010A, 0x010A, 0x010A,
    0x010A, 0x00EA, 0x010A, 0x010A, 0x00EA, 0x010A, 0x010A, 0x010A, 0x010A, 0x010A, 0x010A, 0x012B,
    0x012B, 0x012B, 0x012B, 0x012A, 0x012A, 0x012A, 0x012A, 0x012A, 0x012A, 0x012A, 0x0129, 0x0129,
    0x0129, 0x0929, 0x0929, 0x1129, 0x1149, 0x1949, 0x1969, 0x2169, 0x2169, 0x2169, 0x2169, 0x2169,
    0x2169, 0x2169, 0x2169, 0x2169, 0x2169, 0x1969, 0x1969, 0x1949, 0x1969, 0x2169, 0x2169, 0x2169,
    0x2169, 0x2169, 0x1969, 0x1949, 0x1129, 0x1129, 0x1129, 0x0929, 0x092A, 0x092A, 0x0909, 0x0909,
    0x0909, 0x090A, 0x090A, 0x012A, 0x010A, 0x012B, 0x012B, 0x014C, 0x014D, 0x014E, 0x016E, 0x0190,
    0x01D2, 0x01F3, 0x01D3, 0x01F3, 0x01D2, 0x018F, 0x016E, 0x012D, 0x012C, 0x010B, 0x00EA, 0x00EA,
    0x00E9, 0x00E9, 0x00C8, 0x00C8, 0x00C7, 0x00C7, 0x00A7, 0x00A6, 0x00A6, 0x00A6, 0x0086, 0x0085,
    0x0085, 0x0064, 0x0043, 0x0043, 0x0043, 0x0023, 0x0022, 0x0022, 0x0022, 0x0022, 0x0022, 0x0022,
    0x0022, 0x0022, 0x0022, 0x0001, 0x39A8, 0x628C, 0x732E, 0x6ACC, 0x5A8B, 0x5A8B, 0x49E8, 0x4A09,
    0x3187, 0x0043, 0x0065, 0x0085, 0x0086, 0x00A8, 0x00EA, 0x010C, 0x014E, 0x0190, 0x0190, 0x0190,
    0x0190, 0x0190, 0x016F, 0x014F, 0x012C, 0x012D, 0x012C, 0x010B, 0x0085, 0x0085, 0x0085, 0x0085,
    0x0085, 0x0064, 0x0085, 0x00C8, 0x014B, 0x01AF, 0x0233, 0x0255, 0x0254, 0x0212, 0x01AF, 0x014D,
    0x010B, 0x00EA, 0x00EA, 0x010A, 0x010B, 0x010A, 0x010A, 0x010A, 0x010A, 0x010A, 0x010A, 0x010A,
    0x010A, 0x010A, 0x012B, 0x012B, 0x012B, 0x012B, 0x012B, 0x012A, 0x012A, 0x012A, 0x012A, 0x012A,
    0x012A, 0x012A, 0x0129, 0x0129, 0x0929, 0x0929, 0x0929, 0x1129, 0x1149, 0x1949, 0x1949, 0x2169,
    0x2169, 0x2169, 0x2169, 0x2169, 0x2169, 0x2169, 0x2169, 0x2169, 0x2169, 0x1969, 0x1969, 0x1969,
    0x1949, 0x1949, 0x2169, 0x2169, 0x2169, 0x1949, 0x1949, 0x1149, 0x1149, 0x1129, 0x112A, 0x092A,
    0x092A, 0x092A, 0x090A, 0x090A, 0x090A, 0x090A, 0x090A, 0x012A, 0x012B, 0x010A, 0x012B, 0x014C,
    0x014E, 0x016E, 0x018F, 0x0190, 0x01D2, 0x01F3, 0x0214, 0x01F3, 0x01D1, 0x01B0, 0x016E, 0x014D,
    0x012C, 0x010B, 0x00EA, 0x00EA, 0x00EA, 0x00E9, 0x00C8, 0x00C8, 0x00C8, 0x00C7, 0x00C7, 0x00A7,
    0x00A6, 0x00A6, 0x00A6, 0x00A6, 0x00A6, 0x0085, 0x0085, 0x0065, 0x0064, 0x0043, 0x0043, 0x0023,
    0x0022, 0x0022, 0x0022, 0x0022, 0x0022, 0x0022, 0x0001, 0x0863, 0x524B, 0x62CC, 0x62CC, 0x62CC,
    0x6AED, 0x838F, 0x4A29, 0x4A07, 0x18E5, 0x0044, 0x0085, 0x0086, 0x00A6, 0x00A7, 0x010A, 0x012D,
    0x014E, 0x016F, 0x0191, 0x0191, 0x0190, 0x016F, 0x016F, 0x014E, 0x014D, 0x012D, 0x010C, 0x010B,
    0x0085, 0x0085, 0x0085, 0x0085, 0x0085, 0x0085, 0x0085, 0x0085, 0x0085, 0x0085, 0x00C7, 0x014B,
    0x01D0, 0x0254, 0x0276, 0x0275, 0x0213, 0x01AF, 0x014D, 0x010B, 0x00EA, 0x00EA, 0x010A, 0x010A,
    0x010A, 0x010A, 0x010A, 0x010A, 0x010A, 0x010A, 0x012B, 0x012B, 0x012B, 0x012B, 0x012B, 0x012A,
    0x012A, 0x012A, 0x012A, 0x012A, 0x012A, 0x0129, 0x0129, 0x0129, 0x0929, 0x0929, 0x0929, 0x1129,
    0x1149, 0x1949, 0x1949, 0x1969, 0x2169, 0x2169, 0x2169, 0x2169, 0x2169, 0x2169, 0x2169, 0x2169,
    0x196A, 0x1969, 0x1969, 0x1949, 0x1949, 0x1949, 0x2169, 0x2169, 0x2169, 0x1949, 0x1949, 0x1149,
    0x114A, 0x114A, 0x092A, 0x092A, 0x092A, 0x092A, 0x092A, 0x092A, 0x090A, 0x090A, 0x090A, 0x012A,
    0x012B, 0x012B, 0x012B, 0x014C, 0x016D, 0x018F, 0x01B1, 0x01D1, 0x01D2, 0x0214, 0x0235, 0x0213,
    0x01D1, 0x01B0, 0x018F, 0x014D, 0x012C, 0x010B, 0x010B, 0x010A, 0x00EA, 0x00E9, 0x00E8, 0x00C8,
    0x00C8, 0x00C8, 0x00C7, 0x00C7, 0x00A7, 0x00A6, 0x00A6, 0x00A6, 0x0086, 0x0086, 0x00A6, 0x00A6,
    0x0085, 0x0085, 0x0064, 0x0064, 0x0043, 0x0043, 0x0023, 0x0022, 0x0022, 0x0022, 0x0001, 0x0842,
    0x524A, 0x6AED, 0x5A8B, 0x5A8B, 0x732E, 0x8BF1, 0x0043, 0x0043, 0x0064, 0x0065, 0x0085, 0x0086,
    0x00A6, 0x00A8, 0x00EA, 0x012C, 0x014E, 0x018F, 0x01B0, 0x01B1, 0x0190, 0x016F, 0x016F, 0x016E,
    0x014E, 0x014D, 0x012C, 0x012C, 0x0085, 0x0085, 0x0085, 0x0085, 0x0085, 0x0085, 0x0085, 0x0085,
    0x0085, 0x0085, 0x0085, 0x0084, 0x0085, 0x00E8, 0x016D, 0x0212, 0x0275, 0x0296, 0x0275, 0x0233,
    0x01B0, 0x014D, 0x010B, 0x010B, 0x010B, 0x010A, 0x010A, 0x010A, 0x010A, 0x010A, 0x012B, 0x012B,
    0x012B, 0x012B, 0x012B, 0x012A, 0x012A, 0x012A, 0x012A, 0x012A, 0x012A, 0x0129, 0x0129, 0x0129,
    0x0929, 0x0929, 0x0929, 0x0929, 0x1149, 0x1949, 0x1949, 0x1949, 0x2169, 0x2169, 0x2169, 0x2169,
    0x2169, 0x2169, 0x2169, 0x2169, 0x196A, 0x1969, 0x1969, 0x1949, 0x1949, 0x1949, 0x1949, 0x1949,
    0x1949, 0x1949, 0x1949, 0x1149, 0x114A, 0x114A, 0x094A, 0x092A, 0x092A, 0x092A, 0x092A, 0x092A,
    0x092A, 0x092A, 0x010A, 0x010A, 0x012B, 0x012B, 0x012B, 0x014C, 0x014D, 0x018F, 0x01B1, 0x01D2,
    0x01F3, 0x0234, 0x0256, 0x0213, 0x01D1, 0x0190, 0x016F, 0x014D, 0x012C, 0x012C, 0x010B, 0x010A,
    0x00EA, 0x00E9, 0x00E9, 0x00C8, 0x00C8, 0x00C8, 0x00C7, 0x00C7, 0x00C7, 0x00A7, 0x00A6, 0x00A6,
    0x0086, 0x00A6, 0x00A6, 0x00A6, 0x00A6, 0x00A6, 0x0085, 0x0085, 0x0085, 0x0064, 0x0044, 0x0043,
    0x0043, 0x0022, 0x0022, 0x0000, 0x39A8, 0x6AED, 0x5A8B, 0x62AB, 0x9411, 0x524A, 0x0001, 0x0043,
    0x0064, 0x0085, 0x0085, 0x0086, 0x00A7, 0x00C8, 0x00E9, 0x012C, 0x016E, 0x0190, 0x01B1, 0x01B1,
    0x01B1, 0x0190, 0x016F, 0x016E, 0x014D, 0x012C, 0x012C, 0x012C
};
